row_index,dialogue_id,source_key,target_key,outer_fold,audio_score_diff_bits,visual_score_diff_bits,fused_score_diff_bits
0,0,0_0,0_1,3,0.12380085393048357,0.09167111803914074,0.146629258512867
1,0,0_1,0_2,3,-0.009006826487225839,-0.0003243025994974502,-0.0044821591436630115
2,1,1_0,1_1,4,0.033581401010728484,-0.150908880218108,-0.12320138031268124
3,1,1_1,1_2,4,0.11762932932949877,-0.147641105440258,-0.022597527330189937
4,1,1_2,1_3,4,0.06159819786952481,-0.3692221644068123,-0.2984043557162641
5,1,1_3,1_4,4,0.0013222461813384712,-0.3293866161411576,-0.33048919074537686
6,1,1_4,1_5,4,-0.020948497817583345,-0.37831451828915164,-0.4120916876975542
7,1,1_5,1_6,4,-0.01502710995023504,-0.03844367859007258,-0.05952866110630595
8,1,1_6,1_7,4,-0.10923076292687206,-0.2595453593404158,-0.37558277140881824
9,2,2_0,2_1,0,0.027836357277154833,0.0804400480273274,0.06302630670907539
10,2,2_1,2_2,0,-0.1429968453760877,-0.1527894744161653,-0.19388644211884531
11,2,2_2,2_3,0,-0.08615654831963004,-0.015859135748152564,-0.01404406931873714
12,2,2_3,2_4,0,-0.055418832018907516,-0.17254633355822468,-0.16004420877758463
13,2,2_4,2_5,0,-0.01695660479436456,-0.16899756658539933,-0.17475177389860996
14,2,2_5,2_6,0,0.2341828487139621,-0.09946089039916428,-0.04097244941240752
15,2,2_6,2_7,0,-0.04085098368977702,-0.09023919386643486,-0.07962115693429217
16,2,2_7,2_8,0,-0.18160750161085293,-0.09723571575204826,-0.06656286687554847
17,2,2_8,2_9,0,0.07460129810972349,0.09377810121765562,0.11341330403402006
18,2,2_9,2_10,0,0.022002438774658684,0.062417394468269216,0.0637026439020304
19,3,3_0,3_1,4,-0.03635397532735318,-0.07488546275029373,-0.10843950435767247
20,3,3_1,3_2,4,0.008887323373753198,0.1185488380186025,0.12190795606142113
21,3,3_2,3_3,4,0.11971033558737476,0.04142108508652931,0.1475681463809413
22,3,3_3,3_4,4,-0.013528671406401127,-0.24820097053263646,-0.2563004307462933
23,3,3_4,3_5,4,-0.005044907136632748,0.010163222222545176,0.016259151580598097
24,3,3_5,3_6,4,-0.016553767738191283,0.05017245044761931,0.02768423413591936
25,4,4_0,4_1,2,-0.015695433098345868,0.08006108472706308,0.06414726200347187
26,4,4_1,4_2,2,0.01661263338051766,0.03708721139371818,0.05248271324558429
27,4,4_2,4_3,2,-0.0073116720501573695,0.05406435623619288,0.045508223938963255
28,4,4_3,4_4,2,0.00044329078401905697,-0.027109798669371354,-0.02413414695045213
29,4,4_4,4_5,2,0.0423524584691517,-0.03720909585770493,0.0028184494562928375
30,4,4_5,4_6,2,0.06656095591726308,0.0686073819129005,0.13216058265799036
31,4,4_6,4_7,2,0.039775491720638545,-0.0277998635916179,0.011722256332275416
32,4,4_7,4_8,2,-0.0358134241354231,-0.025827182212831312,-0.06238023941273485
33,5,5_0,5_1,2,-0.010627980588233221,-0.015388090461107895,-0.026989134502197087
34,5,5_1,5_2,2,0.025488640270392326,-0.03188063797828944,-0.005362709241724661
35,5,5_2,5_3,2,-0.017654807645091086,-0.03442359832420716,-0.05190925128384549
36,5,5_3,5_4,2,0.020722585395135162,-0.07732327326382804,-0.05406271245791805
37,5,5_4,5_5,2,0.012461347786369315,-0.07870053930844834,-0.0626060348908799
38,5,5_5,5_6,2,-0.048131018870058107,-0.04887981489139226,-0.09991214780988411
39,5,5_6,5_7,2,0.012666256027092038,-0.06470281676130685,-0.05120003146746677
40,5,5_7,5_8,2,-0.00938424337009991,-0.06556252498645465,-0.07484219485530952
41,6,6_0,6_1,3,-0.0339977831290077,-0.026980300552477354,-0.04497369111456262
42,6,6_1,6_2,3,0.04688382610830488,-0.01737673701198572,0.007903175315228328
43,7,7_0,7_1,4,0.03260871017622935,0.006213299823412344,0.0350954211667609
44,7,7_1,7_2,4,0.08350427255690163,-0.05941963710382614,0.015967902105919585
45,7,7_2,7_3,4,0.057376189545392364,0.018855003547227467,0.07933430011977594
46,7,7_3,7_4,4,0.02657655015219551,-0.019659926237087788,0.019588356238186
47,7,7_4,7_5,4,-0.0020537896163155267,0.02314103247412924,0.01805664670551299
48,7,7_5,7_6,4,0.07470441950343187,-0.10720214084259627,-0.025706051490627768
49,7,7_6,7_7,4,0.007801990525219571,0.0008290059375071213,0.0028751165695233283
50,7,7_7,7_8,4,-0.017603941324524697,-0.01857059219720858,-0.040525984344609745
51,8,8_0,8_1,1,0.00023183420313355185,0.08006203028494507,0.08987394993854325
52,8,8_1,8_2,1,-0.05884216018610622,0.13971740565376678,0.08780050176061605
53,8,8_2,8_3,1,-0.0862205540205716,-0.3583798293490117,-0.46107181061184854
54,8,8_3,8_4,1,-0.1259744461007346,0.15796381268059834,0.07366290965967226
55,8,8_4,8_5,1,0.07145310982537989,0.004554851080947442,0.06813737456311753
56,8,8_5,8_6,1,-0.033270604293987205,0.02602394089890181,-0.006547066393131296
57,9,9_0,9_1,2,0.012098143293575392,-0.04381037935053955,-0.02985975540726904
58,9,9_1,9_2,2,-0.0925654759167418,-0.04371503372537111,-0.13452875145238452
59,9,9_2,9_3,2,0.0188017077470346,0.022093946133985076,0.04282041958449212
60,9,9_3,9_4,2,0.03127166612265375,-0.07042260240814091,-0.038047577082546136
61,9,9_4,9_5,2,-0.0036692040740415877,0.03009541875982613,0.02483511321323517
62,9,9_5,9_6,2,-0.042020175320996334,-0.01213430206470667,-0.05337803422445919
63,9,9_6,9_7,2,0.03738680336730149,0.08777366027479672,0.1254418369572179
64,9,9_7,9_8,2,0.04780969424595605,0.02373015684483848,0.07241863184758346
65,9,9_8,9_9,2,0.043981927910353935,0.06387114582453757,0.10712835673211107
66,9,9_9,9_10,2,-0.01610816366324208,-0.06863143772298574,-0.08447142830453225
67,9,9_10,9_11,2,-0.009248417785389096,-0.02072843413500558,-0.02931020157606712
68,9,9_11,9_12,2,0.02705387508476309,-0.010532529203941321,0.014470361384972374
69,9,9_12,9_13,2,0.017008185412028753,-0.04808474149353348,-0.02989657674377888
70,9,9_13,9_14,2,0.007314676464521552,-0.058131072677674034,-0.050703317935961945
71,9,9_14,9_15,2,-0.04510113289990425,0.050702250826152984,0.006027993413878274
72,9,9_15,9_16,2,-0.01434636985615656,-0.085568249587894,-0.09985297581679409
73,9,9_16,9_17,2,-0.019143805712516615,-0.026595763119502402,-0.045226979782942545
74,10,10_0,10_1,4,0.04720974078680906,0.06433569625196123,0.10447944664363651
75,10,10_1,10_2,4,0.07569086895162391,0.024570914663240684,0.09004211806915907
76,10,10_2,10_3,4,0.0963336803147341,-0.010896313311704597,0.08328216872032401
77,11,11_0,11_1,2,0.02391182020946192,-0.0055317790118578625,0.018362928201735684
78,11,11_1,11_2,2,-0.021959688275648093,-0.008439632214537696,-0.028648004303066132
79,11,11_2,11_3,2,0.01576617740562858,-0.0054702464177243115,0.01411001457376626
80,11,11_3,11_4,2,0.002837458165703577,-0.006303762085297482,3.5103540127590094e-05
81,12,12_0,12_1,2,0.017448566126051945,-0.006814377545433459,0.008693844817611263
82,12,12_1,12_2,2,0.023871933237990195,0.0488858739128033,0.07265324806815254
83,12,12_2,12_3,2,0.0747780390832673,0.08550802972639193,0.15608878603354803
84,12,12_3,12_4,2,0.06518261346251664,0.0775539220483259,0.14159991391186044
85,12,12_4,12_5,2,0.0003636315502872911,0.055435306282841434,0.0594149686871972
86,12,12_5,12_6,2,-0.0887003683815284,-0.07779377215378047,-0.16506757077996914
87,12,12_6,12_7,2,0.011294421208002836,-0.01025259390807265,0.0020114869514440414
88,12,12_7,12_8,2,0.04742386560848022,0.03350832190952602,0.08036530809834996
89,12,12_8,12_9,2,0.024503822751558824,-0.0159595078010506,0.0067871104140000416
90,12,12_9,12_10,2,0.04406020049678361,-0.019404445161493422,0.02334675810808884
91,12,12_10,12_11,2,-0.026493187280380415,-0.01609576251689626,-0.042729370764374774
92,12,12_11,12_12,2,-0.023019912005652454,0.07137774295205412,0.049412839662510866
93,12,12_12,12_13,2,0.01810335619629133,-0.07091424026923265,-0.05374665582311344
94,12,12_13,12_14,2,-0.02311968102130102,-0.02368185987428617,-0.04609056941130096
95,12,12_14,12_15,2,0.0005520747201299692,-0.026638000980942156,-0.026695860982703934
96,12,12_15,12_16,2,-0.004300967530885824,0.013449256897049677,0.005589002548870736
97,12,12_16,12_17,2,0.005438636010591469,0.01960469728072911,0.023652251954410786
98,12,12_17,12_18,2,-0.002897812365923347,-0.01001661923983277,-0.012614667273856961
99,12,12_18,12_19,2,-0.005456996399245462,0.06359558692746115,0.06013977426917716
100,13,13_0,13_1,3,0.06862110242606334,-0.027591502398162104,0.006650897940450484
101,13,13_1,13_2,3,-0.06960414925073999,0.06716214810299204,0.04112457764654498
102,13,13_2,13_3,3,-0.15214688950510258,0.01189482836175193,-0.048398459834709584
103,13,13_3,13_4,3,-0.11354722849507948,-0.048853737753154935,-0.09833677321090006
104,13,13_4,13_5,3,-0.14465194878991983,-0.10839298954618304,-0.16466048398367605
105,13,13_5,13_6,3,-0.05507445371835029,-0.146294698024936,-0.16528720889064186
106,13,13_6,13_7,3,0.10216064227369026,-0.13048478696320864,-0.08110869447038493
107,14,14_0,14_1,0,0.06468315706670769,0.024659419348958433,0.043780508703834986
108,14,14_1,14_2,0,0.26482294707339604,0.022737215264684973,0.0463087101507238
109,14,14_2,14_3,0,0.26482294707339604,0.022737215264684973,0.0463087101507238
110,14,14_3,14_4,0,-0.09304211159187492,-0.12030117468149215,-0.12354806194134182
111,14,14_4,14_5,0,-0.0006742981125897884,-0.07352128541461678,-0.0658953712400141
112,14,14_5,14_6,0,0.07654631813042778,0.03907230219475366,0.05378661153751585
113,14,14_6,14_7,0,0.19084196434111478,0.05051415649043234,0.08196574764004794
114,14,14_7,14_8,0,-0.03616867007188329,-0.007603024356349186,-0.022989530831720284
115,14,14_8,14_9,0,0.13130844814270137,0.050675976212658735,0.08650221454890161
116,14,14_9,14_10,0,0.020994634182308403,-0.048548641611327215,-0.05031522000113853
117,15,15_0,15_1,0,0.18842723580191345,-0.008402983802509478,0.029791537318704542
118,15,15_1,15_2,0,0.08378320816174867,0.013223060461926117,0.0007540287605656282
119,15,15_2,15_3,0,0.09759293618273168,-0.017940668141334104,0.01842893245090438
120,15,15_3,15_4,0,0.003240779852315079,-0.009722248550164903,-0.013628816307438285
121,15,15_4,15_5,0,0.029866549164107248,0.021788064134347085,0.003725133454445473
122,16,16_0,16_1,4,-0.007997540562981298,0.055506900381640634,0.045210689895347156
123,16,16_1,16_2,4,-0.032157630067097154,0.0487334523336147,0.017509974496828784
124,16,16_2,16_3,4,0.022831172605060512,0.08881322768887112,0.10689695891680473
125,16,16_3,16_4,4,-0.04185348654369703,-0.0012658898027375631,-0.048471978831810425
126,16,16_4,16_5,4,-0.024039974880915915,0.019306301258015024,-0.0017983364287728065
127,16,16_5,16_6,4,-0.002368896036786694,0.060754227558461604,0.06415603070403297
128,16,16_6,16_7,4,0.013460883451241967,0.03971869578666354,0.05292141410493123
129,16,16_7,16_8,4,-0.029504795947974838,0.1149521221879688,0.09124547509806391
130,16,16_8,16_9,4,0.11109605657514798,0.04376613412858732,0.15438805630102204
131,17,17_0,17_1,0,-0.024694443278593603,0.06850803815043527,0.05336175400561127
132,17,17_1,17_2,0,0.024697029986680663,0.038733156656444834,0.04497868835313312
133,17,17_2,17_3,0,-0.01142762647196105,-0.02643986604094417,-0.052721727452501366
134,17,17_3,17_4,0,0.14617980330543756,0.028840478743537012,0.07212029120661367
135,17,17_4,17_5,0,-0.0941972868387575,-0.039271814690419404,-0.0682132343810995
136,17,17_5,17_6,0,0.04473166344512025,0.0059997721593278985,0.06726912186974321
137,17,17_6,17_7,0,0.05720140982362487,0.01961576003784793,-0.0007682874377010762
138,17,17_7,17_8,0,0.04212686656964015,0.01418615068818907,0.0656690683655563
139,17,17_8,17_9,0,0.07625909395459551,-0.054047436978698515,-0.03185991444629144
140,17,17_9,17_10,0,0.2766247448496957,-0.039179851670060106,0.02776459846880952
141,17,17_10,17_11,0,0.14747965723823864,-0.04431317836581217,-0.010546545318548262
142,17,17_11,17_12,0,-0.1123445542676329,-0.007826758145801582,-0.05509960746382059
143,17,17_12,17_13,0,0.16534017319349492,-0.023118887532802335,0.04116363422431246
144,17,17_13,17_14,0,0.14979208559838875,-0.03352020825230739,0.0169695185511467
145,17,17_14,17_15,0,-0.07762374488763757,0.09034767249009823,0.07732191588333603
146,17,17_15,17_16,0,-0.13737276378347962,-0.09344337462066443,-0.1314747797357354
147,17,17_16,17_17,0,0.0636379961047484,0.002896843100657298,-0.003978349693721794
148,17,17_17,17_18,0,-0.07131967128909289,-0.029872002155784116,-0.020013950488084742
149,17,17_18,17_19,0,-0.09495705401227728,-0.07181739051172209,-0.11392645360476572
150,17,17_19,17_20,0,-0.08926088715466718,-0.07943502200162134,-0.10940955609207892
151,17,17_20,17_21,0,0.08940323098970282,-0.047610726811607496,-0.005099868804206098
152,17,17_21,17_22,0,0.0565404065420998,-0.0754639937668975,-0.05474804448721082
153,17,17_22,17_23,0,-0.13941184087320058,0.011546630226516141,-0.04537345908718193
154,17,17_23,17_24,0,0.22627003274946333,-0.02593578745881797,0.06452621025963112
155,17,17_24,17_25,0,0.06397199542912935,0.03711589853245023,0.06671477657642955
156,17,17_25,17_26,0,0.12079373723232312,0.02567443862816776,0.06569398636930845
157,17,17_26,17_27,0,0.1880793070883997,-0.07810097979867425,-0.06470197308262748
158,17,17_27,17_28,0,0.10777877265720903,-0.08323959338649156,-0.036732337792144465
159,17,17_28,17_29,0,0.04160869339245066,0.021987411754918584,0.009801620847139425
160,17,17_29,17_30,0,0.09895982704396622,-0.05275531029752356,-0.0010940387173354882
161,17,17_30,17_31,0,0.23977623678971183,0.013005894214342284,0.08107664843362383
162,17,17_31,17_32,0,-0.07033380041870885,-0.0017545848520377216,-0.023929373258139597
163,18,18_0,18_1,3,-0.014952244233129797,-0.11066654119846575,-0.11634875364982533
164,18,18_1,18_2,3,-0.09347780282657148,-0.10997876350059066,-0.15106099035582954
165,20,20_0,20_1,0,-0.08067483479939064,-0.04243449876854388,-0.06238015267045505
166,20,20_1,20_2,0,-0.03533241320397629,-0.04373227470938423,-0.058529139596516844
167,20,20_2,20_3,0,-0.06928873540484815,0.0041228767235186314,-0.015738786030065066
168,20,20_3,20_4,0,0.024363981882229213,-0.023116430780171004,-0.02120614980827984
169,20,20_4,20_5,0,-0.0021763366548874785,-0.001998444876579075,-0.009017731274456375
170,20,20_5,20_6,0,-0.14394778203263092,0.10115451146371912,0.05306453932242938
171,20,20_6,20_7,0,0.018902157701277122,0.002863329104240142,0.01631028430478798
172,21,21_0,21_1,3,0.004028243848109403,-0.016127702171869762,-0.012672735468618246
173,21,21_1,21_2,3,0.07737364470776709,-0.09173350767003763,-0.05542266694734854
174,21,21_2,21_3,3,-0.0006543806876306846,-0.014088163292731659,-0.012012624150535167
175,21,21_3,21_4,3,0.13389939131135375,-0.13069266199688157,-0.0674905317824368
176,21,21_4,21_5,3,0.011413298166111474,-0.02541151204471026,-0.02311945431699325
177,21,21_5,21_6,3,0.0059403067660177555,0.0004203232363222398,0.008584972998153972
178,22,22_0,22_1,0,-0.06349466766360345,0.020753467061478625,-0.004947734181438124
179,22,22_1,22_2,0,0.11385689043318659,0.023251058763524513,0.029949446703475213
180,22,22_2,22_3,0,-0.11344166905911246,-0.06377093054384231,-0.10081756974459566
181,22,22_3,22_4,0,-0.08129341456304173,0.06819375505419312,0.035072466342120245
182,22,22_4,22_5,0,0.033085346556690265,-0.034826822171173166,-0.032984214928326816
183,22,22_5,22_6,0,0.05898809627642976,0.12616750992745174,0.1046633861572639
184,22,22_6,22_7,0,0.010989136618535733,0.11841598084229865,0.09537938019254044
185,22,22_7,22_8,0,0.1372028877064253,0.02326270056196167,0.04209305197015745
186,22,22_8,22_9,0,0.00518511987484116,-0.03711878189015838,-0.02802500652362827
187,22,22_9,22_10,0,-0.09260980662111495,0.09141357085147406,0.023820112285053652
188,22,22_10,22_11,0,0.017047513873037712,-0.035480655765619984,-0.03486586347730958
189,22,22_11,22_12,0,0.010728302344980012,0.007855062285123449,-0.005943667004245423
190,22,22_12,22_13,0,0.07949930218237,-0.041810585534472366,-0.015217898605164315
191,22,22_13,22_14,0,-0.026759696186896553,-0.00985776713747577,0.01511251144551462
192,22,22_14,22_15,0,-0.13851969559897848,0.0423679070371783,0.046498857771082314
193,22,22_15,22_16,0,-0.1858699101781951,-0.0693445275388902,-0.11731297112088268
194,22,22_16,22_17,0,0.016522859336238316,-0.034701351776184275,-0.019353491476953533
195,22,22_17,22_18,0,0.027784504487768924,-0.022197748094823666,0.008574861566691183
196,22,22_18,22_19,0,0.16311833880563076,0.05163985669021831,0.11717515279814816
197,22,22_19,22_20,0,0.042586304874453695,0.026894954933456727,0.03422104540737769
198,22,22_20,22_21,0,-0.03098579077652741,-0.0026803060306204163,-0.02259612925944854
199,23,23_0,23_1,4,-0.0062778268045075025,0.01832572355543438,0.011747849411825051
200,23,23_1,23_2,4,-0.0027716527492025467,0.09694841116163566,0.09669452231514264
201,24,24_0,24_1,2,-0.014610494430236987,0.027607641750452938,0.01421045658976583
202,24,24_1,24_2,2,-0.029614421328065355,-0.019756914121827007,-0.04828951570789641
203,24,24_2,24_3,2,-0.013566218701462684,0.04283981442078133,0.029022410587670855
204,25,25_0,25_1,1,-0.09420801857066352,-0.0513654573970177,-0.13670260114728405
205,25,25_1,25_2,1,0.031171837618202636,0.002912703118733928,0.02195362049276106
206,25,25_2,25_3,1,-0.06508790006108156,-0.012684548830007136,-0.07905070413740756
207,25,25_3,25_4,1,0.1741066617244087,0.15016428310517949,0.30775464894808113
208,25,25_4,25_5,1,0.2412219275431664,0.2954052872280599,0.5109011044804732
209,25,25_5,25_6,1,0.057293497187569375,0.08725559634473479,0.1495671506980094
210,25,25_6,25_7,1,-0.03221255474011864,-0.13013569737650132,-0.16655298209910363
211,25,25_7,25_8,1,0.021914336793809053,0.08036796109358524,0.09301611288883338
212,25,25_8,25_9,1,-0.08633170381908162,0.023292453912153954,-0.045373870205086986
213,25,25_9,25_10,1,-0.012664547203695475,-0.08568472819191353,-0.10345693427177549
214,25,25_10,25_11,1,-0.04034827845331468,0.0693757401848405,0.036975655809538766
215,25,25_11,25_12,1,0.015126692329082592,0.013355104936556228,0.032253034537222725
216,25,25_12,25_13,1,-0.053916374798667066,-0.019881535544685747,-0.06913891825021334
217,25,25_13,25_14,1,-0.04951719293720702,-0.05475602613386543,-0.0987513200926714
218,25,25_14,25_15,1,-0.022775751788235876,-0.011588302329520905,-0.03026349307954912
219,25,25_15,25_16,1,-0.20622649772445412,0.3345661926463206,0.13039967167369726
220,27,27_0,27_1,0,0.14293809328667495,-0.017061319985057333,-0.0033139476287448177
221,28,28_0,28_1,3,0.14433968162948752,-0.06791398650950997,-0.011495980070681089
222,28,28_1,28_2,3,0.07066478513056929,0.019466548738522604,0.050390838623811884
223,28,28_2,28_3,3,-0.06694446259803555,0.07146445283235581,0.04540956761654913
224,28,28_3,28_4,3,0.012811091689462595,0.04387746433247486,0.047991370224049534
225,28,28_4,28_5,3,-0.03005214026845837,0.0021275259000208546,-0.010472758051475184
226,28,28_5,28_6,3,-0.06114437657406535,0.005822870695967097,-0.014876293465365453
227,28,28_6,28_7,3,0.030599859226368764,0.16458456515210074,0.17321542537957857
228,28,28_7,28_8,3,0.008897196508609095,0.00856715794771823,0.011513143853150831
229,28,28_8,28_9,3,-0.10604755572440094,0.05380225160777896,0.014305499742340633
230,28,28_9,28_10,3,0.0827897019352315,-0.03359400585223815,0.0019533435032013102
231,28,28_10,28_11,3,0.0027778347746287846,-0.02672747944514975,-0.02576507755413182
232,28,28_11,28_12,3,0.08424018710185788,-0.028016898845044214,0.013802724521507548
233,28,28_12,28_13,3,-0.16555350390193557,-0.03909389003572228,-0.10271273947600967
234,28,28_13,28_14,3,0.004536405369117702,-0.07814124590324134,-0.07666700247713587
235,28,28_14,28_15,3,0.08403431927921745,-0.04047075887587703,-0.008874346239562403
236,28,28_15,28_16,3,0.011519683978677753,0.05222234617447907,0.05766255936024067
237,29,29_0,29_1,3,-0.12189696122491078,-0.04893323658076598,-0.09363752685574522
238,29,29_1,29_2,3,0.1280835767911862,0.02876225832856183,0.0754880198205623
239,29,29_2,29_3,3,-0.011635855209646717,0.09727968888736971,0.08946535201932448
240,29,29_3,29_4,3,-0.07085370948999259,-0.13841125247644337,-0.16458085195492123
241,29,29_4,29_5,3,0.05100461790304456,0.07805126322263911,0.10305412696777783
242,29,29_5,29_6,3,-0.04447962327792898,-0.130652196742423,-0.1426977793478832
243,29,29_6,29_7,3,0.032491405297383036,-0.01007100161537755,0.001026711554647619
244,29,29_7,29_8,3,-0.014058075514742141,0.026693044526532317,0.019754280214351327
245,29,29_8,29_9,3,-0.05267816941355008,-0.03254683439938888,-0.05765788633426139
246,29,29_9,29_10,3,-0.04237339109077998,-0.09623733655889888,-0.10833185072286766
247,29,29_10,29_11,3,0.0903526815811353,-0.02552739527704251,0.013591720508736138
248,29,29_11,29_12,3,-0.11024789778661148,0.1661099967851145,0.12837558571573027
249,30,30_0,30_1,3,0.07561990531121543,-0.12131572285078995,-0.08606553544409534
250,30,30_1,30_2,3,-0.11002632580776206,-0.07747482395931016,-0.1190917531208906
251,30,30_2,30_3,3,-0.08218278241239352,0.036100217117442046,0.007218544388105652
252,30,30_3,30_4,3,0.11346465581525411,-0.09099556916552665,-0.04556112294682446
253,30,30_4,30_5,3,-0.07519058969848458,-0.00818492785167324,-0.041208028356018334
254,32,32_0,32_1,2,0.0825275458189072,-0.09776748241279609,-0.013034209364389149
255,32,32_1,32_2,2,-0.007646874884433608,-0.012268413185700044,-0.019421820615970864
256,32,32_2,32_3,2,0.016586181849495008,-0.032963867472615815,-0.013159601815359911
257,32,32_3,32_4,2,-0.051021310807059406,-0.07643473672869083,-0.13003128010558074
258,32,32_4,32_5,2,-0.050575014984454825,0.07354398442778365,0.02284320951408869
259,32,32_5,32_6,2,-0.024180300644968122,-0.051909785061786895,-0.07647826253303203
260,32,32_6,32_7,2,0.027102680308869198,0.027733781166910054,0.05537235987150524
261,32,32_7,32_8,2,0.0010686310604768323,0.05136073600279101,0.05263767639573835
262,32,32_8,32_9,2,0.015261304130385733,-0.004802884833177812,0.010003694919872741
263,32,32_9,32_10,2,0.014667270627190199,0.018883551594652825,0.03340692023081804
264,32,32_10,32_11,2,-0.05892722079273205,0.05424491940807208,-0.005850248146308301
265,32,32_11,32_12,2,0.0681624332945221,-0.08758839980585087,-0.020017236889073864
266,33,33_0,33_1,2,0.04791957633110866,-0.06265863222599188,-0.01126804703815587
267,33,33_1,33_2,2,0.025292612133226644,0.04232522068096367,0.06659521951097014
268,33,33_2,33_3,2,0.025916347042900023,0.030325609621987493,0.05642712561168928
269,33,33_3,33_4,2,-0.00840952674541251,-0.011911962940831522,-0.020281768906893483
270,33,33_4,33_5,2,-0.04145826023178789,0.05593993115019713,0.015407230385756643
271,33,33_5,33_6,2,0.016238971211064435,0.0024182127780763008,0.01672392342502227
272,33,33_6,33_7,2,0.035859935270351695,-0.07413510929065348,-0.03623142791062328
273,33,33_7,33_8,2,0.04814176475923815,-0.03243576279851945,0.01857878893051934
274,33,33_8,33_9,2,-0.033212798545765754,0.08901838759382286,0.053223671319461374
275,33,33_9,33_10,2,-0.046889901808230494,0.006146232941378171,-0.03927884964313977
276,34,34_0,34_1,4,-0.0909685391639603,0.031665941063967695,-0.06945210766375332
277,34,34_1,34_2,4,0.059837941976668585,-0.07959386856688067,-0.027269903864326484
278,34,34_2,34_3,4,-0.076946263243308,-0.125033464731235,-0.2097017924582678
279,34,34_3,34_4,4,-0.04072901010356267,0.07650303450040363,0.03147136724826405
280,34,34_4,34_5,4,0.0029780961984036125,0.17125358217331255,0.1739659720030775
281,34,34_5,34_6,4,0.011608376585243052,0.08676146402431928,0.08891854471434324
282,34,34_6,34_7,4,0.106822113908009,0.0725884618593804,0.16231066113210235
283,34,34_7,34_8,4,0.01650931548730572,-0.06497092636570678,-0.04169498019617013
284,34,34_8,34_9,4,0.026483540660831473,-0.07964151870595004,-0.03939259318529564
285,34,34_9,34_10,4,-0.01812297532052498,-0.06526426670585528,-0.08162363530330363
286,34,34_10,34_11,4,-0.025758492349658546,-0.06327524866444212,-0.08540770082811666
287,34,34_11,34_12,4,0.03357648068416008,0.042157737202177525,0.0624491206264941
288,34,34_12,34_13,4,0.008530799675541711,0.13114419775021968,0.15020319232969626
289,34,34_13,34_14,4,-0.018171865566942946,0.007883476484851437,-0.015114076893838035
290,34,34_14,34_15,4,-0.029310394597774847,0.009129457386936268,-0.024260440617134726
291,34,34_15,34_16,4,0.062124043458489764,-0.014545995735402162,0.04856352902814631
292,34,34_16,34_17,4,0.08337311835038763,0.010970143543669097,0.0812366938324236
293,34,34_17,34_18,4,0.12731862351102174,0.06198688495584581,0.17425733015285516
294,35,35_0,35_1,1,0.126237805125903,-0.05019558156392856,0.08905275609510843
295,35,35_1,35_2,1,0.07369201051994001,0.038330194663372175,0.10779055483853572
296,35,35_2,35_3,1,0.019283467821431755,0.03844646652932582,0.054779754056418994
297,35,35_3,35_4,1,0.0037597297861444723,-0.03343202289393199,-0.03707437160085414
298,36,36_0,36_1,1,-0.11125218205174292,-0.14360484669974527,-0.2692062365004477
299,37,37_0,37_1,3,0.004945475969661883,0.007180899102134708,0.011858686633602566
300,37,37_1,37_2,3,-0.25157308788560684,-0.05082502913551323,-0.15304757971715022
301,37,37_2,37_3,3,0.08215575329978231,-0.07346984440008497,-0.0346164447676276
302,37,37_3,37_4,3,-0.11221231891983852,0.01574134771264002,-0.029353615990092452
303,37,37_4,37_5,3,-0.07526155217486719,-0.04759929164729959,-0.08085254936788888
304,37,37_5,37_6,3,0.0790082374572767,0.028237879848948655,0.06272833902125408
305,37,37_6,37_7,3,-0.055684485918246374,0.10449545828394924,0.08048098758291133
306,38,38_0,38_1,3,-0.13670763957675947,-0.16323001815324334,-0.2176223219790936
307,38,38_1,38_2,3,-0.054920716994367735,0.12868582788608296,0.10663719369326052
308,38,38_2,38_3,3,-0.11291873613671877,-0.08984933355022573,-0.1371351164403145
309,38,38_3,38_4,3,-0.03868080538603769,-0.01604304851729843,-0.03238278658250948
310,39,39_0,39_1,4,0.04910067266517415,0.05293389185062658,0.09838653949372955
311,39,39_1,39_2,4,0.017712064395484006,0.062004466715886775,0.07667417263165044
312,39,39_2,39_3,4,-0.012377834857848713,0.03763909921610553,0.024991629304021323
313,39,39_3,39_4,4,0.030801524653036205,0.10498591426263149,0.134839251075775
314,39,39_4,39_5,4,0.028790795052132667,0.031193581858441677,0.06144755280521752
315,39,39_5,39_6,4,0.16586700846702485,0.11446077990362058,0.2857213428965104
316,39,39_6,39_7,4,-0.00619868900871845,-0.005657511618981648,-0.001357970247609197
317,39,39_7,39_8,4,-0.038859602271460014,-0.08528878006548313,-0.11497890876743955
318,39,39_8,39_9,4,0.05437415520928912,0.09021721514570658,0.14363073890102207
319,39,39_9,39_10,4,0.012089753725178287,0.06186219813863314,0.07449281526764717
320,39,39_10,39_11,4,0.09728642385250563,0.04600741845623946,0.1458583051366248
321,40,40_0,40_1,0,-0.0300693884949097,-0.04961545905641662,-0.0590045200881657
322,41,41_0,41_1,4,0.11094575206593049,0.061108554989468766,0.17315552014739177
323,41,41_1,41_2,4,0.022742768096932764,-0.06153459259826888,-0.03702172282652949
324,41,41_2,41_3,4,-0.07224567926527214,-0.08429041669533666,-0.16743780527622976
325,41,41_3,41_4,4,-0.011757923290880434,-0.009896570693032514,-0.03242106387388177
326,41,41_4,41_5,4,-0.03026011822196284,0.01274695586482455,-0.02644716766729127
327,41,41_5,41_6,4,0.021664750343409533,-0.08807425778465139,-0.06820453680925187
328,41,41_6,41_7,4,0.07755171406633221,-0.005238219919599718,0.06403922816395147
329,41,41_7,41_8,4,0.072241170802118,0.07787468475644954,0.1495612301017808
330,41,41_8,41_9,4,-0.005252923402213394,-0.102954523235123,-0.1127997089012025
331,41,41_9,41_10,4,-0.027003853903967645,-0.08728636069343221,-0.11865223057015206
332,41,41_10,41_11,4,0.024410873034086178,-0.09619570616808248,-0.07576775767008814
333,41,41_11,41_12,4,0.02991994223532979,-0.08285040014217881,-0.04853803037765436
334,42,42_0,42_1,3,-0.08254091378854778,0.20908788763783148,0.17704332981573367
335,42,42_1,42_2,3,0.12294266194490655,0.11656842481758178,0.16410769957603288
336,42,42_2,42_3,3,-0.022273663301166646,0.030973884714385225,0.021718996522996026
337,42,42_3,42_4,3,-0.01690097833601123,0.0027939175156455054,-0.0034158380129922783
338,42,42_4,42_5,3,0.00013558872629815255,-0.09198996042948515,-0.08516881164261259
339,42,42_5,42_6,3,0.14105014538842608,0.07178129654565613,0.13304693166256998
340,42,42_6,42_7,3,0.10352040896910486,0.029803406256995846,0.06821574001667541
341,42,42_7,42_8,3,0.09330476247560937,-0.016090227364468745,0.02072636271623729
342,43,43_0,43_1,4,-0.0829651715063624,-0.09595058127219191,-0.18110306031985823
343,43,43_1,43_2,4,-0.03485349194888243,-0.12253031273136472,-0.16945812641571434
344,43,43_2,43_3,4,0.08998462316407019,-0.0860116117805565,-0.00497667920841427
345,43,43_3,43_4,4,-0.07094148831025793,-0.13829296115152245,-0.2240765646449694
346,43,43_4,43_5,4,-0.09096824791472224,-0.11969454264816282,-0.21740566042480158
347,43,43_5,43_6,4,0.014607615990506861,-0.15229017404836598,-0.13622155496252497
348,44,44_0,44_1,1,-0.01422246994833265,-0.04840685646340748,-0.07263133039960068
349,44,44_1,44_2,1,0.1430326243781881,0.2052666190004513,0.347699838695398
350,44,44_2,44_3,1,0.054380583717428266,0.008375531332559527,0.05067487970022011
351,45,45_0,45_1,1,-0.03324043420541356,0.010321286522617212,-0.014949415755711293
352,45,45_1,45_2,1,-0.13565422162779717,0.04814229703941075,-0.05460668590216011
353,45,45_2,45_3,1,0.04121947662447001,-0.011199519048194606,0.045081876148239
354,45,45_3,45_4,1,0.06798337312486247,0.4163006646071987,0.49318175350759974
355,45,45_4,45_5,1,-0.004402273904979381,-0.21772896209296233,-0.23664341110117393
356,45,45_5,45_6,1,0.019228230120458045,0.09893686335746898,0.11875284221268134
357,45,45_6,45_7,1,-0.024220503182240005,0.006610180075737659,-0.012711572791447745
358,45,45_7,45_8,1,-0.024846715768766847,-0.03520023497420777,-0.05389391931232135
359,46,46_0,46_1,3,0.09925228644811401,-0.10480985910340967,-0.07050630303082439
360,46,46_1,46_2,3,-0.05994696998814275,-0.04834363352078874,-0.07281875130123572
361,46,46_2,46_3,3,-0.062383187600620005,0.1402305614066095,0.11340455414345518
362,46,46_3,46_4,3,-0.14152617773306675,-0.08460170618818008,-0.14166000436438564
363,46,46_4,46_5,3,-0.07587802636719942,0.03381590375245702,0.005068031190682554
364,46,46_5,46_6,3,0.11653398186951025,0.10098607023996031,0.1448036183710637
365,46,46_6,46_7,3,0.12593692376429733,-0.055573025859750214,-0.006963690137999912
366,46,46_7,46_8,3,0.014716072398470725,0.10708784398365889,0.10746444834933389
367,47,47_0,47_1,0,-0.0166398467626363,-0.08597253927283988,-0.13107651732779235
368,47,47_1,47_2,0,0.16545233116771296,0.03477700641951098,0.03607945767651044
369,47,47_2,47_3,0,-0.07811983467156303,-0.02328111353814677,0.002333609330484876
370,47,47_3,47_4,0,-0.004678971163450729,-0.02164022624802464,-0.013734146349384968
371,47,47_4,47_5,0,0.0468696863669793,-0.02320081695094034,0.009394109969538933
372,47,47_5,47_6,0,0.04215958680863374,-0.021237631383420164,-0.005373347425764008
373,47,47_6,47_7,0,-0.05359646463169265,-0.03928678318217971,-0.039547178515377146
374,47,47_7,47_8,0,0.1424463017238703,-0.00563491302759056,0.02942734107109035
375,47,47_8,47_9,0,0.11903110031423059,0.04442125888794535,0.04679149207674105
376,47,47_9,47_10,0,0.009899717082095583,0.04918204620697719,0.04953658094998259
377,47,47_10,47_11,0,0.08785945921531513,0.03975779126171264,0.02974589154433993
378,47,47_11,47_12,0,-0.0035198618592646724,0.03391229436459575,0.039020802257278664
379,47,47_12,47_13,0,0.04453309001867223,0.009099646704532338,0.02787992084348523
380,48,48_0,48_1,0,-0.23370736286587435,0.07440920220484704,-0.00024755353212779774
381,48,48_1,48_2,0,0.009629602645795154,0.04927626612293112,0.041931705117468465
382,48,48_2,48_3,0,-0.026722935997853803,-0.022050490704303094,-0.02798987723415891
383,48,48_3,48_4,0,-0.1755222234092817,-0.05587600598856879,-0.0829765519209098
384,48,48_4,48_5,0,-0.14744207166877166,-0.07464158831443424,-0.11528520764836969
385,48,48_5,48_6,0,0.21735746777591936,-0.056861487442254166,-0.0755766875722963
386,49,49_0,49_1,2,0.03657943559840282,-0.04683880734987467,-0.008449489218696815
387,49,49_1,49_2,2,0.014870384117064761,0.00209598251585541,0.016254531910697256
388,49,49_2,49_3,2,0.03011938898289701,0.004908157887350217,0.035030858026179335
389,49,49_3,49_4,2,-0.032647319117002915,0.05278063045076009,0.021006230539928783
390,49,49_4,49_5,2,-0.022259518013830304,-0.06205713812259117,-0.08491780533368032
391,49,49_5,49_6,2,0.016086923531883235,0.012957096956021985,0.027911885502268197
392,49,49_6,49_7,2,0.034432837381439985,0.00905641728347617,0.041281554824281086
393,49,49_7,49_8,2,0.014243762283036254,0.010928533895319559,0.02521124258404117
394,49,49_8,49_9,2,-0.008951032122523017,0.0279465237833616,0.01830312102603493
395,49,49_9,49_10,2,0.03036543779737122,0.015874581405636246,0.04490679146572263
396,49,49_10,49_11,2,-0.045229558219166854,0.01939655673579388,-0.025436880995607147
397,49,49_11,49_12,2,-0.02211954520404147,0.004529937839586662,-0.01745450903359025
398,49,49_12,49_13,2,-0.004725871127471359,-0.044594941221432816,-0.04990157739687184
399,49,49_13,49_14,2,-0.04175456015354406,-0.04103326123196993,-0.08304289990075508
400,49,49_14,49_15,2,-0.04272392364064892,-0.030370239357077722,-0.07366142877682491
401,49,49_15,49_16,2,0.011205336985921743,-0.030459491318499676,-0.020177003454532993
402,50,50_0,50_1,1,0.018496999467925823,0.03912123266024392,0.040342513818070413
403,50,50_1,50_2,1,0.055644160225507555,-0.22387518830349973,-0.1503030885912
404,50,50_2,50_3,1,-0.01786080269282564,0.06544919811807737,0.04116711112815252
405,51,51_0,51_1,0,0.19569149469498726,-0.10740903555488446,-0.07459166805971629
406,51,51_1,51_2,0,-0.058867475164631755,0.0443311010584615,-0.033006471367030055
407,52,52_0,52_1,3,0.03270156817411052,0.05713987913408114,0.07243870744442615
408,52,52_1,52_2,3,0.016221625972133502,-0.10502781910452685,-0.09863252504650655
409,52,52_2,52_3,3,0.20661321419188972,0.0838327787083093,0.1733116890417088
410,52,52_3,52_4,3,0.03409086385267068,-0.08311428085694683,-0.0688770429401947
411,52,52_4,52_5,3,-0.12475271553921341,0.012312876589203103,-0.0355506710516198
412,52,52_5,52_6,3,0.03569316047377491,-0.027612524575389097,-0.01360392169302882
413,52,52_6,52_7,3,-0.045246002745644276,0.07070351828717047,0.05567061159010933
414,52,52_7,52_8,3,-0.18205938471217342,0.07154170748751376,-0.0009207452144641692
415,52,52_8,52_9,3,-0.05817380462252242,-0.04200004882568664,-0.06915402719986252
416,52,52_9,52_10,3,0.11326479697454528,0.1072231497493723,0.15384992869412906
417,52,52_10,52_11,3,-0.09920777705577954,-0.08901751926443224,-0.12872127191025573
418,53,53_0,53_1,1,-0.051468108787658284,-0.030506382447969438,-0.07576667735813669
419,53,53_1,53_2,1,0.01337015560861099,-0.1676656056177479,-0.14918655430455496
420,53,53_2,53_3,1,0.03269825017370742,-0.06817712254155595,-0.03450746149962658
421,53,53_3,53_4,1,-0.05978567287718617,-0.20005296329984024,-0.26118252972498057
422,53,53_4,53_5,1,0.05098771480459674,-0.013314554190555494,0.04644330300246202
423,53,53_5,53_6,1,0.11718819564325544,0.09811241667708814,0.2047705967039415
424,53,53_6,53_7,1,-0.012400032945365735,0.30834282221178166,0.287124879931852
425,53,53_7,53_8,1,0.01748028994827533,-0.15355337873711838,-0.1346335137130794
426,53,53_8,53_9,1,0.05850427812142467,-0.019526704993831245,0.020231624104749102
427,53,53_9,53_10,1,0.01859925552154129,0.0654613467171079,0.08987880082490296
428,53,53_10,53_11,1,0.02443509359379359,-0.0869125539647908,-0.04991586335116471
429,53,53_11,53_12,1,0.03726661020718858,-0.18967345033530636,-0.14817579896885125
430,54,54_0,54_1,3,0.04360135345996374,0.03082132454448283,0.04718594758478445
431,54,54_1,54_2,3,0.06504866963651112,0.004090999995913114,0.028452916203386414
432,54,54_2,54_3,3,-0.0023646184744474663,0.006220542195885637,0.011819345978597129
433,54,54_3,54_4,3,0.055074511957647565,0.04121769824269972,0.06171494557687862
434,54,54_4,54_5,3,0.10949221909018614,-0.10137281051279623,-0.04966073127213755
435,54,54_5,54_6,3,0.0564459587975068,0.06257313105413287,0.08067283675800907
436,54,54_6,54_7,3,0.1904684459225674,0.08565966313926276,0.15645288287556314
437,54,54_7,54_8,3,-0.06996020672716607,0.011170329810923363,-0.014871766184460178
438,54,54_8,54_9,3,0.07834318126158024,0.025179645834445763,0.05728380605247496
439,54,54_9,54_10,3,0.1138966038974969,-0.07843110206326331,-0.025528231452279115
440,54,54_10,54_11,3,-0.04151362800288649,0.010362374194045954,-0.00525758035566648
441,55,55_0,55_1,2,0.01400469859795117,-0.03902606138204434,-0.022533412798947827
442,55,55_1,55_2,2,-0.0234761515287496,-0.06892781855902985,-0.09188565948936978
443,56,56_0,56_1,2,-0.004414931112702192,-0.0597336207458905,-0.06358008042257612
444,56,56_1,56_2,2,0.01978559174137562,-0.06146323571850454,-0.04153557091679705
445,56,56_2,56_3,2,0.007534167526855651,0.025303680703164355,0.03334278108644395
446,56,56_3,56_4,2,-0.03243443428023163,0.010512624790662395,-0.02224096804088438
447,56,56_4,56_5,2,-0.03714109560581047,-0.07768747168809265,-0.11501930698096174
448,56,56_5,56_6,2,0.0027825491883273212,0.049099375615298424,0.050277053104377245
449,56,56_6,56_7,2,0.020053517630208795,-0.05427448764242726,-0.03481804103809605
450,56,56_7,56_8,2,-0.029895919722938036,-0.03646271040873028,-0.06540099439656677
451,56,56_8,56_9,2,-0.018708043489209958,0.06424033179827016,0.04783397176579329
452,56,56_9,56_10,2,-0.005861939477608491,-0.015397060166576715,-0.02352130796868046
453,56,56_10,56_11,2,-0.029589237477900543,0.0019940281018837602,-0.026465011824396978
454,57,57_0,57_1,4,-0.10710414784642186,0.08835407897440284,-0.01382498909398544
455,57,57_1,57_2,4,0.08593156907985655,-0.07480738199806503,0.025768017789796094
456,57,57_2,57_3,4,0.01657753517842453,-0.045192522153509884,-0.02759458288804084
457,57,57_3,57_4,4,-0.004077701041092396,0.03198560705462539,0.04061400871634824
458,57,57_4,57_5,4,-0.08328243078680075,-0.01724680450973759,-0.09193977285368882
459,58,58_0,58_1,1,0.1409950506924056,0.06766001282267942,0.20967326682805432
460,58,58_1,58_2,1,-0.021588875526346918,0.04820382568405046,0.01798158090355706
461,58,58_2,58_3,1,-0.2273654475837601,-0.10221020785550916,-0.3384945006193849
462,58,58_3,58_4,1,0.026382303475173674,-0.114141072186845,-0.08000435710394505
463,58,58_4,58_5,1,0.026879202959916415,-0.06334490485774713,-0.045824654312698554
464,58,58_5,58_6,1,-0.00720895200514704,-0.10913441237548915,-0.10390246956711713
465,58,58_6,58_7,1,0.09555052893868377,-0.2204640604930148,-0.09240753388890832
466,58,58_7,58_8,1,0.1535529950514385,-0.1863011760309976,-0.02641649582839456
467,58,58_8,58_9,1,-0.022649156246871138,0.32332968844705356,0.3050267354883254
468,58,58_9,58_10,1,-0.041633094992295616,0.26781510032997446,0.23626651598281834
469,58,58_10,58_11,1,0.07924221580870483,-0.11738311090841402,-0.038143739379212116
470,58,58_11,58_12,1,0.15565917726896794,-0.15536054222088458,0.020856090033847252
471,58,58_12,58_13,1,0.08810341578343017,-0.25622515291949366,-0.15018941838457955
472,58,58_13,58_14,1,-0.025284793069579203,-0.03961763430239307,-0.06352366834273071
473,58,58_14,58_15,1,0.01908102262133382,0.05762589859098721,0.06944789049624478
474,58,58_15,58_16,1,0.10489944754842573,0.10464431326160151,0.20184114765434913
475,59,59_0,59_1,0,-0.07598181165072604,-0.01205246351447542,-0.054361187291217306
476,59,59_1,59_2,0,-0.022096257206401404,0.05096706556313224,0.018802179727719803
477,60,60_0,60_1,1,0.11538016840883736,0.03157635317096186,0.1455399611597068
478,60,60_1,60_2,1,-0.04167285153371347,-0.10827553119236288,-0.15582467975959124
479,60,60_2,60_3,1,-0.019255565758482973,0.04048144028990519,0.021464000826512564
480,60,60_3,60_4,1,-0.07813754556839458,-0.005197960521828637,-0.08278720956416152
481,60,60_4,60_5,1,0.05665903639491798,0.06841992540621544,0.12407081745295856
482,60,60_5,60_6,1,0.04906104028886915,0.0829859552003398,0.12349887192984044
483,61,61_0,61_1,2,-0.07557145272719845,-0.14253971006429245,-0.21927017266927828
484,61,61_1,61_2,2,-0.044279015075814776,-0.09056488762554382,-0.1365682096897758
485,62,62_0,62_1,4,-0.16055600273343495,0.047702550433014856,-0.1121156247569135
486,63,63_0,63_1,2,0.00207198661323571,-0.13299773937622983,-0.12898287927218144
487,64,64_0,64_1,3,0.11465266025443266,0.06831022220207483,0.11081670580218173
488,64,64_1,64_2,3,-0.01930440201670036,0.0510443681059618,0.051678244164293785
489,64,64_2,64_3,3,0.04169395892135941,0.07644517023190911,0.09690993504474466
490,64,64_3,64_4,3,0.07797790620636658,0.25796903225408174,0.2891873308251529
491,64,64_4,64_5,3,0.05545531957128902,-0.06423072022486442,-0.04485069036962308
492,64,64_5,64_6,3,-0.04180148214115742,-0.1391521761719059,-0.16113457729797043
493,64,64_6,64_7,3,0.059342416414416066,0.0662057122877262,0.09261048368360936
494,64,64_7,64_8,3,-0.13436285543019677,-0.021903607967342476,-0.07758200112795466
495,64,64_8,64_9,3,0.07998076175105207,0.032566701456207214,0.06108141794537014
496,64,64_9,64_10,3,0.050369588477740423,0.029340409538457513,0.051619733991669525
497,64,64_10,64_11,3,-0.024808138486174025,0.04343574835244279,0.03614307941441952
498,64,64_11,64_12,3,-0.046650832120234575,-0.022608996692029093,-0.04136488207165523
499,64,64_12,64_13,3,0.014420140160441797,-0.06915587936581491,-0.06420466945636472
500,64,64_13,64_14,3,-0.06246747211504289,0.042056960768208196,0.01849378278055469
501,64,64_14,64_15,3,-0.003329149707532064,-0.02858453006528716,-0.026417859190328796
502,64,64_15,64_16,3,0.15478705329512188,-0.004407033246099701,0.0619108993588966
503,65,65_0,65_1,4,0.06389749596327976,-0.036607814213805545,0.026662291381951198
504,65,65_1,65_2,4,-0.05073149470974414,-0.017789165495581627,-0.06389450854458767
505,65,65_2,65_3,4,-0.04081721088441137,0.01736088675136216,-0.019768633653266088
506,65,65_3,65_4,4,0.08155013044804016,-0.016804826998815914,0.06173874701015292
507,65,65_4,65_5,4,0.021052176511135334,-0.14943533627377015,-0.12240452346958985
508,65,65_5,65_6,4,-0.02246371402668923,0.23068230464238493,0.21120359751558326
509,65,65_6,65_7,4,0.06756831690559384,0.012231919388702606,0.08055153484358679
510,65,65_7,65_8,4,0.028856254537453774,-0.004093203533406475,0.020897235213755305
511,65,65_8,65_9,4,-0.1652125681451606,-0.041289227521324356,-0.20718897902950317
512,65,65_9,65_10,4,-0.07814578110375603,0.01331571986027047,-0.057169206602259104
513,66,66_0,66_1,1,0.009571203093565295,0.18765841815677753,0.19169393901969123
514,66,66_1,66_2,1,-0.08970532313376767,0.4178390359715143,0.3354676264612402
515,66,66_2,66_3,1,0.03914335613699227,-0.135420621379307,-0.08877455857377758
516,66,66_3,66_4,1,0.08083520120570364,0.39711580848338635,0.4709495338499805
517,67,67_0,67_1,1,-0.06743213968198547,-0.07456268225467189,-0.13999481718511664
518,67,67_1,67_2,1,0.06469217198601607,-0.03753825478080708,0.027055339024471436
519,67,67_2,67_3,1,0.011195303352905972,-0.055190260547931747,-0.04747786961684142
520,68,68_0,68_1,1,0.2099033736889866,-0.3307726841489842,-0.09100167857272279
521,68,68_1,68_2,1,-0.030378185518826317,0.25885501039515635,0.2322453633542596
522,68,68_2,68_3,1,0.17605481974697335,0.11959575814541834,0.26864821309851195
523,68,68_3,68_4,1,-0.024355881524375844,-0.35686128645617665,-0.3712066330019752
524,68,68_4,68_5,1,-0.14420829646551758,-0.30116654105982676,-0.448537539874611
525,68,68_5,68_6,1,-0.04070602443684823,-0.07635576002697952,-0.1164767766449919
526,68,68_6,68_7,1,0.0799611614875213,-0.027775642231526954,0.05637500768070769
527,68,68_7,68_8,1,-0.09306996625718322,0.20869200429760004,0.1337159237347425
528,68,68_8,68_9,1,0.23138527510068574,-0.07858704289582952,0.14339433632271392
529,68,68_9,68_10,1,-0.022295186508148657,0.0560856265491656,0.03659340022639679
530,68,68_10,68_11,1,-0.0965586100690794,-0.11620566295283608,-0.21507615134767666
531,68,68_11,68_12,1,0.16402958318560112,-0.06250686723490384,0.09887163245464947
532,68,68_12,68_13,1,0.10794204829140064,0.013564061061834387,0.1177368454486909
533,68,68_13,68_14,1,-0.09082880095446355,-0.022648187713699697,-0.10503698918157234
534,69,69_0,69_1,4,-0.09103814885402772,-0.056801581110371924,-0.1433228602823624
535,69,69_1,69_2,4,0.03024417762635956,0.039170198946806956,0.0686076840330847
536,69,69_2,69_3,4,0.06909184322259598,0.056161344713375305,0.114609816542935
537,69,69_3,69_4,4,-0.031170769404448073,0.06409234587144752,0.037206124495355875
538,69,69_4,69_5,4,-0.08035211562394196,-0.1258134389379899,-0.2232167336893447
539,70,70_0,70_1,2,-0.007846553256786182,-0.030680610298552846,-0.03476147453293699
540,70,70_1,70_2,2,0.0272082937023439,-0.04738818979917747,-0.019607703607623206
541,70,70_2,70_3,2,-0.0015201982065291553,-0.07381724983023563,-0.07531540172523776
542,70,70_3,70_4,2,0.005025476790449179,-0.05122032641896124,-0.045710076600728344
543,70,70_4,70_5,2,-0.003562305142551292,-0.06156458871953041,-0.06337910225971832
544,70,70_5,70_6,2,0.03324231880483253,0.01163392128366958,0.04351270310600619
545,70,70_6,70_7,2,-0.0012580104289368066,-0.02578172366663911,-0.026404232153100393
546,70,70_7,70_8,2,-0.021339644426485727,0.010146452950535512,-0.010846904050990203
547,70,70_8,70_9,2,0.08314520614334597,0.04429493259460715,0.12457405733669225
548,70,70_9,70_10,2,0.031734096311626825,0.06103711744272888,0.09078844268098485
549,70,70_10,70_11,2,0.03329752194450064,0.07153786168763276,0.10353997172473761
550,70,70_11,70_12,2,-0.012487784928531642,0.024404682618232032,0.013686705973979363
551,70,70_12,70_13,2,0.0807665663991255,-0.009710541469804879,0.07155793130869603
552,70,70_13,70_14,2,-0.1235482345782013,0.03137736744015762,-0.09037988919744055
553,70,70_14,70_15,2,0.015138734187443603,0.012440082831175259,0.027983227929744725
554,70,70_15,70_16,2,-0.012416821811276568,0.03823804639589046,0.02561166391779457
555,70,70_16,70_17,2,-0.007280273746316457,0.07942161198561637,0.07264516875291527
556,70,70_17,70_18,2,0.019490059481095168,-0.0599839363008674,-0.04187825168630677
557,70,70_18,70_19,2,-0.0011536760046668704,-0.046297265742557214,-0.04676716739553943
558,70,70_19,70_20,2,-0.03481402115451471,-0.012809730811915943,-0.04703855211015484
559,70,70_20,70_21,2,-0.013388489433394879,-0.05789803766578938,-0.07034427325204962
560,70,70_21,70_22,2,0.04557275870394406,-0.12838841554748015,-0.081937851578465
561,71,71_0,71_1,4,0.05198426336150219,0.1883263586539936,0.24015189059939468
562,71,71_1,71_2,4,-0.07626648777883127,0.11468494112698235,0.04564824691380087
563,71,71_2,71_3,4,-0.0209738561027093,0.15157343610098062,0.13499402223143964
564,71,71_3,71_4,4,-0.11128410049689741,0.20402298914388384,0.09750657680052832
565,71,71_4,71_5,4,-0.06753331537105067,0.1671940651748871,0.09046910652779871
566,71,71_5,71_6,4,-0.07201394587489895,0.1648025059170517,0.08608575569883037
567,71,71_6,71_7,4,-0.000587556546982948,0.002772134050214703,0.005132897154938809
568,71,71_7,71_8,4,0.04558408369418565,0.067069119541316,0.09964979503859217
569,71,71_8,71_9,4,0.0700164046235936,0.06660078302085215,0.10557842800984796
570,71,71_9,71_10,4,-0.018220852276660926,0.0948025469303122,0.07458054656538082
571,71,71_10,71_11,4,0.006410249864570394,0.18553026095270364,0.19084642039058797
572,71,71_11,71_12,4,0.03187518017450719,-0.2125566261487779,-0.16865624414785652
573,71,71_12,71_13,4,-0.02940130900219473,-0.42109990444939016,-0.4467538779342053
574,72,72_0,72_1,4,0.01794566416640242,-0.1867650729333823,-0.17379558499340853
575,72,72_1,72_2,4,-0.03601090967132636,0.032232572454096386,0.0014399567140901404
576,72,72_2,72_3,4,-0.03183899163692483,0.039915858292521644,0.012279602559705616
577,72,72_3,72_4,4,-0.05413977642581824,0.036658333737955795,-0.012754567838700215
578,72,72_4,72_5,4,0.037206437501209555,0.11736492521705899,0.12334352582802288
579,72,72_5,72_6,4,0.11116647798217238,0.05002856645247644,0.1494261927207312
580,72,72_6,72_7,4,-0.04537064811664471,0.08634117246213413,0.03275019115149869
581,72,72_7,72_8,4,-0.03772609476055244,0.08391884612727263,0.03826453856226575
582,72,72_8,72_9,4,-0.0587975592139085,0.10771271094351498,0.030171748354410832
583,72,72_9,72_10,4,0.044543446421032584,0.07179587483254601,0.10106821877517369
584,72,72_10,72_11,4,0.039263177101245716,0.06345453405629597,0.09442857068692234
585,72,72_11,72_12,4,-0.011888045056246854,0.04777325254772702,0.04029234469843401
586,72,72_12,72_13,4,-0.06424712498893492,0.144868567296067,0.08819233289899508
587,72,72_13,72_14,4,-0.009210628495989859,0.016958147999356354,0.013606282071653597
588,72,72_14,72_15,4,0.02322003393069183,-0.11353233032094345,-0.06922127982540127
589,72,72_15,72_16,4,-0.018223130860354875,-0.04763908737090139,-0.06637365505293413
590,73,73_0,73_1,0,0.024163749346079788,0.05601548666339062,0.06978668140231736
591,73,73_1,73_2,0,0.027997132360302768,-0.014574416615965147,0.010973276855886338
592,73,73_2,73_3,0,0.01583468236962049,-0.02140013936380636,-0.03176575585227015
593,73,73_3,73_4,0,0.11930292186843383,0.009864324854338413,0.05353726440014317
594,73,73_4,73_5,0,0.01512528289814341,0.03023564952473623,0.01919162292837684
595,73,73_5,73_6,0,0.12122821107284554,0.021545525259447307,0.04247182682236561
596,73,73_6,73_7,0,0.15627256583537097,-0.0799203179731105,-0.03188150195905193
597,73,73_7,73_8,0,-0.13041775376384468,0.07792664178721065,0.019218681010891192
598,73,73_8,73_9,0,-0.0006469864877252096,0.0015569140201232567,0.010597031603730933
599,73,73_9,73_10,0,-0.06633578046843636,0.0538264602823848,0.06003173035171483
600,74,74_0,74_1,1,0.034907701015556514,-0.09269999165222154,-0.05747116530447194
601,74,74_1,74_2,1,0.007823690370056813,0.01955166167687361,0.025476172560142785
602,74,74_2,74_3,1,0.025641017444207215,-0.014422162035700126,0.018108574380225173
603,74,74_3,74_4,1,-0.10769410510127941,-0.14454891083846566,-0.2394288424439508
604,75,75_0,75_1,4,-0.04279311425889931,-0.036071143140132156,-0.07155013452681658
605,75,75_1,75_2,4,-0.012595080958990201,-0.09320087768182872,-0.10404401785771333
606,75,75_2,75_3,4,0.019795006969461904,-0.0022125539882069667,0.00661820279876113
607,75,75_3,75_4,4,-0.1758362724978526,-0.10929922063486197,-0.284832575171005
608,75,75_4,75_5,4,0.08863521855704914,-0.013420541000355835,0.07441469464898276
609,76,76_0,76_1,1,0.005760423861072894,0.21412640810666095,0.2151747064920111
610,76,76_1,76_2,1,0.016228565156454877,0.07830667384715939,0.09147731414443327
611,76,76_2,76_3,1,-0.04305491580919829,0.13637835367767703,0.09777121726593896
612,76,76_3,76_4,1,-0.02780535474856527,0.16605425334226498,0.1434998094333343
613,76,76_4,76_5,1,-0.010108766668255331,0.14170607044994776,0.13069006901725477
614,76,76_5,76_6,1,0.04952207234306538,0.05287766439638375,0.10426353474066974
615,76,76_6,76_7,1,0.01010102237449606,0.0525802608231305,0.068069539482843
616,76,76_7,76_8,1,0.06873325338927927,-0.21328648731992628,-0.14273290003820938
617,76,76_8,76_9,1,0.01997440571620679,-0.046382200318340505,-0.008836107515180602
618,76,76_9,76_10,1,-0.032224319761834375,-0.004335573306898821,-0.04374417062588831
619,76,76_10,76_11,1,-0.0005721357656737203,-0.027036340998929043,-0.01328836965844482
620,76,76_11,76_12,1,-0.03612906492511825,-0.08305148952930708,-0.133084879105549
621,76,76_12,76_13,1,0.08312154810147265,-0.022076346514707357,0.07134165637420997
622,76,76_13,76_14,1,0.1256741848948948,-0.09078527713491447,0.029903570924983303
623,76,76_14,76_15,1,0.04036583780265235,-0.1837515800713192,-0.1340412645752891
624,76,76_15,76_16,1,-0.07832787518414097,-0.17434672815550156,-0.25639803040006237
625,76,76_16,76_17,1,-0.1158250022171845,-0.17091173891840228,-0.27872873599122827
626,76,76_17,76_18,1,-0.025936015658833522,-0.20977803592183353,-0.24430941412217422
627,77,77_0,77_1,3,0.03950141033758303,-0.05678443220321361,-0.038398146445078885
628,77,77_1,77_2,3,0.07018948314371576,-0.045936649730246026,-0.007903169185304426
629,77,77_2,77_3,3,-0.24843566171366227,0.06328406183539403,-0.03256278290475989
630,77,77_3,77_4,3,-0.09840951881123838,0.0032840866964993776,-0.031037008670240063
631,78,78_0,78_1,0,-0.12146135006973147,-0.028905680460855177,-0.040455344878638444
632,78,78_1,78_2,0,0.014808095106561003,-0.010683875054837477,-0.0031078676687739115
633,78,78_2,78_3,0,0.0729825124836867,-0.03597887293426072,-0.015850333114076243
634,78,78_3,78_4,0,-0.01932560983691478,-0.028861518439735168,-0.054775191839546045
635,78,78_4,78_5,0,0.09091161827050998,-0.016038979607968407,-0.024941704169842538
636,78,78_5,78_6,0,0.0825302987258063,-0.008031921596685865,-0.02208576932155426
637,78,78_6,78_7,0,-0.17150482587209348,0.023421638817113344,-0.01287157919897064
638,78,78_7,78_8,0,-0.0662954896364969,0.02200041635341421,-0.014421448663413106
639,78,78_8,78_9,0,0.10010618033280005,-0.020850430197031145,-0.001879214873763857
640,79,79_0,79_1,0,-0.04266600964730505,0.03514402187598531,0.015312815257541912
641,80,80_0,80_1,0,-0.03748521789251513,0.02997802670708305,0.013545439542097526
642,80,80_1,80_2,0,0.40796143463014234,0.033596535851874165,0.22225174846437512
643,80,80_2,80_3,0,0.04062106770607987,0.02902818986638822,0.044733338673845324
644,80,80_3,80_4,0,0.05461130296452543,0.004840303748966601,0.03043521409459493
645,80,80_4,80_5,0,-0.05590561901759816,0.02630732019020332,-0.0018312846157266804
646,80,80_5,80_6,0,0.02806072669489801,-0.030351802174391374,-0.031914123587928556
647,80,80_6,80_7,0,0.050273994769066466,0.07864507221648442,0.091392713171631
648,80,80_7,80_8,0,0.12779713215394628,0.004993093905131363,0.003684852236156888
649,80,80_8,80_9,0,0.09228286495712612,0.00274288412841317,0.04423379023905083
650,81,81_0,81_1,3,0.010083593611545538,-0.007660469489731758,-0.006557782521448896
651,83,83_0,83_1,1,0.06616822789352561,0.09699348872748959,0.15504749903700898
652,83,83_1,83_2,1,-0.09907499299032763,0.025957124057522485,-0.06539636508023894
653,83,83_2,83_3,1,0.019978719704792036,0.07104064921420794,0.08732796529119358
654,83,83_3,83_4,1,0.13791781556981686,-0.40478281054025667,-0.27894626052356397
655,83,83_4,83_5,1,-0.18696228262483694,0.056814631120556625,-0.12954915615996598
656,83,83_5,83_6,1,0.026851306264894292,-0.014646524073835598,0.010954938716521312
657,83,83_6,83_7,1,-0.01960128775139336,-0.03703624790477056,-0.06161498607512805
658,83,83_7,83_8,1,-0.1365271721580621,-0.03288407963512752,-0.18911441179944277
659,83,83_8,83_9,1,-0.0741181004594893,0.13903003891796462,0.06890837832598162
660,83,83_9,83_10,1,0.04899645045637624,0.36081481603209475,0.3977761807055151
661,84,84_0,84_1,1,-0.015932477431829684,-0.23415086024135578,-0.23620376641787422
662,84,84_1,84_2,1,-0.13091619508896657,-0.09879770797627185,-0.22819601452954918
663,85,85_0,85_1,1,0.014661535718490715,-0.1666225667460126,-0.12900660566704025
664,85,85_1,85_2,1,-0.08585854130029813,-0.3544777286611793,-0.4450790561735236
665,85,85_2,85_3,1,-0.10260077918065869,0.11920803210595499,0.037358098016192276
666,85,85_3,85_4,1,0.1855741240401343,0.018750134596598356,0.19246824864400658
667,85,85_4,85_5,1,0.052069496788329284,-0.18721513239062482,-0.11716291456732764
668,86,86_0,86_1,2,-0.028529309448038553,-0.057378498466106986,-0.08644551909793963
669,86,86_1,86_2,2,-0.008170464459540616,-0.04721916561354278,-0.05534219459837386
670,86,86_2,86_3,2,-0.07019241749310767,-0.05244538422359302,-0.12485109760399005
671,86,86_3,86_4,2,0.003743498724367411,-0.027523473526497533,-0.02490369893471911
672,86,86_4,86_5,2,0.13844375516312946,0.014630911166568339,0.14825236282196874
673,86,86_5,86_6,2,-0.0036514079885368034,0.023023210590921828,0.01910860363553546
674,86,86_6,86_7,2,-0.009981258623180223,-0.06228471747275521,-0.07175764765319292
675,87,87_0,87_1,3,-0.005432348649017094,0.009445968128769744,0.004727974626605347
676,88,88_0,88_1,4,0.03343782173136711,0.3499475965391685,0.37567929798876354
677,88,88_1,88_2,4,-0.025253378191141485,0.22593168782513828,0.19605223213749312
678,88,88_2,88_3,4,0.10624283334488394,-0.027843258551224714,0.07415327016293571
679,88,88_3,88_4,4,0.08084507009753539,-0.12282585092876896,-0.050090423758494707
680,88,88_4,88_5,4,0.0665169109533208,0.00507711993509985,0.051823103309899476
681,88,88_5,88_6,4,-0.04824853614530711,-0.17446009947734975,-0.20634419637776347
682,88,88_6,88_7,4,-0.00962520374376119,0.009465937565221516,-0.024629179027319426
683,88,88_7,88_8,4,-0.006838045998506015,-0.15144890508259579,-0.146018311724599
684,88,88_8,88_9,4,-0.23647898469127027,0.2863936366812032,0.0535376265611438
685,88,88_9,88_10,4,0.016488197574947572,-0.11391782565947595,-0.1009326898710734
686,88,88_10,88_11,4,-0.0362824073323158,0.1711728749312127,0.13583152582926106
687,88,88_11,88_12,4,0.1161911700119016,0.2775573944605314,0.3827725646975484
688,88,88_12,88_13,4,0.04169320878122662,-0.03814875913057436,0.005176483687115985
689,89,89_0,89_1,3,-0.06344217852812295,0.07649915734484813,0.04857261955861425
690,89,89_1,89_2,3,0.008580546998532057,-0.0176580574928753,-0.015732801791981554
691,90,90_0,90_1,3,-0.011407432945756524,0.049586767597590065,0.04779390758830271
692,90,90_1,90_2,3,-0.07488505172686422,0.011811663350250301,-0.01936941287362237
693,90,90_2,90_3,3,0.04385337208398776,0.0795011167867663,0.09619553281927695
694,90,90_3,90_4,3,-0.15943577127487263,-0.0022822519915917105,-0.0663358356713617
695,90,90_4,90_5,3,-0.12088423521817515,0.05084202252221215,0.003070125018703962
696,92,92_0,92_1,2,-0.056631265463874314,0.07697736730625016,0.02488042713362648
697,92,92_1,92_2,2,0.026594282399633684,0.0642353382649743,0.09012345391590793
698,92,92_2,92_3,2,-0.0014760995099458718,-0.0694174257448621,-0.06945249044106028
699,92,92_3,92_4,2,-0.011774766352282029,-0.06903203123454738,-0.08195115677989095
700,92,92_4,92_5,2,0.030110503053737192,0.015815106029894554,0.043973606599238435
701,93,93_0,93_1,0,0.11002222611919033,0.038497703151749496,0.08243338287060165
702,93,93_1,93_2,0,0.06665257196145713,-0.02926074562373393,-0.009271011044885036
703,93,93_2,93_3,0,0.030862631884579717,0.04836549970532622,0.06291792535461993
704,93,93_3,93_4,0,0.059872835517625456,-0.08111670841677388,-0.05852385300283536
705,93,93_4,93_8,0,-0.012212762119224507,0.013651990480300302,0.04324461510780231
706,93,93_8,93_9,0,0.06260741658462865,0.021779523432896797,0.06540489535524907
707,93,93_9,93_10,0,0.12588054539404558,0.021997445349512645,0.06573076660871824
708,93,93_10,93_11,0,0.05113214271855848,0.01795192426517933,0.021007525959984008
709,93,93_11,93_12,0,-0.17032928488937915,0.12332507874045118,0.08730973951914867
710,93,93_12,93_13,0,-0.033873400610685556,-0.0027227748963192244,-0.019688808593028906
711,93,93_13,93_14,0,0.006009114532120385,-0.008495356286012834,0.002265857228582746
712,93,93_14,93_15,0,0.15552696387110854,-0.007679262698622069,0.013824895963085448
713,94,94_0,94_1,1,0.04749213813400366,-0.09783080541332989,-0.0510242861414556
714,94,94_1,94_2,1,-0.10195477011043153,-0.034238534497238904,-0.12526688828509447
715,95,95_0,95_1,4,0.004371435273963886,0.14231621514851867,0.1460373348473083
716,95,95_1,95_2,4,0.0603649706286733,0.1833715557993436,0.23900357689408747
717,95,95_2,95_3,4,0.07990671822211515,-0.07964643771495017,-0.00015990960892198203
718,95,95_3,95_4,4,0.0333329985928601,0.07561293350556908,0.10354828599110211
719,95,95_4,95_5,4,0.36071704872927124,-0.0010851474104796033,0.344015326271671
720,95,95_5,95_6,4,-0.07342779021972401,0.007940595969896824,-0.058583799156824545
721,95,95_6,95_7,4,-0.08687698151505918,0.149805683742394,0.0589102956324119
722,95,95_7,95_8,4,-0.05957159017789593,0.004626167795916292,-0.054006261645705766
723,95,95_8,95_9,4,-0.023350001000324028,-0.007282425419329108,-0.03669718959462154
724,95,95_9,95_10,4,0.0009536489589712094,-0.01942259687951786,-0.021180018633996545
725,95,95_10,95_11,4,-0.08650856639481797,-0.029301326478265555,-0.1188405220383153
726,95,95_11,95_12,4,-0.09919462541454838,-0.007869737743494198,-0.11056361245190605
727,95,95_12,95_13,4,0.14534137645648304,0.011641178420009002,0.17883791875808086
728,95,95_13,95_14,4,0.12606996716712837,0.06922021754329544,0.18629355771574607
729,95,95_14,95_15,4,-0.023210680423947583,-0.136278124256354,-0.16397824128345384
730,95,95_15,95_16,4,0.005034989570621207,0.05467211361367519,0.0570689847746535
731,95,95_16,95_17,4,-0.000775840426014085,-0.03508553597914155,-0.016462755421380093
732,95,95_17,95_18,4,0.026600325351629817,-0.02242885512508619,0.006363859513487613
733,95,95_18,95_19,4,-0.1718553378590051,0.11229324506273342,-0.06762544593380371
734,96,96_0,96_1,0,0.09238658430806901,-0.03299663403034181,-0.012219249272604316
735,96,96_1,96_2,0,0.01825139907514206,0.11265113919878678,0.13436635030162059
736,96,96_2,96_3,0,0.008331177136875922,-0.005457428897077232,-0.0009378019763075507
737,96,96_3,96_4,0,0.0875032043118158,0.06487021840039597,0.08526949263888328
738,96,96_4,96_5,0,0.153592703292468,0.0073356410541016714,0.02370093560275255
739,96,96_5,96_6,0,0.069694559574915,-0.06228184154070471,-0.06269359534750119
740,96,96_6,96_7,0,-0.15745491251192,0.026585209835954693,-0.026214372025106458
741,96,96_7,96_8,0,0.043218009868692064,0.006814677903896005,0.027983756088963974
742,96,96_8,96_9,0,-0.3948357405033247,-0.01526496587750259,-0.1036000401684889
743,96,96_9,96_10,0,-0.04691453081550412,0.012991181820979136,-0.01535504356218631
744,96,96_10,96_11,0,0.1068160458730506,0.021623503139046374,0.07468518711976091
745,96,96_11,96_12,0,-0.018238900463132257,-0.012100036377241441,-0.026805533264022685
746,96,96_12,96_13,0,0.06273485822369118,0.022467277259218488,0.0376552710131135
747,96,96_13,96_14,0,-0.1378933915417131,-0.05957637987891262,-0.0907574488352787
748,96,96_14,96_15,0,0.03514835366775826,0.04524317881544293,0.03944726879300009
749,96,96_15,96_16,0,0.010010697698394022,0.03820995306099384,0.06968185883034517
750,96,96_16,96_17,0,0.017188433127551583,0.03798845004488105,0.056521860910162536
751,96,96_17,96_18,0,0.0403720447354079,-0.018045581235289987,0.01243671841111671
752,96,96_18,96_19,0,-0.06061052827616198,0.03043426000345706,0.011769742510057357
753,96,96_19,96_20,0,-0.03173605955449488,0.034852224368402185,0.03610002979184879
754,97,97_0,97_1,4,0.06345181390299492,0.2772795775885655,0.33933179267769864
755,97,97_1,97_2,4,-0.024911414030361456,-0.04560814245595601,-0.07049270259564944
756,97,97_2,97_3,4,0.008062907719637913,-0.029171306372487216,-0.019961794935682287
757,97,97_3,97_4,4,-0.04015433956074155,-0.02437288067501453,-0.05592843030632055
758,97,97_4,97_5,4,-0.029303951581522436,-0.03386482450111139,-0.025404390492007378
759,97,97_5,97_6,4,-0.011624931466711508,-0.038517292908860745,-0.03926941540401052
760,97,97_6,97_7,4,-0.029693386169315605,-0.054272225232927074,-0.08161240247367063
761,97,97_7,97_8,4,0.09305988591013215,-0.10406371897825828,-0.016149118081882685
762,97,97_8,97_9,4,0.08789154385792053,-0.0396307073187,0.04473491937945051
763,97,97_9,97_10,4,0.06508572672408763,-0.03553611171714777,0.03863493382085714
764,97,97_10,97_11,4,0.015647265157871182,0.30611241620579666,0.3277514801993813
765,98,98_0,98_1,0,-0.05109985703914144,0.0046318058994512246,0.01531137942774441
766,98,98_1,98_2,0,-0.05098896277188336,-0.035618953382146046,-0.023731815796489197
767,98,98_2,98_3,0,-0.1524735108487072,-0.03932066410726609,-0.0618222780642379
768,98,98_3,98_4,0,0.2496606429493884,0.025653768443222535,0.07790441059211961
769,98,98_4,98_5,0,0.3758407865474793,0.02090684375471108,0.10558452106891347
770,98,98_5,98_6,0,0.2140197059061708,0.02581425358408418,0.0775768260714973
771,98,98_6,98_7,0,0.20636999866773698,-0.0389258822134515,0.023568977874424357
772,98,98_7,98_8,0,0.006950147304132237,-0.03485633190259363,-0.05996682457641178
773,98,98_8,98_9,0,-0.12786632314000124,0.03201103577469944,-0.00680352664999373
774,98,98_9,98_10,0,0.04168232240937808,0.028675243167067377,0.03722700815553304
775,98,98_10,98_11,0,-0.23970437443933656,-0.006360779970866481,-0.046016774292320095
776,99,99_0,99_1,1,0.021436559091806417,0.049167192968208706,0.06914393014420117
777,99,99_1,99_2,1,0.0260845030817507,-0.03236767884038394,-0.009269898683408107
778,99,99_2,99_3,1,-0.011796401952504754,-0.037213139214191227,-0.045714790288522655
779,99,99_3,99_4,1,0.028508915936291235,-0.02112239943300187,0.013458300925674571
780,99,99_4,99_5,1,0.07721865278764417,-0.057996313141919886,0.015280393174266438
781,99,99_5,99_6,1,0.014153783683675591,-0.08059960653409415,-0.07285949168518902
782,99,99_6,99_7,1,0.08183604586445092,-0.06619137602761804,0.009161542411068035
783,99,99_7,99_8,1,-0.032147351881076425,-0.23041587334555325,-0.2750917827139381
784,99,99_8,99_9,1,0.09378225701832132,0.1931260927744083,0.2999186177315545
785,100,100_0,100_1,2,-0.0018730961648050215,-0.05387875218545135,-0.055388247560827164
786,100,100_1,100_2,2,0.025511159148365214,-0.058186175386592875,-0.03167099634990511
787,100,100_2,100_3,2,-0.018092077809903406,-0.04619541921344816,-0.06574016470675526
788,100,100_3,100_4,2,-0.007168908074273617,-0.0197808051726569,-0.024594892069836893
789,100,100_4,100_5,2,0.007710844687439433,0.07373647700251684,0.07954362761278433
790,100,100_5,100_6,2,-0.005348347519273489,0.016116371609592894,0.009408364602909725
791,100,100_6,100_7,2,-0.007257064113985079,-0.02241612668433035,-0.028118998164844866
792,100,100_7,100_8,2,-0.007032464694587404,-0.020784352389947136,-0.026314420446782005
793,100,100_8,100_9,2,0.0026478259271944804,0.01747122574758664,0.02064680991568979
794,100,100_9,100_10,2,0.00534317967568354,-0.028229634021490257,-0.0207385592335807
795,100,100_10,100_11,2,0.014052350774655276,0.003553658414926719,0.016659576598630377
796,100,100_11,100_12,2,0.012095162047929042,0.0076604670297004684,0.019028254515456977
797,100,100_12,100_13,2,0.01598651320587252,0.02576712128654135,0.04055860960059898
798,100,100_13,100_14,2,-0.033344106548835795,0.012527803159102513,-0.020237180305426872
799,100,100_14,100_15,2,-0.010358055617249118,0.060134517278044086,0.04809280915294423
800,100,100_15,100_16,2,0.005827218557853842,0.0031218781499016135,0.008024318494592952
801,100,100_16,100_17,2,0.008053310453244311,-0.009166227002673333,-0.0013200375642199447
802,100,100_17,100_18,2,0.006094510967812994,0.016483896052838176,0.02305694373717504
803,100,100_18,100_19,2,0.0012954489096461685,-0.0028227138085465953,-0.0026034828237275764
804,101,101_0,101_1,1,0.04459594818581514,0.07054930660714798,0.10181444590959388
805,101,101_1,101_2,1,-0.09616823595969848,-0.2674777762280005,-0.38398226602439234
806,101,101_2,101_3,1,0.06397260394815385,0.06371236162578464,0.13516011086236912
807,102,102_0,102_1,3,-0.042523417362480664,0.0006671128988797737,-0.015854946910024426
808,102,102_1,102_2,3,-0.016047536162094866,-0.11680005480569755,-0.12252142610093464
809,102,102_2,102_3,3,0.05363073850920741,-0.029099585066510336,-0.00442984859615736
810,102,102_3,102_4,3,0.07878380465216184,-0.01780875413585581,0.01640324514513236
811,102,102_4,102_5,3,-0.01649806017522426,0.0467873803456329,0.03938407645759057
812,102,102_5,102_6,3,-0.09091832987898352,-0.20275574837378785,-0.2384742524909116
813,102,102_6,102_7,3,0.18824064572774368,-0.06581189419886746,0.013335963967169517
814,102,102_7,102_8,3,-0.016134024396618596,-0.016380597066980807,-0.02138680291770867
815,102,102_8,102_9,3,-0.16063649473579655,0.20774798931710192,0.14708522163452908
816,103,103_0,103_1,2,-0.014117299524554872,0.007246361721764405,-0.00871400654454857
817,103,103_1,103_2,2,-0.05081785881090117,-0.09571399005422676,-0.14728758948159215
818,103,103_2,103_3,2,-0.02967108745495306,0.10984877929801473,0.08228304628116057
819,103,103_3,103_4,2,-0.031269764583397475,-0.010867408643788101,-0.04040125667366845
820,103,103_4,103_5,2,0.006315181456125085,-0.08839909558188053,-0.08291134573891235
821,104,104_0,104_1,3,-0.0746819363477389,-0.005173738920668303,-0.03776919470152551
822,104,104_1,104_2,3,0.05907697579984306,0.03226361661935906,0.0640130118825597
823,105,105_0,105_1,1,0.08257068961490344,0.03341144239999361,0.11755544618685954
824,105,105_1,105_2,1,-0.0031669701466432443,0.14799913336415527,0.13629092290544031
825,106,106_0,106_1,3,0.03504250181087154,-0.07990527763344035,-0.06246791813599528
826,106,106_1,106_2,3,-0.15804071296347622,0.12617713186530244,0.06806159498757247
827,106,106_2,106_3,3,0.050519576675831734,0.0016591509916632496,0.021999172617116702
828,107,107_0,107_1,0,0.002412855680557602,0.02342950805431787,0.022354914957359417
829,107,107_1,107_2,0,0.140998449503563,-0.0946833519517436,-0.03747463432894449
830,107,107_2,107_3,0,-0.04241134339334063,-0.01878108587474303,-0.011536336507562472
831,107,107_3,107_4,0,-0.027715645806305256,0.0647376694687567,0.0704992681542711
832,107,107_4,107_5,0,0.11314203586844718,-0.11635415288652817,-0.06497290684611778
833,107,107_5,107_6,0,-0.032858649470705936,-0.0034598526348093017,-0.004779108388196285
834,107,107_6,107_7,0,-0.10331265782050614,-0.04846203778049696,-0.08755489647192727
835,107,107_7,107_8,0,-0.0233993509970698,0.025899571787541653,0.04081605295590629
836,107,107_8,107_9,0,0.03961390205768178,-0.01349490964716038,-0.006544683430067089
837,107,107_9,107_10,0,-0.2185768180440093,0.019548688308916207,-0.04103217206457854
838,107,107_10,107_11,0,-0.04092389722902667,0.025945913605515014,-0.015514953090025818
839,107,107_11,107_12,0,0.16260163631496116,-0.06441094632045408,-0.013895840254368075
840,108,108_0,108_3,4,0.02726181996641186,-0.04960495588079161,-0.015572399616076149
841,108,108_3,108_4,4,0.11603883454094888,-0.03627992522189305,0.0795628107519859
842,108,108_4,108_5,4,-0.1820563942611546,0.09791195150544185,-0.08224144415631018
843,108,108_5,108_6,4,-0.022819071326836138,0.027731832537525314,-0.005843236972240984
844,108,108_6,108_7,4,0.0520905661450044,0.003951281594739342,0.05889566081407205
845,108,108_7,108_8,4,-0.028110582194869504,0.015979530325758606,-0.03333814491904796
846,108,108_8,108_9,4,-0.008803861482987285,-0.12046094980969979,-0.14836909300992462
847,109,109_0,109_1,2,-0.015663548525914006,0.01902530523632784,0.004427688242109262
848,109,109_1,109_2,2,-0.05649286385372765,-0.10089604350284809,-0.1596777298604899
849,109,109_2,109_3,2,0.0124635369188284,0.024683475934359933,0.03666264632035232
850,109,109_3,109_4,2,0.06388745248197791,0.047729742758297444,0.11169480710597801
851,109,109_4,109_5,2,0.010616847076415414,-0.043196223605209916,-0.034367141813616664
852,109,109_5,109_6,2,0.0058754167416454894,0.023158419455778345,0.030000496304275925
853,109,109_6,109_7,2,-0.0925767610427255,-0.0816255965407644,-0.17565876396725333
854,110,110_0,110_1,1,0.04923591814879247,-0.018640053713937066,0.03218022318891245
855,110,110_1,110_2,1,0.02303131512929002,0.2550005251963646,0.26762995891502983
856,110,110_2,110_3,1,-0.14919192718180163,0.09825703624427673,-0.04228727984900704
857,110,110_3,110_4,1,-0.14520792844113473,0.07278452042327688,-0.08109473797847677
858,110,110_4,110_5,1,-0.05101553550300686,0.2654621064535426,0.22675852541675912
859,110,110_5,110_6,1,0.10126457662425836,-0.4764037146691549,-0.3676124439225066
860,110,110_6,110_7,1,-0.062137197443146164,0.14854004998697334,0.08260762002961197
861,110,110_7,110_8,1,0.022365925600500658,-0.509810182220203,-0.474978631013965
862,111,111_0,111_1,3,0.04622820541381878,0.013513434402098179,0.03352225956386179
863,111,111_1,111_2,3,0.044221191306986984,0.018434184045905688,0.03831227711463914
864,111,111_2,111_3,3,-0.17581280428744828,0.19935386201766625,0.13046096240928806
865,111,111_3,111_4,3,-0.07149175244732064,0.03864959066409579,0.010103928568778509
866,111,111_4,111_5,3,-0.051463584803874696,0.07234850143370286,0.04546777854227679
867,111,111_5,111_6,3,-0.17143198656141934,0.06274561918702637,-0.011493046814043284
868,111,111_6,111_7,3,-0.03375693667332702,-0.011082567366226925,-0.03564666974170727
869,111,111_7,111_8,3,-0.0579898465424975,0.06401963553607892,0.03390488616072029
870,111,111_8,111_9,3,-0.060603918148987246,0.052921750430340087,0.022676877041387655
871,111,111_9,111_10,3,-0.10218282101864817,0.2271220626644972,0.18020787898345403
872,111,111_10,111_11,3,-0.02135173118854028,0.012166033526690212,0.012735508017355457
873,111,111_11,111_12,3,-0.03365701515836195,0.06109718525687602,0.046308348577562386
874,111,111_12,111_13,3,0.011319695226582605,-0.05664051629578237,-0.0512395290337988
875,111,111_13,111_14,3,0.06074796253835979,-0.008594044958507019,0.01757674652149288
876,112,112_0,112_1,2,-0.010939580752777234,-0.013732457833290912,-0.027486537448745407
877,112,112_1,112_2,2,0.040143946160157595,0.11577378693418372,0.15480669828258864
878,112,112_2,112_3,2,0.021455429193644182,0.08509357854925326,0.10670305843551708
879,112,112_3,112_4,2,0.031148328171418216,0.10863569181136956,0.1386204296857485
880,112,112_4,112_5,2,-0.04250492513700199,-0.07275537346190708,-0.11769882873441939
881,112,112_5,112_6,2,0.003238451540480858,0.11226385556890528,0.11234820175280036
882,112,112_6,112_7,2,0.023323574891108034,0.11731247559868008,0.13702606045889132
883,112,112_7,112_8,2,-0.040188097421435254,-0.09325278486487276,-0.13301691417809547
884,112,112_8,112_9,2,0.024688173805263336,-0.04531963165988717,-0.020489206607886112
885,112,112_9,112_10,2,-0.027983214166801273,-0.12035012054196703,-0.148237989293724
886,112,112_10,112_11,2,-0.03775201260265959,0.07186073814481686,0.03564395413708299
887,112,112_11,112_12,2,-0.04186610127724233,0.05868927089423437,0.018313374877833688
888,112,112_12,112_13,2,-0.019601825963849073,0.052136496479699534,0.03084105319434416
889,112,112_13,112_14,2,0.031389277502950286,0.08812348458389696,0.11931062225856337
890,112,112_14,112_15,2,-0.011672022474678245,0.0070842709829310735,-0.003684442894409168
891,112,112_15,112_16,2,0.034029263496628825,-0.021077104535258684,0.010068602665431747
892,112,112_16,112_17,2,-0.051079551211456575,-0.036782369496151324,-0.08809580623359436
893,112,112_17,112_18,2,-0.012499502441293942,-0.035402279233059275,-0.04777169020257599
894,112,112_18,112_19,2,-0.08612428790399473,0.05876049572970388,-0.02528759978002082
895,112,112_19,112_20,2,-0.0679096493615674,0.01465054984507308,-0.052234177157427286
896,112,112_20,112_21,2,-0.03785320929666591,-0.03164391247879417,-0.07011598333006241
897,113,113_0,113_1,4,0.129220135949752,0.13516468596644948,0.2681244320488727
898,113,113_1,113_2,4,0.02781323503717026,-0.04469192166088032,-0.018620387768545577
899,113,113_2,113_3,4,-0.004727678234259791,0.15696997775346155,0.14689170558605802
900,113,113_3,113_4,4,-0.01263849481961521,-0.32302566485855944,-0.32597442622642014
901,113,113_4,113_5,4,-0.07428550174149695,-0.20823469311139253,-0.2873020816159735
902,113,113_5,113_6,4,0.019022003012524102,-0.06477866488216888,-0.034144096540079216
903,113,113_6,113_7,4,-0.017903976990259585,-0.1135140142781923,-0.11285057306043278
904,113,113_7,113_8,4,-0.19984087018033803,-0.08649971016700686,-0.2786556728799372
905,113,113_8,113_9,4,0.00961257331984433,0.07608375606787365,0.06991861604902927
906,113,113_9,113_10,4,-0.02613223884867444,0.22051461114664805,0.20972133275269367
907,113,113_10,113_11,4,0.038823835350139335,0.09945282529471267,0.13224338133101843
908,113,113_11,113_12,4,-0.05569519683602753,-0.2064559414046716,-0.2398691999206335
909,113,113_12,113_13,4,-0.0363874378592377,-0.25476232057578896,-0.2675879778243462
910,113,113_13,113_14,4,0.06605794155697353,-0.13134313533941921,-0.0652323829296384
911,113,113_14,113_15,4,-0.05138044604152614,-0.06324135965003697,-0.1158177903253994
912,113,113_15,113_16,4,-0.06752610266406367,-0.002975422406439554,-0.06087574715003541
913,114,114_0,114_1,1,-0.00251009315792583,0.08445878001123575,0.07933473759990928
914,114,114_1,114_2,1,0.10130740716983944,-0.13711874002018742,-0.0432425595026138
915,114,114_2,114_3,1,-0.012809601985991792,0.08900134408407112,0.07156668205417827
916,114,114_3,114_4,1,-0.037569093411856436,0.07267599759004106,0.03193601443481486
917,114,114_4,114_5,1,0.031458055883710756,0.007992664443730035,0.042978161709025464
918,115,115_0,115_1,2,-0.01330839569668596,-0.02327557521998269,-0.03758645547912898
919,115,115_1,115_2,2,-0.020311284456806078,0.08678320837873077,0.06672142939321857
920,115,115_2,115_3,2,0.03428735392477278,-0.020171611533859046,0.016340279424633675
921,115,115_3,115_4,2,-0.054674521182410896,-0.016273381760506078,-0.0715137101787009
922,115,115_4,115_5,2,-0.0023925036557657098,-0.007245748950073239,-0.009333966515535863
923,116,116_0,116_1,1,0.03656465974024847,0.04092565214025479,0.07715980746167439
924,116,116_1,116_2,1,-0.002798581069972661,0.03300520104919902,0.04235724133452656
925,116,116_2,116_3,1,-0.00911050447819628,-0.005405222739418569,0.005684695780947324
926,116,116_3,116_4,1,-0.17602786505103118,0.0823204450795918,-0.07299814935795546
927,116,116_4,116_5,1,0.10615676377406924,0.21303809060326762,0.3291929975248271
928,116,116_5,116_6,1,0.10839841857169841,0.06758388471749077,0.17597708519374355
929,116,116_6,116_7,1,0.01022499578568925,0.08872307573618743,0.09501398459827537
930,116,116_7,116_8,1,-0.13155581934517713,0.026999291662354707,-0.09226998396909947
931,116,116_8,116_9,1,-0.03896067059649844,0.05982266424563265,0.036430477009164575
932,116,116_9,116_10,1,-0.13322915350420694,-0.03445700552815478,-0.15076829522001578
933,116,116_10,116_11,1,-0.02139107312595323,0.11483293169191655,0.10030447744749438
934,117,117_0,117_1,1,-0.00832467369809109,-0.1269837731894614,-0.13585937381458635
935,117,117_1,117_2,1,-0.010477973663238105,0.024638804772173728,0.014574043586760954
936,117,117_2,117_3,1,0.05220699914471605,0.042504896985138485,0.08753403399456916
937,117,117_3,117_4,1,-0.013714028936009592,-0.0037773936926261964,-0.021717036099925036
938,117,117_4,117_5,1,-0.14374832759136735,0.009342804227753465,-0.13070916853390058
939,117,117_5,117_6,1,-0.007225007887606827,0.05636603303213561,0.049195739792707416
940,117,117_6,117_7,1,0.03559789902615451,0.1601183361007188,0.18720680236703924
941,117,117_7,117_8,1,0.054608761004160566,-0.21968499996984536,-0.1625788033558233
942,118,118_0,118_1,1,0.03643509266273459,0.060499819255353415,0.09031351469450732
943,118,118_1,118_2,1,0.06504376834587955,-0.12071403529331892,-0.04851020949021345
944,118,118_2,118_3,1,0.01339581220515429,-0.24319090395887422,-0.22269096838277846
945,118,118_3,118_4,1,0.032140266447473254,0.08465041538841844,0.11021128433637806
946,118,118_4,118_5,1,0.08799619646762036,0.16392920116559573,0.2324436865531987
947,118,118_5,118_6,1,0.038852932164647025,0.1376665407598835,0.16552579992860428
948,118,118_6,118_7,1,-0.09857722936574875,-0.20448569801060223,-0.30898367122249404
949,118,118_7,118_8,1,-0.1403969007607393,0.08563879110619732,-0.031186026052580917
950,118,118_8,118_9,1,0.24171534994383337,0.10013939560026275,0.32217916262876445
951,118,118_9,118_10,1,-0.04478124002637163,-0.170730162313395,-0.2129508364874333
952,118,118_10,118_11,1,-0.06126098652817569,0.020337551467085158,-0.035074816180047375
953,119,119_0,119_1,4,-0.035256346111988135,0.19446606213970496,0.1628279901865477
954,119,119_1,119_2,4,-0.04011950861465752,-0.0867020838424939,-0.13266409020022962
955,119,119_2,119_3,4,-0.16619704726844553,0.11956871068077946,-0.036279876540640243
956,119,119_3,119_4,4,0.006237694657552417,-0.12028970334006961,-0.12037035060371792
957,119,119_4,119_5,4,0.06868674074199532,0.24104163743126383,0.302581823956628
958,119,119_5,119_6,4,0.05232978996712445,0.22286498085859185,0.25753109650519224
959,120,120_0,120_1,4,-0.07744998344094012,0.10216129044700539,0.020040597915383263
960,120,120_1,120_2,4,-0.021188263082549952,0.11312851613029729,0.09421413829761649
961,120,120_2,120_3,4,0.008994603445827032,0.034155344015997624,0.042757519702266045
962,120,120_3,120_4,4,-0.025891153157489244,0.09562395128171985,0.06893936512711529
963,120,120_4,120_5,4,-0.15944663536048775,-0.1376754516425862,-0.3085007043212964
964,120,120_5,120_6,4,0.19445686162512388,0.003342005502842582,0.19529685048690215
965,120,120_6,120_7,4,0.041963646110843245,0.11274746570480043,0.13960642617876806
966,120,120_7,120_8,4,-0.1550846590520547,0.028363295779690878,-0.11471427589310679
967,120,120_8,120_9,4,0.0031579751971857473,0.25572865324948935,0.2551652241312443
968,120,120_9,120_10,4,0.044539955403193776,0.08567522317445175,0.14261116808266516
969,120,120_10,120_11,4,-0.018504800948061728,0.1043020720167227,0.08579110702924697
970,120,120_11,120_12,4,0.044014480661449085,0.043553141643457804,0.08474784850598516
971,120,120_12,120_13,4,0.015247332522411616,-0.06334605031612672,-0.0496276511131426
972,120,120_13,120_14,4,-0.05079407371664457,-0.05663639769890949,-0.11014858856878784
973,120,120_14,120_15,4,-0.043792160436947336,0.16645484102233832,0.1340705335214134
974,120,120_15,120_16,4,0.2201103699167446,0.19878660577301077,0.3850392284482851
975,120,120_16,120_17,4,0.006864913476476664,0.047264869615970984,0.061082901825295854
976,120,120_17,120_18,4,-0.009804497511856747,-0.14875110136649838,-0.15779893276029844
977,121,121_0,121_1,2,-0.03694830878237587,-0.007104072107812609,-0.04447002134530953
978,121,121_1,121_2,2,0.02188395240705243,-0.03736334615469561,-0.01613696530794262
979,121,121_2,121_3,2,0.062134172243293095,-0.0532605885974029,0.011209896144473763
980,121,121_3,121_4,2,0.053646214408266335,-0.07230815158807902,-0.013589949879084795
981,121,121_4,121_5,2,0.016804735530164816,-0.037116493812199725,-0.020075785360323728
982,122,122_0,122_1,2,0.04822414525233043,0.020187100175329098,0.06512152094899504
983,122,122_1,122_2,2,-0.05926061065282795,0.027096699711758987,-0.03054228062470421
984,122,122_2,122_3,2,-0.05468360605169309,-0.059713638131158486,-0.11198671808713101
985,122,122_3,122_4,2,-0.00046632796451917535,-0.0033673751483671577,-0.0023359550169710364
986,123,123_0,123_1,1,-0.016526107987048233,-0.1049884346591754,-0.11294932400899693
987,123,123_1,123_2,1,0.028615260069078552,-0.032645909772636594,-0.006506485941666362
988,123,123_2,123_3,1,-0.030545186172922012,-0.010545207202929063,-0.03905897187760088
989,123,123_3,123_4,1,0.04965680857116772,-0.08024976424736119,-0.04378211467576554
990,123,123_4,123_5,1,0.010983112304737253,-0.14980646229785743,-0.13776859977591593
991,123,123_5,123_6,1,0.046223066325389084,-0.18418276022187507,-0.14338227578878948
992,123,123_6,123_7,1,-0.05627339095528039,-0.08864197709978305,-0.14646699205849534
993,123,123_7,123_8,1,0.10829794385310643,-0.06601819732746228,0.0453884836210523
994,123,123_8,123_9,1,-0.04822745895944869,-0.04109104242161088,-0.10029990545878253
995,123,123_9,123_10,1,-0.01285614346595687,-0.08328657705417264,-0.1114400263502866
996,123,123_10,123_11,1,0.10074993659908604,0.05747706846394607,0.1327677956643487
997,123,123_11,123_12,1,-0.027603978974745758,-0.048901918229090624,-0.06875681218257745
998,123,123_12,123_13,1,0.07720738669583738,0.2204979746410225,0.28442703816012926
999,123,123_13,123_14,1,-0.0027469203851868684,0.007521959117256394,0.014391291869625844
1000,123,123_14,123_15,1,0.04771389979525198,0.1231541168992647,0.15696603817984744
1001,124,124_0,124_1,0,-0.06419403304856397,-0.0706424462285069,-0.061197509916456116
1002,124,124_1,124_2,0,-0.1301838292825046,-0.04545475176014313,-0.05345092180062916
1003,124,124_2,124_3,0,0.02151976887498186,-0.021210903303437334,-0.027717829911962033
1004,124,124_3,124_4,0,0.02135154854272847,-0.03542971804782402,-0.023867417021559145
1005,124,124_4,124_5,0,-0.16312534376749266,0.031694001630231394,0.021207883455212073
1006,124,124_5,124_6,0,0.04339644750886207,-0.03343926414280163,-0.02631442290955399
1007,124,124_6,124_7,0,0.05445365218312226,0.006422855678897221,0.05865490863756406
1008,124,124_7,124_8,0,0.11847935408639643,-0.10636686271582496,-0.06916328137012995
1009,124,124_8,124_9,0,0.012206375997371843,-0.1368929489352979,-0.13151089112994807
1010,124,124_9,124_10,0,-0.07075043127263081,-0.10028902336737477,-0.10477987382942366
1011,124,124_10,124_11,0,0.021894830645096786,-0.032789556043917756,-0.00815378020820079
1012,124,124_11,124_12,0,0.15500853813523752,0.009974447514074836,0.06234070001913028
1013,124,124_12,124_13,0,0.013050633534036349,0.001277073952886676,0.010487169664012974
1014,124,124_13,124_14,0,0.1403795378730166,0.06580629272233507,0.10079238326481077
1015,125,125_0,125_1,1,0.011143735411460964,0.17520431001396264,0.19215708795413822
1016,125,125_1,125_2,1,0.053385752337137604,0.17072157119386766,0.21693069430452805
1017,125,125_2,125_3,1,0.030717751151916217,0.029614521296704832,0.05883206362896476
1018,125,125_3,125_4,1,-0.08279140650053307,-0.08992061642262983,-0.16085917799145477
1019,125,125_4,125_5,1,0.012846648872014699,0.019391614321614403,0.03047949284850837
1020,125,125_5,125_6,1,-0.01811610739252445,0.04661380830624973,0.042168088820744964
1021,125,125_6,125_7,1,0.21674894852950644,0.2563816397880414,0.45968290630452113
1022,125,125_7,125_8,1,-0.007931827478053433,0.0162941862984195,-0.011799589058200333
1023,125,125_8,125_9,1,-0.0693632402375628,0.014906135019592703,-0.057651341586966165
1024,125,125_9,125_10,1,0.12322519451986125,-0.00260979423475427,0.12200724601627777
1025,125,125_10,125_11,1,0.04368458264257313,-0.2874700595429318,-0.2299702475197294
1026,125,125_11,125_12,1,-0.005191460404635695,0.14319715938771815,0.13076165134545803
1027,125,125_12,125_13,1,-0.00476052568317864,-0.018019180354043263,-0.010098927304879268
1028,125,125_13,125_14,1,-0.019913301499560276,-0.04513166301717009,-0.08346566823661261
1029,125,125_14,125_15,1,-0.0643894022738627,0.03320993259088234,-0.02802794609685022
1030,125,125_15,125_16,1,-0.009328893582259301,0.04630424449405268,0.04504451689436029
1031,125,125_16,125_17,1,-0.03731900910102559,-0.20624007416853196,-0.2272181554069581
1032,125,125_17,125_18,1,0.044317413442475084,-0.09717314740088034,-0.060121190553415804
1033,125,125_18,125_19,1,-0.10071855178810263,-0.2431714726352292,-0.3257933048091728
1034,125,125_19,125_20,1,-0.047475596321300495,-0.16709631574160966,-0.2375927450972608
1035,125,125_20,125_21,1,-0.04848761634638654,0.05802622800477275,0.031748597611261475
1036,125,125_21,125_22,1,0.1379537369530468,0.03736540135981192,0.16603281354541122
1037,126,126_0,126_1,4,0.08562090643092501,-0.28576197439915907,-0.19846556254254955
1038,126,126_1,126_2,4,-0.03986080160586081,-0.3453953897692288,-0.38480995921808336
1039,126,126_2,126_3,4,0.003579634693053668,0.011314247458956261,0.015486757941297613
1040,126,126_3,126_4,4,-0.06102477642183879,0.05996493886483245,-0.010767942971544153
1041,126,126_4,126_5,4,0.013643223078488975,-0.0499353251640926,-0.0203367278513209
1042,126,126_5,126_6,4,0.03026481578334539,0.01593301203436992,0.046975316781264986
1043,126,126_6,126_7,4,-0.021227287961079977,-0.06014201929980367,-0.07466857454131692
1044,126,126_7,126_8,4,-0.040261869372005155,-0.15030788963906727,-0.1992074593005615
1045,126,126_8,126_9,4,-0.0820767338732955,0.0912508786147721,0.015319821785926946
1046,126,126_9,126_10,4,-0.002965351659401705,-0.19462241286515658,-0.19717089811662825
1047,126,126_10,126_11,4,0.07994154141640974,0.14916504152501553,0.2217680248531111
1048,126,126_11,126_12,4,0.05124469348474503,-0.09249658116107295,-0.036942228458506365
1049,126,126_12,126_13,4,-0.08338856646715165,-0.0968591954761373,-0.19453403823308424
1050,126,126_13,126_14,4,0.029888846084081155,-0.08733351003213796,-0.06445268877033294
1051,126,126_14,126_15,4,0.07749678225140821,0.09664868236420521,0.16735637921347712
1052,127,127_0,127_1,3,-0.0060495050456383925,0.001708615895059662,-0.002346465372850215
1053,127,127_1,127_2,3,-0.04993048705421721,0.012184965263376313,-0.01517577993885566
1054,127,127_2,127_3,3,-0.07461275285967339,-0.015852199955490365,-0.04551467981041135
1055,127,127_3,127_4,3,0.009449112560399486,-0.03279129431858441,-0.029339246586198353
1056,127,127_4,127_5,3,0.014074077226813198,-0.06101242891312175,-0.05590917495207126
1057,128,128_0,128_1,2,-0.0017761458013065834,-0.05227298562972149,-0.05378821897567532
1058,128,128_1,128_2,2,-0.001648145801727674,-0.05284469280622095,-0.05405414177532042
1059,128,128_2,128_3,2,-0.003678199823125672,-0.04759696749994413,-0.049572295958570045
1060,128,128_3,128_4,2,-0.014351190244475509,0.12052776955029465,0.10699217833660057
1061,128,128_4,128_5,2,-0.04816723387452426,0.06605783399860443,0.019501812568929244
1062,128,128_5,128_6,2,0.016198194553645795,0.11976184644414856,0.13619542352787772
1063,128,128_6,128_7,2,-0.017564380295503446,-0.05629904955222775,-0.07386285643401203
1064,128,128_7,128_8,2,-0.0751404298756908,0.08166383375128228,0.007117712923794928
1065,128,128_8,128_9,2,0.0015903245074391226,-0.04546137934262173,-0.04366574126972922
1066,129,129_0,129_1,1,0.008314685257229781,-0.1618904464997275,-0.14497694423281082
1067,129,129_1,129_2,1,-0.014042785956640103,0.027311310634574593,0.014439475882631614
1068,129,129_2,129_3,1,-0.1331584779373216,0.0932255493061902,-0.022027954452820575
1069,129,129_3,129_4,1,-0.047042374953793376,0.07701499530236433,0.02820306602645606
1070,129,129_4,129_5,1,0.043938459677396846,0.06709758031374113,0.10854363165124914
1071,129,129_5,129_6,1,0.013802334595971244,-0.042493903737259586,-0.02499631530957669
1072,129,129_6,129_7,1,0.04871659743802392,-0.05783312596328738,-0.012821926380429671
1073,130,130_0,130_1,0,-0.04325666256463001,-0.08708658826720006,-0.08396900670816265
1074,130,130_1,130_2,0,-0.13243733368675237,0.0198590535654104,0.007631666259618974
1075,130,130_2,130_3,0,-0.0992909753927973,-0.021910013278633844,-0.04019792263820765
1076,130,130_3,130_4,0,0.04152398285869796,0.061590367334404816,0.05711000576537373
1077,130,130_4,130_5,0,0.21066957209087667,0.0008523939335582931,0.03948693851424512
1078,130,130_5,130_6,0,0.346388242722512,-0.0032350929857893895,0.03571516824988974
1079,130,130_6,130_7,0,-0.014231996942685843,-0.02512443254201502,-0.03867116165721485
1080,130,130_7,130_8,0,-0.04181702681168886,0.12846350374084103,0.1502076128563128
1081,130,130_8,130_9,0,0.13708346439677277,-0.010049272639930051,0.025458294835069117
1082,130,130_9,130_10,0,-0.19170029557166135,0.028608048350496462,0.011750196727605022
1083,130,130_10,130_11,0,0.021694232773783906,0.02950170729648338,0.0801663932677632
1084,130,130_11,130_12,0,-0.17336022459467948,-0.01714781965503498,-0.03597897000084638
1085,130,130_12,130_13,0,-0.031721951946630966,0.0015443080547175025,0.009973912879803981
1086,130,130_13,130_14,0,-0.1373870457849371,-0.052271911130015836,-0.09107524090207653
1087,130,130_14,130_15,0,0.0569716724374586,0.05931659147529744,0.07182178269573158
1088,130,130_15,130_16,0,0.03451336333389565,0.07505828471177345,0.08991546075453816
1089,130,130_16,130_17,0,-0.04730368701829302,-0.011055459095746123,-0.04141117018259677
1090,131,131_0,131_1,0,0.041258043652299126,-0.025772336298448995,-0.04177243956784027
1091,131,131_1,131_2,0,0.039928347991361246,0.05957947099161576,0.07398288144373555
1092,131,131_2,131_3,0,-0.18327004128271973,0.19542561349964815,0.1307918626665714
1093,131,131_3,131_4,0,0.0843449182103807,-0.006148587216622037,0.02411824047471134
1094,131,131_4,131_5,0,0.04745211388554449,-0.07341326153164252,-0.06408450703111823
1095,131,131_5,131_6,0,0.06504050830803099,0.11837624238313671,0.13994784700973772
1096,131,131_6,131_7,0,-0.033486514122494704,-0.030182478247664735,-0.03030459151373499
1097,131,131_7,131_8,0,-0.0699263150851297,0.139482396997213,0.12253977530177051
1098,132,132_0,132_1,3,0.08046498781488642,0.05437935727311127,0.08396731234774135
1099,132,132_1,132_2,3,0.07683084728154799,0.05418707861858474,0.08207851138011879
1100,132,132_2,132_3,3,-0.04496702195882851,-0.01585409926091219,-0.035622379604748566
1101,132,132_3,132_4,3,-0.029348729862353373,0.010287781375730276,-0.00522241579102678
1102,132,132_4,132_5,3,-0.043267256773730445,-0.017919192038985177,-0.03559532157927303
1103,132,132_5,132_6,3,-0.026300890297804358,-0.04376762852370608,-0.05707377785287315
1104,132,132_6,132_7,3,-0.02624802808811988,0.0026839031668381974,-0.009115286397134215
1105,132,132_7,132_8,3,0.01353613070392612,-0.015128122675683642,-0.005959576825143698
1106,132,132_8,132_9,3,-0.11139452240765513,-0.018338709810953313,-0.06176226361383286
1107,132,132_9,132_10,3,0.10371713571506858,0.04306822741472627,0.08847173121054941
1108,132,132_10,132_11,3,-0.0760823226776689,-0.10035470024355242,-0.13430609486866696
1109,132,132_11,132_12,3,-0.07759770140856315,-0.010560611343140014,-0.04356251403043765
1110,132,132_12,132_13,3,0.046631594424899614,0.021714471878601982,0.04107120924587604
1111,132,132_13,132_14,3,-0.03498226700778839,0.07999747490527431,0.06382725670522982
1112,132,132_14,132_15,3,-0.11414622526066753,-0.015955349433453225,-0.06424490804417693
1113,132,132_15,132_16,3,0.09844473149855792,0.013934655511815386,0.049524995924943305
1114,132,132_16,132_17,3,-0.015262156929647053,-0.14816695619237652,-0.15965174378931046
1115,132,132_17,132_18,3,-0.10847388574914918,-0.168474169173083,-0.22213171477504023
1116,132,132_18,132_19,3,-0.21393496700287895,-0.14058385402235896,-0.22542400250250227
1117,133,133_0,133_1,3,0.048197963134187116,0.02666138420235553,0.051379228442575364
1118,133,133_1,133_2,3,0.01833667461077737,-0.13537840192412343,-0.12460431560616048
1119,133,133_2,133_3,3,-0.016347984790673564,0.05239702079933828,0.04570197599054371
1120,133,133_3,133_4,3,-0.04417184772871385,-0.03958100675823539,-0.0489384478334971
1121,133,133_4,133_5,3,-0.0878582632257201,0.04857224158916562,0.01740939461301716
1122,133,133_5,133_6,3,0.012318913066198478,-0.0793488689253633,-0.07332776681480013
1123,133,133_6,133_7,3,-0.11381214048950206,0.013439891571465967,-0.0308142439561212
1124,133,133_7,133_8,3,0.032094851146333925,-0.378164143895632,-0.3506817128036712
1125,133,133_8,133_9,3,-0.07544207142740422,0.15287942071789717,0.11895610822487046
1126,133,133_9,133_10,3,0.08709485484824353,0.2707069523983905,0.304087480575713
1127,133,133_10,133_11,3,-0.04808077363946062,-0.0019352673369641415,-0.02392870798168678
1128,133,133_11,133_12,3,-0.008522437467299193,-0.08319326284876483,-0.09444862940654608
1129,133,133_12,133_13,3,-0.041184848684990616,-0.011182724530705457,-0.02739063514258855
1130,133,133_13,133_14,3,-0.02511819353524447,-0.09000816259328892,-0.0980243970431951
1131,133,133_14,133_15,3,0.018992435722197998,-0.06083113037514454,-0.05615749806491066
1132,134,134_0,134_1,3,-0.004769288808734062,-0.12206952537759608,-0.12326352354343739
1133,134,134_1,134_2,3,-0.055171354368738434,-0.001229265612270325,-0.024840869620342154
1134,134,134_2,134_3,3,0.04149728297652233,0.05093838631128067,0.06283036368919781
1135,135,135_0,135_1,4,0.0018477803074046228,-0.035036730346873934,-0.027799086017085806
1136,135,135_1,135_2,4,-0.08457183725067319,0.0664330174687443,-0.017496153079183174
1137,135,135_2,135_3,4,-0.0040991063194550925,0.10071194892846735,0.11624721379185754
1138,135,135_3,135_4,4,0.00011183607867493173,0.09676608335014247,0.10744245839051159
1139,135,135_4,135_5,4,0.05048104298374456,0.16888171387582362,0.2296651023550096
1140,137,137_0,137_1,4,-0.022384596625011577,-0.003483954630342012,-0.03019330449905433
1141,137,137_1,137_2,4,-0.10407337712799514,0.024746973279462958,-0.07749413777203928
1142,137,137_2,137_3,4,-0.007752097780292955,0.03006880180680538,0.02850633829995619
1143,137,137_3,137_4,4,-0.05576843666695308,0.05056969125265842,-0.00998956167193088
1144,137,137_4,137_5,4,0.005054491127245986,-0.016529650002163665,-0.009357634371955026
1145,137,137_5,137_6,4,-0.027865647949162797,0.03707551747840898,0.010618755861333984
1146,137,137_6,137_7,4,-0.14639150623894692,0.16216116785123957,0.04328657964502658
1147,137,137_7,137_8,4,0.04902096572600989,0.07555250621012699,0.11565696362665989
1148,137,137_8,137_9,4,-0.01627429510093603,0.0041350883520212545,-0.01009078036358102
1149,137,137_9,137_10,4,-0.1498686189825167,0.1552894353449581,0.022814330108645642
1150,137,137_10,137_11,4,-0.04580866814892848,-0.019333817134593145,-0.08108374925098571
1151,137,137_11,137_12,4,-0.12257777039672502,0.043163944433378454,-0.060607629121913975
1152,137,137_12,137_13,4,0.05818962571924091,0.04719432919590605,0.10994036908015281
1153,137,137_13,137_14,4,0.08832664136609925,0.10087606132013094,0.18849921774577294
1154,138,138_0,138_1,1,-0.10324147059989741,-0.04636163319007025,-0.1331530421794409
1155,138,138_1,138_2,1,-0.18145318472880545,0.01437532248804052,-0.1662904561955294
1156,138,138_2,138_3,1,0.020259611566915137,-0.06133730113796276,-0.0389815804982474
1157,139,139_0,139_1,1,0.05332672526118398,-0.06996564654314175,-0.020616807082439292
1158,139,139_1,139_2,1,-0.06806808182103574,-0.011142339188931594,-0.07357538923512208
1159,139,139_2,139_3,1,0.19094958120802685,0.07024764024049279,0.2624618784125867
1160,139,139_3,139_4,1,0.04557374571756867,-0.05759762763141962,-0.016042170039872516
1161,139,139_4,139_5,1,-0.003170227697126493,-0.08028468341184136,-0.0853959701500755
1162,139,139_5,139_6,1,-0.10059103690145643,-0.07718162241070281,-0.18820929484145854
1163,139,139_6,139_7,1,-0.10954659082141882,0.07535452984599145,-0.03560204903894659
1164,139,139_7,139_8,1,-0.10810751256513029,0.06172356763704645,-0.050266585579075596
1165,139,139_8,139_9,1,-0.13910393922775222,0.0013137732295194215,-0.13203221165611256
1166,140,140_0,140_1,2,0.026553825942335685,-0.030017430313804994,-0.0027138538101438847
1167,140,140_1,140_2,2,0.05782979347118489,0.012803065625601517,0.06698665404516202
1168,140,140_2,140_3,2,-0.005200944082466963,0.016735440887675646,0.011187031989538854
1169,140,140_3,140_4,2,0.0033194581984294924,-0.09198082162939136,-0.08981834335480099
1170,140,140_4,140_5,2,-0.026712832327321134,0.01156656566667813,-0.012566346391884142
1171,140,140_5,140_6,2,-0.013063318653276701,-0.061315920952276004,-0.07472079375570728
1172,140,140_6,140_7,2,-0.11896755338377019,-0.07508645649677015,-0.20150706092281467
1173,140,140_7,140_8,2,0.040643383628821805,0.08509218941938834,0.12554390287688832
1174,140,140_8,140_9,2,-0.009820131909302532,-0.02678739211256964,-0.037061177666414036
1175,140,140_9,140_10,2,-0.009034804274126396,-0.03158118043722857,-0.0416009304275462
1176,140,140_10,140_11,2,-0.06245694732086027,0.04356641568528885,-0.014631204531380115
1177,140,140_11,140_12,2,-0.0006869157415372307,-0.11738343682199526,-0.11619901263790688
1178,140,140_12,140_13,2,0.016015615111097947,-0.03293875974712068,-0.01582439136992675
1179,140,140_13,140_14,2,0.009674568231511804,-0.0013735007848698633,0.00561850216188664
1180,140,140_14,140_15,2,-0.053060373907413805,-0.06119465747146835,-0.11737873366036644
1181,140,140_15,140_16,2,0.003751276831388095,-0.02807548071999255,-0.024049596207757373
1182,141,141_0,141_1,4,0.013304329236831003,0.0024086301174267577,0.01075951057982405
1183,141,141_1,141_2,4,-0.061971233906695455,0.04170959611047609,-0.013960195133594033
1184,141,141_2,141_3,4,0.07439506892385062,0.01795838970971353,0.0778700746210299
1185,141,141_3,141_4,4,-0.11530547714298689,-0.024819493835781747,-0.12926673313855197
1186,142,142_0,142_1,2,-0.002170213226498685,0.012128224922886233,0.010008649251385782
1187,143,143_0,143_1,1,0.004727583526378032,-0.049387465566665734,-0.039984823576699524
1188,143,143_1,143_2,1,-0.04877206052201788,-0.0778599927223349,-0.1273948680525825
1189,143,143_2,143_3,1,0.0410195038678931,0.11608028261749781,0.15066107531053086
1190,143,143_3,143_4,1,-0.08465182226448176,-0.04324072060350159,-0.1242476934750466
1191,143,143_4,143_5,1,-0.021188228388581587,-0.034816280737920424,-0.04851268224999283
1192,143,143_5,143_6,1,0.10435355399326451,-0.004890121476517795,0.08435122651640947
1193,143,143_6,143_7,1,-0.01530965033581344,0.2983577781453577,0.2812762922503984
1194,143,143_7,143_8,1,0.13318597651038333,-0.06743607535366691,0.07005000349225865
1195,144,144_0,144_1,2,-0.029083615771425375,-0.009849876185931805,-0.03682495330942004
1196,144,144_1,144_2,2,-0.04321057364958114,-0.11388166172389225,-0.1591554804983233
1197,144,144_2,144_3,2,-0.02787150804359606,0.07284429908551804,0.04789846213615023
1198,144,144_3,144_4,2,0.0398004171755213,-0.09716093487899546,-0.05710336692419071
1199,144,144_4,144_5,2,-0.0017852345729323371,-0.10080833998941063,-0.10327494492272882
1200,144,144_5,144_6,2,-0.04937867507948823,-0.005588255037028089,-0.058682568577958616
1201,144,144_6,144_7,2,-0.012519132067476901,0.12713716565680055,0.118541669086627
1202,144,144_7,144_8,2,-0.056775747619819406,-0.1905630798927025,-0.2514276712343395
1203,144,144_8,144_9,2,0.034838204143126106,-0.19759230096174596,-0.16079222103107216
1204,144,144_9,144_10,2,0.01279480796743604,-0.20623401505486072,-0.19387130706106626
1205,144,144_10,144_11,2,-0.00248814841549172,-0.18768987630144807,-0.1919917849222108
1206,144,144_11,144_12,2,0.04425207221933314,-0.19248678162052002,-0.1487300269235874
1207,144,144_12,144_13,2,-0.01787247556450633,0.11920860676191802,0.10316706354676175
1208,144,144_13,144_14,2,0.017420366189647263,0.03325187436136723,0.05344784164485761
1209,145,145_0,145_1,0,0.0797503934196464,0.010707780389942023,0.03113245791292707
1210,145,145_1,145_2,0,0.06426606268413082,0.0567728619906227,0.06154967876063877
1211,145,145_2,145_3,0,-0.012665478393058649,0.005960132067530655,-0.004480108398826399
1212,145,145_3,145_4,0,-0.19230202206767655,-0.07278183663477988,-0.13039136917626237
1213,145,145_4,145_5,0,0.041423794487906784,-0.02737785209577126,-0.013914669024496229
1214,145,145_5,145_6,0,-0.015855009962956412,-0.05732862837819175,-0.061873119324610926
1215,145,145_6,145_7,0,-0.08641048892435976,-0.053398372607651456,-0.0662164188061729
1216,145,145_7,145_8,0,0.0058365187773901095,-0.06640607016149458,-0.05307758159183029
1217,145,145_8,145_9,0,0.0074457744234979195,-0.05144603397876635,-0.015209288223597017
1218,145,145_9,145_10,0,0.0858995459681332,-0.020071140671874987,0.01608722487269909
1219,145,145_10,145_11,0,0.0929155753463844,-0.023566343689198632,0.022562680087796938
1220,145,145_11,145_12,0,0.09057522141435215,0.006374945279867372,0.021356832389824887
1221,146,146_0,146_1,4,0.17258642804262903,-0.38105664024718866,-0.18479495050400763
1222,146,146_1,146_2,4,0.08598438507928452,-0.02070667779833002,0.05626575441298165
1223,146,146_2,146_3,4,-0.026686102076469265,0.0032374484567481154,-0.031194848184181945
1224,146,146_3,146_4,4,0.04361908568660944,0.061091310243826635,0.08204357108119886
1225,146,146_4,146_5,4,-0.08993703848535617,-0.026975474382019193,-0.11797954358368967
1226,146,146_5,146_6,4,-0.0672514331792371,0.15211196909683666,0.09821332434277252
1227,147,147_0,147_1,0,-0.06955389509544019,0.01963529954609955,-0.0007556421409207204
1228,147,147_1,147_2,0,0.042149551537850494,0.02446209559142276,0.028172238466508626
1229,147,147_2,147_3,0,0.18931029259807874,0.05013657706044139,0.09480795078154003
1230,147,147_3,147_4,0,-0.25009972064134645,0.05003993290547171,-0.02650494254535274
1231,147,147_4,147_5,0,0.17545844134032995,-0.005849096266536513,0.03147863426715647
1232,147,147_5,147_6,0,0.2019497245434052,0.015513164737825269,0.03299613624854869
1233,147,147_6,147_7,0,-0.0757669389792548,0.02527468669427635,0.021593611222698428
1234,147,147_7,147_8,0,-0.019908187400353494,-0.05763400170554722,-0.08394571044240506
1235,147,147_8,147_9,0,-0.022226825536746153,-0.07216841786676209,-0.05958941303241838
1236,147,147_9,147_10,0,0.13209158297604162,-0.015172560619808984,0.0426466437591988
1237,149,149_0,149_1,0,-0.24340631953199177,-0.05609802008296505,-0.0958423594613369
1238,149,149_1,149_2,0,-0.1908066162095179,-0.06005616426487448,-0.04542519844492543
1239,150,150_0,150_1,0,-0.08134413896023207,0.0298992691282971,0.036322146307856906
1240,150,150_1,150_2,0,-0.018638233990003972,0.030245928523898957,0.04699698064452429
1241,150,150_2,150_3,0,-0.14329200284639465,0.06109896831731909,0.05458989258065006
1242,150,150_3,150_4,0,-0.08733692718048136,0.01845667549621255,-0.014347610526287635
1243,150,150_4,150_5,0,0.04357143386231355,-0.025916865953276025,-0.021959643620662828
1244,151,151_0,151_1,1,-0.21428664820882548,0.08147268070345914,-0.13892753574645744
1245,151,151_1,151_2,1,-0.06655904971076154,0.0814384550165832,0.010438035656020306
1246,151,151_2,151_3,1,-0.058492727219990215,-0.12141724180188151,-0.18874979749293708
1247,152,152_0,152_1,4,-0.0024528557248406635,-0.07659747210401169,-0.07090350891821551
1248,152,152_1,152_2,4,0.0006554354243650806,-0.022948701021081597,-0.021588925947888082
1249,152,152_2,152_3,4,-0.005706621901913067,-0.1257393255908248,-0.1299167049337493
1250,152,152_3,152_4,4,0.05519484688473608,0.07852965409979618,0.1272429955038521
1251,153,153_0,153_1,1,-0.00648096855083069,0.005542863257878672,-0.006579664215881964
1252,153,153_1,153_2,1,0.0014136975893377368,0.06921373107221385,0.06766989440250282
1253,153,153_2,153_3,1,-0.10810393743234603,0.047960691496314434,-0.060279599711148046
1254,153,153_3,153_4,1,0.030820240613445682,-0.14697053816785766,-0.10778838226315068
1255,153,153_4,153_5,1,-0.02917129432193466,0.07830165166632796,0.04356516995283921
1256,153,153_5,153_6,1,-0.06878282204003616,0.08833166095591094,0.015271646321435961
1257,153,153_6,153_7,1,0.031001276594673333,0.015976107380135218,0.044761758118901485
1258,153,153_7,153_8,1,0.027489860164236823,0.08890100535149736,0.12377093656918792
1259,153,153_8,153_9,1,0.044793284023864066,-0.09654675734736173,-0.05135141861317383
1260,153,153_9,153_10,1,0.07223973850801357,0.1314810254527683,0.2136706639876751
1261,153,153_10,153_11,1,0.0582551890471541,-0.2115380078445117,-0.14954890820435662
1262,154,154_0,154_1,3,-0.027501457244705207,-0.14524782486418442,-0.14939900030628905
1263,154,154_1,154_2,3,-0.0007100613033377279,-0.014661813009070546,-0.007364292313729148
1264,154,154_2,154_3,3,-0.05718740804651157,-0.06823527532807017,-0.08843077963355617
1265,154,154_3,154_4,3,-0.11425054112161714,-0.021887827683631733,-0.06978833455580202
1266,154,154_4,154_5,3,0.013786947316243747,-0.06267821125725237,-0.05516322075704072
1267,154,154_5,154_6,3,0.05329755554073956,-0.0045264116304426505,0.021128563142561285
1268,154,154_6,154_7,3,0.06192215060962303,-0.09971389429163979,-0.07633643127714196
1269,154,154_7,154_8,3,-0.09644846376202709,0.049522036504350275,0.011912883454691103
1270,154,154_8,154_9,3,0.05010018572211328,0.06517582217058626,0.08476531039063939
1271,154,154_9,154_10,3,-0.1338289048185528,-0.0024506631074268093,-0.05315281734983435
1272,154,154_10,154_11,3,0.10402632555351854,0.14332645892533824,0.18474182054128407
1273,154,154_11,154_12,3,-0.005003353780264952,0.15482272104661154,0.15407445666256914
1274,154,154_12,154_13,3,-0.07148498173643425,0.06856578634183319,0.03948058561367218
1275,154,154_13,154_14,3,-0.016967630213507334,0.061863079520471986,0.05474272984829898
1276,154,154_14,154_15,3,0.031607930147284025,0.06414130026300247,0.0788317317242131
1277,154,154_15,154_16,3,-0.0839826710038043,0.061337587763627965,0.02608875693938595
1278,154,154_16,154_17,3,-0.03391282487219849,-0.04484333847017563,-0.05491233650593186
1279,154,154_17,154_18,3,-0.06724613232935095,0.023340925942792357,0.002032075926928778
1280,154,154_18,154_19,3,-0.10529513033191806,0.05626542884750241,0.013325365367657938
1281,154,154_19,154_20,3,-0.17007686863666338,0.018350924986498374,-0.04729642881043672
1282,155,155_0,155_1,0,0.0379160037422972,-0.01945368439837125,0.008515106261669958
1283,155,155_1,155_2,0,-0.020863504783881437,0.023941785716949715,0.012240845717931492
1284,155,155_2,155_3,0,0.18544516812050071,-0.0544766113164219,0.050733882981739864
1285,155,155_3,155_4,0,-0.08630084687995154,0.00981251789049109,0.060259304209720366
1286,155,155_4,155_5,0,0.23599145854357317,0.021060514259115815,0.06808987031188463
1287,155,155_5,155_6,0,-0.10070234940728606,0.030452642410926822,0.015575945109436384
1288,155,155_6,155_7,0,0.03312065698739031,-0.006037133266439065,-0.013128511153053912
1289,155,155_7,155_8,0,0.0703315631584831,0.033523790881902826,0.07297015137855745
1290,156,156_0,156_1,0,0.03835560413669015,-0.0394986689771617,-0.07343183222339
1291,156,156_1,156_2,0,0.045867779966559,0.06402317915757227,0.07830875618620592
1292,156,156_2,156_3,0,0.09837865099561705,0.037130310134901645,0.08078951418130076
1293,156,156_3,156_4,0,-0.10065706096801774,0.0504791286674624,0.010011432246728624
1294,156,156_4,156_5,0,-0.018310370631264616,0.04574380278470769,0.0519588678757561
1295,156,156_5,156_6,0,0.06166332988666601,-0.06696435799790024,-0.06443857312600465
1296,156,156_6,156_7,0,-0.04756604360720873,0.01618251830927475,-0.007343904160066472
1297,156,156_7,156_8,0,0.02034585449627957,0.032958601724186076,0.02009797455921114
1298,156,156_8,156_9,0,0.02255001484250041,-0.06037368307192659,-0.022387976625917405
1299,156,156_9,156_10,0,-0.15120596298044675,-0.07963842960763068,-0.1471520154646162
1300,156,156_10,156_11,0,0.05594189047540876,0.012751165061057002,0.043152511609315436
1301,156,156_11,156_12,0,0.13456562736250155,-0.07068301998330417,-0.023108092945823833
1302,156,156_12,156_13,0,-0.07276398054394062,0.0327867339730894,0.011607325465773588
1303,156,156_13,156_14,0,0.09772967366825247,0.008862135629109869,0.011780228861208109
1304,156,156_14,156_15,0,-0.10912978265614748,-0.053656923657192435,-0.04012971760144257
1305,157,157_0,157_1,1,0.05220769890288346,-0.08421534477247872,-0.027131718195792187
1306,157,157_1,157_2,1,0.0011921232911775714,0.15795455625250132,0.16022396446816933
1307,157,157_2,157_3,1,-0.1559616036727849,0.14552205698287712,0.015399297475865215
1308,157,157_3,157_4,1,-0.11541192368638842,0.07972201198449258,-0.02093940731300803
1309,157,157_4,157_5,1,0.05117356912139459,-0.017163832253038303,0.027243613402280653
1310,157,157_5,157_6,1,0.003874749719483317,-0.01564371712017598,-0.02006267868487832
1311,157,157_6,157_7,1,-0.01841364601799156,0.14447519530643083,0.12459126491241745
1312,158,158_0,158_1,1,0.23467066765460198,-0.7204468092491918,-0.4360108631836328
1313,158,158_1,158_2,1,-0.21927505691628046,-0.07545420296883298,-0.2967545791405606
1314,158,158_2,158_3,1,-0.02543008481452902,-0.008285898318017182,-0.024216578708745606
1315,158,158_3,158_4,1,0.031953464196244896,-0.1936239933406294,-0.1700348199055972
1316,158,158_4,158_5,1,-0.024949752752460697,0.06415739046192703,0.05014631909644307
1317,158,158_5,158_6,1,0.09526908713353688,-0.09264421643493392,-0.010707808469279767
1318,159,159_0,159_1,2,0.023772678474573317,0.06992108704777733,0.09097221772846509
1319,160,160_0,160_1,2,0.07344725863879753,0.09783018718178305,0.16825520955420625
1320,160,160_1,160_2,2,0.07093322384682499,-0.005653029590230618,0.06446385540211841
1321,160,160_2,160_3,2,0.026431214932633562,0.009474680216270182,0.03646465986542058
1322,160,160_3,160_4,2,0.06919388200290544,0.001684386581273234,0.07067084037509175
1323,160,160_4,160_5,2,-0.07572432157546793,0.010975173870541033,-0.06511080684352022
1324,160,160_5,160_6,2,0.057622397633489975,0.016742474331099988,0.07397992047825808
1325,160,160_6,160_7,2,0.10097121293562084,0.01736531406558206,0.11601945429949923
1326,160,160_7,160_8,2,0.06799784395200148,0.030841888649871585,0.09871097985188726
1327,160,160_8,160_9,2,-0.07006209136474206,0.13247256430677434,0.06854659861905898
1328,160,160_9,160_10,2,0.015602765325998913,0.029658208554999232,0.045184546093078204
1329,160,160_10,160_11,2,-0.017891796689941897,0.044628254293851644,0.02713962815602078
1330,160,160_11,160_12,2,-0.1417831662656639,0.10461340918621764,-0.029418722833386424
1331,160,160_12,160_13,2,0.037767209713177596,0.03147061067548518,0.06926329074771398
1332,161,161_0,161_1,0,-0.11347348782763711,0.02365864019231889,-0.03481266008520989
1333,161,161_1,161_2,0,-0.04253628714078417,0.07974787370698455,0.08832061395491086
1334,161,161_2,161_3,0,-0.06224376835378376,-0.09427943483035772,-0.08745626859071187
1335,161,161_3,161_4,0,0.1177683398244751,-0.10469339000588951,-0.0668762451312408
1336,161,161_4,161_5,0,0.06862446634401509,0.013810922807494075,0.029119741368483165
1337,161,161_5,161_6,0,0.1683521897552347,-0.10890649037876843,-0.0647608142806364
1338,161,161_6,161_7,0,0.03315667532993127,0.023753130393209698,0.017845239093484455
1339,161,161_7,161_8,0,0.05329157894398362,0.01644854509604854,0.01528194233626845
1340,161,161_8,161_9,0,-0.11399580383344499,-0.0017002162272143906,-0.0496420979670269
1341,161,161_9,161_10,0,-0.16071137835894422,-0.035547687406792594,-0.06304878577272932
1342,161,161_10,161_11,0,-0.03391081946707253,0.012943181257961012,0.0011961246733380726
1343,162,162_0,162_1,2,-0.01414341417231868,0.043686809978051966,0.03002124778191506
1344,162,162_1,162_2,2,0.0025985329913014166,-0.027426179750613122,-0.02448725960478093
1345,162,162_2,162_3,2,0.010121139477596852,0.007583564448111035,0.018269947562377764
1346,162,162_3,162_4,2,0.021874322575019423,-0.03126764654714609,-0.009019749336272698
1347,162,162_4,162_5,2,-0.012760373371619282,-0.04274841614339686,-0.05782888286469112
1348,163,163_0,163_1,1,0.1467134248384634,-0.21814861724849077,-0.051453881302060855
1349,163,163_1,163_2,1,0.015859078767552548,-0.16017477545139047,-0.12364197649839004
1350,163,163_2,163_3,1,-0.011929453474937013,0.28423466372922723,0.2777712650936546
1351,163,163_3,163_4,1,0.005112531369175999,0.04984936609112145,0.042723604930984926
1352,163,163_4,163_5,1,0.04285725009442576,0.04131035203872924,0.07008318211066933
1353,163,163_5,163_6,1,0.025427331114116436,-0.1326195700675441,-0.10616081765291896
1354,163,163_6,163_7,1,-0.0469906557574884,0.020221516980118093,-0.03846878548055077
1355,163,163_7,163_8,1,-0.08836310150268756,0.01071282925086603,-0.10635951099589391
1356,163,163_8,163_9,1,-0.04149014102682891,-0.26623840250523023,-0.2737385154717682
1357,164,164_0,164_1,2,-0.012763715523226526,0.07294013557121493,0.05813883010307386
1358,164,164_1,164_2,2,0.02736959549513651,0.0698292588293985,0.09139288931992062
1359,164,164_2,164_3,2,0.004409864914211248,-0.008841844989294412,-0.005978704354231201
1360,164,164_3,164_4,2,0.009290094084816403,0.016267334071714323,0.02372678221679969
1361,164,164_4,164_5,2,-0.0025214642223205797,-0.044995233431656345,-0.048482689155816994
1362,164,164_5,164_6,2,-0.007769987744463913,-0.04308144377654144,-0.0511025677965633
1363,164,164_6,164_7,2,0.06133866282874623,0.0854110813436777,0.14496095614312643
1364,164,164_7,164_8,2,-0.018125085901654625,0.03859841602966618,0.019773077266260763
1365,165,165_0,165_1,2,-0.01699521898299805,0.044641987724050036,0.02901068379003946
1366,165,165_1,165_2,2,0.006960129977517049,-0.043750519945425115,-0.035868124378028554
1367,165,165_2,165_3,2,0.03023827589974948,0.007856888014922125,0.035464778992050805
1368,165,165_3,165_4,2,0.06472015179920954,0.05069981963809678,0.11405900902146526
1369,166,166_0,166_1,0,-0.0492798627005282,0.029674463559236308,0.04272586971652936
1370,166,166_1,166_2,0,0.11066476892959942,0.04915679272340223,0.06814223484151505
1371,166,166_2,166_3,0,0.23568844412471823,-0.014745362007028584,0.04553870563217788
1372,166,166_3,166_4,0,0.0839042158468779,0.015063917543942207,0.024522414159745765
1373,166,166_4,166_5,0,-0.1482715875991869,0.021112329264074248,-0.03413842620164864
1374,166,166_5,166_6,0,0.0009363026316939749,-0.0025673558268424213,0.012248378765589374
1375,166,166_6,166_7,0,0.02454617859899333,-0.027630830368686743,-0.035173350312401874
1376,166,166_7,166_8,0,0.05335797743515469,-0.00787286991065983,-0.015438336978704559
1377,166,166_8,166_9,0,0.022971506289848453,0.0006498135432742025,-0.014172538017583225
1378,166,166_9,166_10,0,-0.009889609917151931,-0.022157185705833138,-0.006216601682197176
1379,166,166_10,166_11,0,0.0485859203313066,-0.0401820526977128,-0.03178649254556576
1380,166,166_11,166_12,0,-0.059741816185379104,-0.024016663323119358,-0.031283280175345096
1381,166,166_12,166_13,0,-0.0225506859828688,-0.029442829489803035,-0.014680866684148475
1382,167,167_0,167_1,3,-0.09694540422191977,0.09492800306004034,0.06339646104157404
1383,167,167_1,167_2,3,-0.03473107943575804,0.03078056423226938,0.015911599314309077
1384,167,167_2,167_3,3,-0.07702126864784398,0.02084624073105079,-0.00901624151610636
1385,167,167_3,167_4,3,0.03687032934737511,-0.005915137214413946,0.010974960213087082
1386,167,167_4,167_5,3,-0.08564018978898824,-0.15190666206671866,-0.1869521029363015
1387,167,167_5,167_6,3,0.14777824229642977,0.008041778704675817,0.06528334390250423
1388,167,167_6,167_7,3,0.1105444673072935,0.07711573547806938,0.12026115826238315
1389,167,167_7,167_8,3,0.05962661735134378,-0.04602346446363814,-0.019518721182065768
1390,167,167_8,167_9,3,-0.03908447022096073,-0.058712512549353724,-0.07539609539139502
1391,167,167_9,167_10,3,-0.005291954948484001,0.06032820093336566,0.05713386243427099
1392,167,167_10,167_11,3,0.0051997206365689275,-0.04261315189077908,-0.04030508565593571
1393,167,167_11,167_12,3,0.001890227541521572,-0.009287443512584703,-0.006417367471231339
1394,167,167_12,167_13,3,0.1445370402774101,0.011684863326582917,0.07255056872115218
1395,167,167_13,167_14,3,-0.20612214339265789,-0.026137449643562016,-0.11689996806715941
1396,167,167_14,167_15,3,0.0053832351050771,0.051728810038403905,0.054941034007510714
1397,167,167_15,167_16,3,0.09583835507872318,-0.020918036141435836,0.019873088580447562
1398,168,168_0,168_1,2,0.0378192995854536,0.1174360892277666,0.14989562429344327
1399,168,168_1,168_2,2,0.016371116149433762,0.015350902347569972,0.029887502614895256
1400,168,168_2,168_3,2,0.02095115834336192,0.10535693753720332,0.12356850876213221
1401,168,168_3,168_4,2,0.023498418703994384,-0.04703463206998726,-0.02506242720365237
1402,168,168_4,168_5,2,0.043359719790795115,-0.06870844060187498,-0.023107526242936327
1403,168,168_5,168_6,2,0.04139422821090921,0.10112337623984857,0.13730013527814955
1404,168,168_6,168_7,2,-0.016771628467873168,0.05264159954686998,0.036867872261960866
1405,168,168_7,168_8,2,0.01796742206149471,0.015455091979009739,0.03298804003209632
1406,168,168_8,168_9,2,-0.037149552129523755,0.0013231100266670737,-0.03592018965498145
1407,168,168_9,168_10,2,0.02207205827075387,-0.04168837775533607,-0.01979736249603925
1408,168,168_10,168_11,2,0.02806896590874941,0.019045849739998566,0.04760096094520527
1409,168,168_11,168_12,2,0.053691332182407514,0.08606051063006737,0.13750686471976326
1410,168,168_12,168_13,2,0.10426915678421,-0.0037425574623706215,0.10007753455176283
1411,168,168_13,168_14,2,0.025416864071289735,0.0456584385122869,0.07221213010730287
1412,168,168_14,168_15,2,0.061336930596078254,-0.013066111255130242,0.04782516629986211
1413,168,168_15,168_16,2,0.08388931518190224,0.009658466977547908,0.0906924323487619
1414,168,168_16,168_17,2,0.1022353773194491,0.017303655942226603,0.11635990954711728
1415,168,168_17,168_18,2,-0.05265987996526689,-0.02191411312727687,-0.07460207362446969
1416,169,169_0,169_1,1,-0.01519064739855458,-0.20591393836942684,-0.22323070640167986
1417,169,169_1,169_2,1,-0.16161803991053625,0.016310493598534093,-0.16612055695163552
1418,169,169_2,169_3,1,0.09433067810036411,0.24839184899325262,0.30992915159080314
1419,169,169_3,169_4,1,0.026733802520604533,-0.16320279596347298,-0.14872450623420108
1420,169,169_4,169_5,1,0.002695818267245409,0.03947401481550061,0.03950431343532945
1421,169,169_5,169_6,1,0.10853751343252105,0.02820183190203962,0.12478544523011004
1422,169,169_6,169_7,1,0.030713868690633195,-0.13419138226022898,-0.10243247432709279
1423,169,169_7,169_8,1,0.08221340171863067,0.2729421817922273,0.31761964472815407
1424,169,169_8,169_9,1,0.05542145744397464,0.0010004634206497443,0.03963996187884922
1425,169,169_9,169_10,1,-0.00906262930104873,0.18112145031456905,0.17947787910459412
1426,169,169_10,169_11,1,0.029007538771247843,0.2646040790186859,0.2684344928038629
1427,169,169_11,169_12,1,-0.09618119047649021,0.15836146667069428,0.06409154743732115
1428,169,169_12,169_13,1,-0.07749132495935629,-0.07357007839076357,-0.13879712834213298
1429,169,169_13,169_14,1,-0.05791018339830445,-0.08493281789017648,-0.15039567094646178
1430,169,169_14,169_15,1,0.07497354347871799,0.11089975303414734,0.170564736024855
1431,169,169_15,169_16,1,0.0509663201907834,-0.12875089540236373,-0.05713303568041672
1432,169,169_16,169_17,1,-0.08506268020729957,0.1930557607549912,0.10542331662631499
1433,169,169_17,169_18,1,0.02969712530617108,0.054899124565909174,0.07876963582830943
1434,169,169_18,169_19,1,-0.004082525144402327,-0.08085842015691846,-0.08890412431341388
1435,169,169_19,169_20,1,-0.02348263012844698,-0.21976962165362202,-0.23224096613562617
1436,169,169_20,169_21,1,-0.036548821035860435,-0.0011952820040792567,-0.04188221256670466
1437,169,169_21,169_22,1,0.12750259827491695,0.0783455966609583,0.1956575259989859
1438,170,170_0,170_1,3,0.057520494343070716,-0.08405896002992597,-0.05634752395510123
1439,170,170_1,170_2,3,0.033564466263672044,0.06166363522559859,0.07719982932379432
1440,170,170_2,170_3,3,-0.07283295274033152,-0.005023972690387346,-0.02902910960976568
1441,170,170_3,170_4,3,0.1363564807351798,-0.1475346792518366,-0.08265486151972379
1442,171,171_0,171_1,0,0.24292858474791323,0.11244711798822005,0.19082894104932402
1443,171,171_1,171_2,0,0.061013762907832225,0.044240714318856345,0.07851576826167328
1444,171,171_2,171_3,0,-0.05937512313364701,0.05707271675283243,0.03157083744657596
1445,171,171_3,171_4,0,-0.053624058098717065,0.054676667530061174,0.007929144995550086
1446,171,171_4,171_5,0,0.0675077099588215,0.014776510518716868,0.010518641503032056
1447,171,171_5,171_6,0,0.0149430783522293,0.004977555428850922,0.002467706356391597
1448,171,171_6,171_7,0,0.1183642665682294,0.07046913968208335,0.08875121382407469
1449,171,171_7,171_8,0,0.07359775606883767,0.11786421017044013,0.14444525040978684
1450,172,172_0,172_1,4,-0.036974670196521675,0.16798078284896256,0.126214087274656
1451,172,172_1,172_2,4,-0.052288046270430044,-0.07406077756816432,-0.12842845065985298
1452,173,173_0,173_1,0,0.08634457467347967,0.145088934108474,0.18289043233474334
1453,173,173_1,173_2,0,-0.1784885614560332,-0.07181422906033208,-0.1067919989617101
1454,173,173_2,173_3,0,-0.07081677034717382,-0.05214589865055119,-0.054498127128244755
1455,173,173_3,173_4,0,0.2530201397522207,0.12907401678128516,0.18781379148376498
1456,173,173_4,173_5,0,0.049665160574227984,0.14190178341088378,0.1267681425728271
1457,173,173_5,173_6,0,0.0715574543266797,0.047153801790022376,0.02339814758567127
1458,173,173_6,173_7,0,-0.2728091658822518,0.017926104925762854,-0.1472066513178769
1459,173,173_7,173_8,0,0.04145394917321843,0.03115920350788559,0.00036199386389390575
1460,173,173_8,173_9,0,-0.1826478152489608,0.022685275175573505,0.01281959365006502
1461,173,173_9,173_10,0,-0.007327167240766652,-2.618460831360636e-05,0.0013715029329395279
1462,173,173_10,173_11,0,0.02229388292736756,0.1206034711666708,0.13309836515629425
1463,173,173_11,173_12,0,0.2701454570902604,0.0687595775565093,0.0980590797463805
1464,173,173_12,173_13,0,0.37940903787344316,0.03604321769989727,0.11017382652991548
1465,173,173_13,173_14,0,0.13791293557540563,0.0918764818544322,0.14017566045711782
1466,173,173_14,173_15,0,-0.12356329283634349,-0.09158131916876577,-0.11602822832141646
1467,173,173_15,173_16,0,0.005965115830283807,0.0961204736711665,0.06921353143099918
1468,173,173_16,173_17,0,-0.12824219758298905,-0.04745062565249447,-0.08574088926842438
1469,173,173_17,173_18,0,-0.15619501060024787,-0.02227110599248361,-0.07796275878676528
1470,174,174_0,174_1,3,-0.0771107235803854,0.04062747327404126,0.012552694321542601
1471,174,174_1,174_2,3,0.06816833323553428,-0.06453032389138103,-0.03298205064114157
1472,174,174_2,174_3,3,-0.022262842292323448,-0.0782456078287399,-0.08811849748565126
1473,174,174_3,174_4,3,-0.08554932485190503,-0.08690133778479048,-0.12523909270994515
1474,174,174_4,174_5,3,0.051996923225344105,0.043181257197355105,0.06314048382259196
1475,174,174_5,174_6,3,-0.056616727901003916,0.18401225947549316,0.16630710331194853
1476,174,174_6,174_7,3,-0.006920426222238207,0.05352899830633184,0.05072498348509957
1477,174,174_7,174_8,3,-0.0115960853763033,0.21217655618919262,0.2046592560988858
1478,174,174_8,174_9,3,-0.11699065717875567,0.03350139457632895,-0.01043492684878633
1479,174,174_9,174_10,3,0.013112231950521247,0.04242263034135041,0.050777575788089724
1480,174,174_10,174_11,3,0.04999286044575846,0.0050923381100516085,0.0262554508512296
1481,174,174_11,174_12,3,-0.05873886086989277,-0.014311268833254509,-0.03853044636557723
1482,174,174_12,174_13,3,-0.07238670523005375,-0.0681684121132975,-0.09669014267125342
1483,174,174_13,174_14,3,-0.044952663533214476,0.07302706238542922,0.05762893318450413
1484,174,174_14,174_15,3,0.10991433018112651,0.1008086585164496,0.1446887864107238
1485,174,174_15,174_16,3,0.06928890785008612,-0.0286702067452701,0.0024837533120117827
1486,174,174_16,174_17,3,-0.07249584191892766,0.06600048711277462,0.038025435644075234
1487,174,174_17,174_18,3,-0.10936551255950011,0.07083776810217968,0.028827595463120304
1488,175,175_0,175_1,0,0.021107854923010594,-0.035507192193875436,-0.040750039093364165
1489,175,175_1,175_2,0,0.2185446095460799,-0.047799582047212574,0.017960761767815026
1490,175,175_2,175_3,0,0.06422167941076173,-0.05062940282542572,-0.01550171238997411
1491,175,175_3,175_4,0,-0.2791474611679994,0.12129870615306171,0.05968914438953332
1492,175,175_4,175_5,0,0.0296967714225429,-0.04153578463034968,-0.03425763971990392
1493,175,175_5,175_6,0,-0.042642803292978204,-0.03177821491369537,-0.055291792554444275
1494,175,175_6,175_7,0,0.0703171145386039,-0.03838443880072395,-0.032597744655333605
1495,175,175_7,175_8,0,-0.005552542853689113,0.11777616103053168,0.13351898572891363
1496,175,175_8,175_9,0,0.254276706072059,0.12768352528274818,0.18126481133496775
1497,175,175_9,175_10,0,0.46043510502468,0.014879353096668657,0.1751402009480385
1498,175,175_10,175_11,0,0.043901742098288565,0.10324721958359029,0.08113827356439995
1499,175,175_11,175_12,0,0.14324599982232855,0.08834940131713398,0.11949170725314961
1500,175,175_12,175_13,0,-0.08401602974335298,0.10188922904272935,0.09493022262628958
1501,175,175_13,175_14,0,-0.019371913086479564,0.08630603439887086,0.09553710314747521
1502,175,175_14,175_15,0,0.007816303310917982,-0.025425940027493876,-0.01808150822514243
1503,175,175_15,175_16,0,-0.1508803916814343,0.12643639497538062,0.1021074669891382
1504,175,175_16,175_17,0,0.12914216216166818,0.08617048526965854,0.12598221544755783
1505,175,175_17,175_18,0,-0.23466619562370372,0.16455129631669463,0.11056530756460514
1506,175,175_18,175_19,0,-0.08781450622294118,-0.06700125785100619,-0.10451345543287993
1507,175,175_19,175_20,0,-0.07727606063359738,0.16714627889514078,0.1881988882938761
1508,175,175_20,175_21,0,0.011024262622097769,-0.043855426302925604,-0.04090491890682757
1509,175,175_21,175_22,0,0.25273773360304075,-0.06094428501776772,0.020722454333153006
1510,176,176_0,176_1,0,-0.038276221056069426,0.011381854591647311,0.00016976775084920348
1511,177,177_0,177_1,2,-0.010243857369253373,-0.037108441465116604,-0.046854101903445855
1512,177,177_1,177_2,2,0.020696074881122684,-0.05457170513547438,-0.03427064701515681
1513,178,178_0,178_1,4,-0.012759592778443851,0.12180926049889795,0.10432742114754845
1514,178,178_1,178_2,4,-0.23907535229844168,0.12989529113425036,-0.09556384515849814
1515,178,178_2,178_3,4,0.011183904218559748,-0.08789796086012869,-0.07426535227313225
1516,178,178_3,178_4,4,0.06942490913851018,-0.08296686743848913,-0.006122971207550787
1517,178,178_4,178_5,4,0.024824722521798237,-0.07752887772109784,-0.062320651909730795
1518,178,178_5,178_6,4,-0.02619738042595765,0.12552392703909465,0.10517406946637564
1519,178,178_6,178_7,4,-0.023694758701022445,-0.0745136634794138,-0.0999661387111227
1520,178,178_7,178_8,4,-0.061146135842484295,-0.038733297170062464,-0.08927497899811887
1521,178,178_8,178_9,4,0.20147226312524458,0.04320435389481303,0.23833513384982874
1522,179,179_0,179_1,1,-0.04699184179159399,-0.09892568394020373,-0.1699435991244569
1523,179,179_1,179_2,1,0.05756618959013049,-0.11300326312597031,-0.0717101033956844
1524,179,179_2,179_3,1,-0.027732232725851347,0.03273286467300407,-0.002193108806571864
1525,180,180_0,180_1,2,0.03789155803876021,0.01921676052028909,0.055044953014794284
1526,180,180_1,180_2,2,0.0014621095512885596,0.02254811789779798,0.02332656676327849
1527,180,180_2,180_3,2,0.007073197235113238,-0.0004036007641017303,0.005262143827520216
1528,180,180_3,180_4,2,0.05837309925780909,0.00794175470595615,0.0676074052963509
1529,180,180_4,180_5,2,-0.007314317501471823,0.057617720349066204,0.05026236722898103
1530,180,180_5,180_6,2,0.036640607432679495,-0.0012447222194036378,0.03540830567421427
1531,180,180_6,180_7,2,-0.021704123911102657,-0.03201971842087592,-0.05566102473352852
1532,180,180_7,180_8,2,-0.04037782320529448,-0.05284196742040126,-0.0899232525536171
1533,180,180_8,180_9,2,0.023606092380872745,-0.0009662238763534781,0.0238002386228231
1534,181,181_0,181_1,4,0.0649934904865006,0.19606768657086437,0.2577350986651772
1535,181,181_1,181_2,4,0.02244562888784074,-0.09730956725102713,-0.06420356465547261
1536,181,181_2,181_3,4,0.030454936292538926,0.14160815628691348,0.1617629299838086
1537,181,181_3,181_4,4,-0.013840043097761878,0.20703263807358585,0.19468240522477565
1538,181,181_4,181_5,4,0.06828405954379169,-0.16993509812321483,-0.08251364969171715
1539,182,182_0,182_1,1,-0.06379887014249719,-0.041197701474966486,-0.09056268206328211
1540,182,182_1,182_2,1,0.020828500452272802,-0.000414196020279034,0.013999358727500688
1541,182,182_2,182_3,1,0.05803938002262998,0.050329739064471246,0.11381078313728743
1542,182,182_3,182_4,1,-0.018395967755563625,-0.028218367680085565,-0.04454922893482016
1543,182,182_4,182_5,1,-0.054408648205451104,-0.06319955630075214,-0.11199228802893435
1544,182,182_5,182_6,1,-0.17221403151082715,-0.007174924463454246,-0.18954402556947514
1545,182,182_6,182_7,1,0.3257131421305415,0.20207008824501216,0.4818261420369263
1546,182,182_7,182_8,1,0.11921361900920746,-0.19698552279027104,-0.06007882719413993
1547,182,182_8,182_9,1,0.037516476140639465,-0.13650478403162758,-0.10691024090160361
1548,183,183_0,183_1,1,0.0188950099702192,0.02979809978225534,0.04276286038044641
1549,183,183_1,183_2,1,-0.006311130513741547,-0.00533082228731474,-0.006838423553929385
1550,183,183_2,183_3,1,-0.03300937011087779,-0.018129624966374935,-0.057958796439575355
1551,183,183_3,183_4,1,-0.02674472916923243,-0.22740839412006109,-0.2553896045978026
1552,183,183_4,183_5,1,0.06531803450785312,-0.12508468018122465,-0.05203798102373458
1553,183,183_5,183_6,1,0.08489570915374911,-0.07061323851095569,0.024466399427484742
1554,183,183_6,183_7,1,0.11213544461970892,-0.08208320792767254,0.03848256136050843
1555,183,183_7,183_8,1,0.009417103351421652,0.07374062546063831,0.09255571741954793
1556,184,184_0,184_1,4,0.020796307625947197,0.03609448995999465,0.06592011171537715
1557,184,184_1,184_2,4,-0.024578009377367316,-0.1639726844296463,-0.1935058974660424
1558,184,184_2,184_3,4,-0.056862935301659645,-0.15474190129666865,-0.21715081568903138
1559,184,184_3,184_4,4,-0.027959845863176236,-0.16346995974263634,-0.1949379699960827
1560,184,184_4,184_5,4,0.0249409574858932,0.05699350773019751,0.08011667673362233
1561,184,184_5,184_6,4,-0.1303277165164478,-0.24371324610620926,-0.38076412601503584
1562,184,184_6,184_7,4,0.07437431378121584,-0.2702459009037075,-0.18604625699847066
1563,184,184_7,184_8,4,0.005617074350062756,0.09027253020939163,0.10572393421793502
1564,184,184_8,184_9,4,0.12951964397765758,-0.08714051876558049,0.04467180604609644
1565,184,184_9,184_10,4,-0.019038725217127572,0.0032441235243455546,-0.026824284861197367
1566,184,184_10,184_11,4,0.07008742241667809,0.19967274543292035,0.2871120419690354
1567,184,184_11,184_12,4,-0.1254027682812633,0.04399835869127444,-0.07750314066991959
1568,184,184_12,184_13,4,0.021225148069524025,-0.0420115264677523,-0.027269998180235788
1569,184,184_13,184_14,4,0.05985808157525918,0.1476083987536252,0.2113576875979506
1570,185,185_0,185_1,1,-0.032223358976123606,-0.006303289312024507,-0.0520415480473837
1571,185,185_1,185_2,1,-0.13565959625596613,-0.011386338287342257,-0.1473949326549684
1572,185,185_2,185_3,1,-0.0010639365776343723,-0.23929167007114183,-0.2256060401366966
1573,185,185_3,185_4,1,-0.06979104470647313,0.21385853040493052,0.15760341186141225
1574,185,185_4,185_5,1,0.0310880970072257,0.012997643684968363,0.04578804693001026
1575,185,185_5,185_6,1,-0.09124199300189018,0.011416400492681333,-0.0949704087740888
1576,185,185_6,185_7,1,0.042975905310443596,0.029236225343764133,0.06627369897024349
1577,186,186_0,186_1,4,0.03405972392235701,0.09598803343763807,0.11983795828388455
1578,186,186_1,186_2,4,0.04500170477561327,0.09315242492571252,0.12751172190461435
1579,186,186_2,186_3,4,0.03548498041114767,-0.013780881298077086,0.022957812161393365
1580,187,187_0,187_1,2,-0.01371039239221794,0.13303698078234327,0.11914785307390319
1581,187,187_1,187_2,2,-0.012660203423951355,0.04234417528897594,0.03245552708547006
1582,187,187_2,187_3,2,-0.03259691526231512,0.03494987369040947,0.0018680973300990722
1583,187,187_3,187_4,2,-0.0015775621611209267,0.12751982378580884,0.12666617480310993
1584,187,187_4,187_5,2,0.006742923331407802,0.0398591762304954,0.0477858529500883
1585,187,187_5,187_6,2,-0.03217775464314654,-0.043794174678400744,-0.07540808778130148
1586,187,187_6,187_7,2,-0.023037722334141808,-0.039190694795955716,-0.06107908419097652
1587,187,187_7,187_8,2,-0.007338664139479811,0.003545831164743607,-0.002319218037725279
1588,188,188_0,188_1,2,0.010359881364469858,-0.031137036123607853,-0.0225870411971536
1589,188,188_1,188_2,2,0.010677667508263822,0.0007268785767764463,0.009711242756047955
1590,188,188_2,188_3,2,0.01853747615069601,0.008536605136664654,0.026298610981449366
1591,188,188_3,188_4,2,0.0164616473606658,-0.041887310917062326,-0.025591424526261397
1592,188,188_4,188_5,2,0.005533016810859159,-0.030706695817391827,-0.02637992278307766
1593,188,188_5,188_6,2,0.012303631755085531,0.030207652442794775,0.04080149280931722
1594,188,188_6,188_7,2,0.011444870780132899,-0.002264775900741478,0.007955061284246723
1595,188,188_7,188_8,2,-0.004818259589447482,0.05866550480720534,0.05411704603218537
1596,189,189_0,189_1,4,-0.1110311337643144,-0.20615931316248703,-0.32655693320888224
1597,189,189_1,189_2,4,0.15046147132406684,-0.30769558099978456,-0.15345000215461768
1598,189,189_2,189_3,4,0.07966574553550743,0.14669240445014164,0.2207811021794428
1599,189,189_3,189_4,4,0.07966784826570317,0.0047041870718813605,0.09056015478279789
1600,189,189_4,189_5,4,0.037106614506801416,0.0040149310706216745,0.04311315534338278
1601,189,189_5,189_6,4,0.0831094398339618,0.016422731481266273,0.09733995130565865
1602,189,189_6,189_7,4,-0.02718987609188117,-0.1530536321333007,-0.1562091290809997
1603,189,189_7,189_8,4,-0.03278924607795464,-0.033252586331433465,-0.050252124755861605
1604,189,189_8,189_9,4,0.0377278641777925,-0.05551315085894171,-0.01910303985792572
1605,190,190_0,190_1,3,0.07729372979445026,0.1443435132745965,0.17383124162313024
1606,190,190_1,190_2,3,0.13676013641929563,0.07372198484126047,0.12870054131204745
1607,190,190_2,190_3,3,0.0785126150772385,-0.06863826656932581,-0.034208345992334466
1608,190,190_3,190_4,3,-0.01163698249671441,-0.04435451697588921,-0.05150215312575934
1609,191,191_0,191_1,3,0.07872757069136682,0.13757143862309618,0.16375102264966301
1610,191,191_1,191_2,3,-0.012259110849994315,-0.13536474100450557,-0.1430075097920125
1611,191,191_2,191_3,3,-0.007372368242326122,-0.03534049628014402,-0.041521642525813585
1612,191,191_3,191_4,3,0.005221600756054823,0.014423548611715464,0.01736829395202122
1613,191,191_4,191_5,3,0.07594428006951781,0.052272142550805034,0.08772320632476394
1614,191,191_5,191_6,3,-0.11579495408288798,0.001006500528252463,-0.04482573814148827
1615,191,191_6,191_7,3,0.041075614030233965,-0.07527362371985613,-0.058860812553786834
1616,191,191_7,191_8,3,-0.0008115539042705677,-0.07028296893604624,-0.07365842484455287
1617,191,191_8,191_9,3,-0.012209634236137634,-0.09645917554123362,-0.10416545800189914
1618,192,192_0,192_1,4,0.04813405191067166,0.016755485316791274,0.056405426611137566
1619,192,192_1,192_2,4,0.08669791576643959,0.1535572501708451,0.2316265354344007
1620,192,192_2,192_3,4,-0.01902414877846259,-0.13518236348207702,-0.15087007370515804
1621,192,192_3,192_4,4,0.05323905389461592,-0.04202817580390539,-0.006741423499332377
1622,192,192_4,192_5,4,0.08564326556900048,0.1504604677601291,0.22757307256905923
1623,192,192_5,192_6,4,-0.046170091292459636,-0.12364950622580695,-0.1682860780840847
1624,192,192_6,192_7,4,0.01720057617074766,0.08922783111576127,0.11668154400242825
1625,192,192_7,192_8,4,0.05583928828094287,-0.12982484233689995,-0.06922536846981764
1626,192,192_8,192_9,4,0.04508343819825167,0.07939083757064935,0.12201786305146678
1627,192,192_9,192_10,4,-0.016624893413820008,0.024164503506280077,-0.00033307868992893397
1628,192,192_10,192_11,4,-0.00691153316455706,-0.0024786045795732736,-0.004651202861899684
1629,193,193_0,193_1,0,0.014849441574592781,0.018483305740018885,0.030616536131871097
1630,193,193_1,193_2,0,-0.05581167869936188,0.10545611678326905,0.1068420424847899
1631,193,193_2,193_3,0,-0.05154409863905807,0.05203364426961943,0.05452599421646909
1632,193,193_3,193_4,0,-0.06170471160000557,0.06018773570942382,0.0447305048774731
1633,194,194_0,194_1,0,0.027034449478878786,0.04709914664607373,0.06516114369280457
1634,194,194_1,194_2,0,0.024913220159713756,0.044498810378324594,0.058515549253343124
1635,194,194_2,194_3,0,-0.0059038546760954436,-0.03655075254614637,-0.0756768647558228
1636,194,194_3,194_4,0,-0.031218763926679438,0.016637713394376696,0.024007655718389698
1637,195,195_0,195_1,3,0.02028281316239977,0.08694361662848693,0.09341992789278364
1638,195,195_1,195_2,3,-0.107896705390919,0.048716171539561426,0.009219033248028863
1639,195,195_2,195_3,3,0.04322485627988759,-0.0009318298141505199,0.014834767724448472
1640,195,195_3,195_4,3,0.11165498926737438,0.016989475914621188,0.06054559139035276
1641,195,195_4,195_5,3,0.033704227420658595,-0.07977707921840327,-0.06696043065464063
1642,195,195_5,195_6,3,-0.017558468627338897,0.09016374360942248,0.08136305032609714
1643,195,195_6,195_7,3,0.011839223145028388,0.00501779032388594,0.010000310759359365
1644,195,195_7,195_8,3,-0.20031574353564974,-0.0654931793738096,-0.1497883380946985
1645,195,195_8,195_9,3,-0.015939370268425734,-0.06338633240311997,-0.06406561085034645
1646,195,195_9,195_10,3,-0.0019957830692329814,-0.04089612463421011,-0.03851095244076275
1647,195,195_10,195_11,3,0.11012329776261487,-0.061858959144136416,-0.014392631502527897
1648,196,196_0,196_1,1,-0.06818687396701684,-0.07199291370412575,-0.13773997572444818
1649,196,196_1,196_2,1,-0.08865347628725218,0.005835806400815491,-0.09326764842708024
1650,196,196_2,196_3,1,0.03554786020486134,0.09817320543305463,0.1249975554275129
1651,196,196_3,196_4,1,-0.03225429872918584,0.2842565476620822,0.24895376528051538
1652,196,196_4,196_5,1,0.04470749952650266,0.1421960110280256,0.17588930405980285
1653,196,196_5,196_6,1,0.08707919346607595,0.0916884771151254,0.17356917882186007
1654,196,196_6,196_7,1,-0.02026604010062716,0.19334199386244433,0.1657154377683565
1655,196,196_7,196_8,1,-0.030727947950731527,-0.06523222104903525,-0.09583823923695833
1656,196,196_8,196_9,1,-0.024157197377460138,0.004252677024305429,-0.025016535865803213
1657,196,196_9,196_10,1,-0.029874257175612318,0.05583309595094765,0.030551156726211892
1658,196,196_10,196_11,1,0.006266490870267427,0.042112624450217906,0.041481888073808815
1659,196,196_11,196_12,1,0.005120805549182261,0.23809505701638956,0.2313338478634004
1660,196,196_12,196_13,1,-0.00905532122226349,-0.06626907072373767,-0.07421312598262708
1661,196,196_13,196_14,1,-0.06422575470338687,0.032210731243124124,-0.023007785883826903
1662,196,196_14,196_15,1,-0.029166417139384837,-0.12810220195954192,-0.16467676922672725
1663,196,196_15,196_16,1,-0.12208650141135724,-0.1786515027881317,-0.30372646148506166
1664,196,196_16,196_17,1,0.1409462067913344,0.10477783455468603,0.230030899620576
1665,197,197_0,197_1,3,0.049368867324686594,-0.008715593263915578,0.011207584796813386
1666,197,197_1,197_2,3,0.15248884396343076,-0.037031583526743184,0.028676735424379096
1667,197,197_2,197_3,3,0.03962319895462785,-0.052681127921542004,-0.03144330092956249
1668,197,197_3,197_4,3,0.07526967388753003,-0.2492461725263999,-0.20918364157586145
1669,198,198_0,198_1,2,-0.0392904254541131,0.01065649509535982,-0.028455008470188226
1670,198,198_1,198_2,2,-0.023877484790437054,0.07264765055513278,0.05000542745731407
1671,198,198_2,198_3,2,0.004741276737857181,0.0026002026035594206,0.008044287329722177
1672,198,198_3,198_4,2,-0.02836432526695387,-0.04678045190425495,-0.0747670515208021
1673,198,198_4,198_5,2,0.0006662433307327298,0.021107663163586254,0.023085215700844985
1674,198,198_5,198_6,2,0.010760181320856432,-0.09081034139252608,-0.07919036521730316
1675,198,198_6,198_7,2,0.008695352102946696,-0.07703753845357886,-0.06758284809114645
1676,198,198_7,198_8,2,0.02437337812877649,0.018187551449029504,0.04041080447444534
1677,198,198_8,198_9,2,-0.03356059680328172,0.03616074557416549,0.003793684718571333
1678,198,198_9,198_10,2,0.016337537943607927,0.059515010813668834,0.07434354248762376
1679,198,198_10,198_11,2,-0.001131415809251024,-0.07116673248565664,-0.07152635536330143
1680,198,198_11,198_12,2,0.011980959271843172,-0.023293873539684373,-0.010864286205464868
1681,199,199_0,199_1,3,-0.04736018913484408,-0.027356449762215185,-0.04707330829713041
1682,199,199_1,199_2,3,0.034860429429729445,0.09181077469787824,0.10788415718606659
1683,199,199_2,199_3,3,0.0553625761754043,0.0004434444829244377,0.021787586763423406
1684,199,199_3,199_4,3,-0.0801339074047005,-0.036289467448659574,-0.07436664509603541
1685,199,199_4,199_5,3,0.16906597295220016,0.015703383687090344,0.08566150155792429
1686,199,199_5,199_6,3,0.11165550429847504,-0.06011831813607893,-0.013317862011227977
1687,199,199_6,199_7,3,-0.05624912400773141,-0.13591285873331804,-0.16177108152651187
1688,199,199_7,199_8,3,0.013017027298993122,-0.18575390190214702,-0.17811000681664768
1689,199,199_8,199_9,3,-0.08278888251713101,0.034984737031946045,0.0012424070214247518
1690,199,199_9,199_10,3,0.0065730817925859775,0.08456399916065749,0.08095747184402913
1691,199,199_10,199_11,3,-0.021261353064498056,-0.18819982969933746,-0.19235742236601028
1692,199,199_11,199_12,3,-0.28158286532382104,0.06719258803272199,-0.04844192513983803
1693,199,199_12,199_13,3,0.0833374247568468,-0.08404411893476471,-0.048575461287945654
1694,199,199_13,199_14,3,0.06426459599386791,-0.05107407234632788,-0.02039296841162086
1695,199,199_14,199_15,3,0.11533544675792529,-0.00884493949043419,0.038234893049487795
1696,200,200_0,200_1,1,0.1629398859808393,0.1721273774924197,0.3106262308761427
1697,200,200_1,200_2,1,0.010759893592586334,0.12615031716207414,0.14881364644505712
1698,200,200_2,200_3,1,-0.1282231043905877,0.12793660156110165,0.014087375024134818
1699,200,200_3,200_4,1,0.05882060790345123,-0.149510391712814,-0.09098835973558494
1700,201,201_0,201_1,0,0.05136590615445957,0.011337259126654287,0.036980576634498386
1701,201,201_1,201_2,0,0.12628305486939562,-0.06721600820443774,-0.026901408878680755
1702,201,201_2,201_3,0,-0.17836473911888318,0.037292104274897264,0.000480071628449652
1703,201,201_3,201_4,0,-0.028995434182893076,0.02376161063570348,0.027067695736024966
1704,201,201_4,201_5,0,-0.1473029336004228,0.03789410151937056,0.018085794664954413
1705,201,201_5,201_6,0,-0.06721134420939112,0.03347184738441422,0.0440685207943019
1706,201,201_6,201_7,0,0.024401995122275366,0.030891526098186572,0.04276893604098886
1707,201,201_7,201_8,0,-0.06362453392416278,-0.013854876341048428,-0.011582295527051922
1708,201,201_8,201_9,0,-0.042234898915413766,0.027277980485894693,0.017477283483130046
1709,201,201_9,201_10,0,0.13211432329308082,-0.047018640398359235,-0.019571463081396345
1710,201,201_10,201_11,0,0.09090241797404053,-0.07650413910330478,-0.07215741346931415
1711,202,202_0,202_1,1,-0.046018670893950286,-0.10148025754402346,-0.152989677371012
1712,202,202_1,202_2,1,0.03562066207754677,-0.1941163223950939,-0.14877410812076475
1713,202,202_2,202_3,1,0.06191368817153409,-0.02060935959234511,0.036739471836465754
1714,202,202_3,202_4,1,0.10180041739415424,-0.0513318161392915,0.05723717817407792
1715,202,202_4,202_5,1,0.1470324567946797,0.028405504085781796,0.1840518026636624
1716,202,202_5,202_6,1,0.04218168997837379,-0.09987314277384396,-0.061129388232695536
1717,202,202_6,202_7,1,0.14129951281784114,-0.024029697370816727,0.10481579202645142
1718,203,203_0,203_1,1,0.06751186225479522,0.1628237658148367,0.22718617558230214
1719,203,203_1,203_2,1,-0.08658668111014567,0.10233521622862973,0.028485214685839644
1720,203,203_2,203_3,1,0.2062212746687191,0.09025396361696192,0.29934109804215936
1721,203,203_3,203_4,1,0.022787603654901734,-0.08449400698072762,-0.07598237269039276
1722,203,203_4,203_5,1,-0.042236394019985024,-0.3365027829091747,-0.39142191370077706
1723,203,203_5,203_6,1,0.15217495024614625,-0.12440996099491208,0.038478828725588166
1724,203,203_6,203_7,1,-0.006104330569849603,0.19595264047625027,0.1951434174453479
1725,203,203_7,203_8,1,-0.059812420236307506,0.13950337254828682,0.10050266806553498
1726,203,203_8,203_9,1,0.006382183507438466,-0.3254818777199686,-0.3163927759250864
1727,203,203_9,203_10,1,-0.00674575478561934,-0.07786156859036852,-0.08570313081696135
1728,203,203_10,203_11,1,0.013774430050761177,0.03698978624093163,0.05508901937632893
1729,203,203_11,203_12,1,-0.007787310619922327,-0.028074413244242202,-0.03143610299553201
1730,204,204_0,204_1,3,-0.22139384460173162,0.02389679031513703,-0.0632358329389433
1731,204,204_1,204_2,3,-0.13082495756108914,-0.047318295359193074,-0.10028110397290924
1732,204,204_2,204_3,3,-0.2274692986323925,-0.12372749828901797,-0.22608425144066424
1733,204,204_3,204_4,3,-0.014419068176372285,-0.25103843163567974,-0.2514881977938592
1734,204,204_4,204_5,3,-0.015511582159790871,-0.04453591505520582,-0.05107986546334309
1735,204,204_5,204_6,3,0.05124431442132127,-0.09733372010665686,-0.07084810048471968
1736,204,204_6,204_7,3,0.12517766244428508,-0.2455705877934533,-0.17771610902243973
1737,204,204_7,204_8,3,-0.03696595122571211,0.012236077774282261,-0.004659622375145389
1738,204,204_8,204_9,3,-0.0952074820867026,-0.07974976265941258,-0.11693648731958883
1739,205,205_0,205_1,0,-0.1463533581771106,-0.07416142051233976,-0.12422045977933616
1740,205,205_1,205_2,0,-0.00347613488685794,-0.032992737774445224,-0.033558063245396674
1741,205,205_2,205_3,0,-0.1047894617082572,0.01859910318724234,0.012658689989742067
1742,205,205_3,205_4,0,-0.06761028010067904,-0.0922878109456926,-0.1191095158894564
1743,205,205_4,205_5,0,0.10688150757139092,0.03084107924002555,0.0629658686855954
1744,205,205_5,205_6,0,-0.28209343495059747,0.03287885898366261,-0.030205637235660276
1745,205,205_6,205_7,0,-0.031033928837949087,0.03887550275535001,0.0040172363795170085
1746,206,206_0,206_1,3,0.11511165093582343,0.03966785983620835,0.08399950054483885
1747,206,206_1,206_2,3,0.07240703078701083,0.0060333092594038185,0.03303437112461238
1748,206,206_2,206_3,3,0.0500602003681212,-0.010106045689848298,0.011106235165688316
1749,206,206_3,206_4,3,-0.012817416473758003,0.04263436901851403,0.041215391134487245
1750,207,207_0,207_1,3,0.11286379543084002,-0.05493064124107416,-0.006954025526686891
1751,208,208_0,208_1,3,0.10698388565892292,0.009349110762489898,0.058544332271750266
1752,208,208_1,208_2,3,-0.02177011289072417,0.06353197327077331,0.05452726225261828
1753,208,208_2,208_3,3,0.09422542083849372,0.025981263508356722,0.06329579165812182
1754,208,208_3,208_4,3,-0.04846631047346328,-0.030150961087249906,-0.054339129735823555
1755,208,208_4,208_5,3,-0.14756116799747954,-0.0037147849263274857,-0.06643716415412282
1756,208,208_5,208_6,3,-0.13096899956903196,0.009146766810131046,-0.04340613484815292
1757,208,208_6,208_7,3,-0.2761967111442236,-0.016096191960552897,-0.1309727962575329
1758,208,208_7,208_8,3,0.03702816065121883,-0.06947446612901365,-0.0500450339115972
1759,208,208_8,208_9,3,0.19638454242917258,0.028048100393252673,0.1121650118383708
1760,208,208_9,208_10,3,-0.03831929893570929,0.0388386476388598,0.02238935734406411
1761,208,208_10,208_11,3,0.06366649119348167,-0.01318041704030648,0.013989237595386284
1762,208,208_11,208_12,3,0.05356286550663847,0.011877882155211905,0.03043824978216092
1763,208,208_12,208_13,3,-0.028190243861903275,0.2147619231696607,0.19824457971617404
1764,209,209_0,209_1,2,0.026068676031295812,0.062099836609479375,0.08883294654940066
1765,210,210_0,210_1,0,-0.02140919253505058,0.020550110080320483,0.017394000546296917
1766,210,210_1,210_2,0,-0.20920247198025188,0.03207588229510505,-0.028620122287102534
1767,210,210_2,210_3,0,-0.012423854957651193,0.009543033138746937,0.0012312143494914718
1768,210,210_3,210_4,0,0.04733523220496272,0.06518230866422403,0.0654553346845661
1769,210,210_4,210_5,0,-0.08800740031661425,-0.020324942417229597,-0.06574485770006877
1770,210,210_5,210_6,0,-0.21854572255359161,0.02855429433721146,0.0641382912609556
1771,210,210_6,210_7,0,0.25224517369485766,-0.05626345125373433,-0.048376603205350754
1772,210,210_7,210_8,0,-0.02495181271094271,-0.0021242683903999193,-0.005395240966516779
1773,210,210_8,210_9,0,-0.12147371026245124,-0.02495631131669973,-0.04908011132996881
1774,211,211_0,211_1,4,-0.02279773033018717,0.06552040400186798,0.04591113691957327
1775,211,211_1,211_2,4,0.07846293255109216,0.03194591738620289,0.10443935649713132
1776,211,211_2,211_3,4,0.08723409162748252,0.21947728106154463,0.3013139479192317
1777,211,211_3,211_4,4,0.029339889777912243,-0.20233155723784546,-0.17916936256650895
1778,211,211_4,211_5,4,0.06785638101935598,-0.15370377181377548,-0.09149068562070717
1779,211,211_5,211_6,4,-0.030199029264143418,-0.006054115168622198,-0.04490666497819773
1780,211,211_6,211_7,4,0.01862189464475361,0.07246536312906349,0.09388272338246284
1781,212,212_0,212_1,3,0.059658189232414616,0.02335128235167061,0.045006115097562915
1782,212,212_1,212_2,3,-0.18424076757472552,0.059416514973826606,-0.01795644945608288
1783,212,212_2,212_3,3,-0.006060558963256302,-0.053550111837955106,-0.053489506392292
1784,212,212_3,212_4,3,-0.20923064299303062,-0.028965286260101974,-0.1154839111963315
1785,212,212_4,212_5,3,-0.05545239979939942,-0.02839525934677334,-0.05150088636999439
1786,212,212_5,212_6,3,0.02395480075504519,0.16415245386620847,0.16970179517665973
1787,213,213_0,213_1,4,-0.009817941905645666,0.10297904379155254,0.09378846494486737
1788,213,213_1,213_2,4,0.010555905997934989,0.01743432713281079,0.029114303354061954
1789,213,213_2,213_3,4,0.033063472352891754,0.06870149063235131,0.09488534041623709
1790,213,213_3,213_4,4,-0.06625516974890555,0.07640864466420316,0.016430686865966715
1791,213,213_4,213_5,4,0.16205297617759262,0.01404342769285627,0.19878155749182858
1792,213,213_5,213_6,4,-0.012394196787667955,0.11157616900638567,0.10307620219089308
1793,213,213_6,213_7,4,0.23167027368303117,0.039324565169503334,0.28124282118706834
1794,213,213_7,213_8,4,-0.024087278053598116,-0.002985255860139535,-0.024554146781701647
1795,213,213_8,213_9,4,-0.029193349159380322,-0.0022461062955272393,-0.029888570751169796
1796,213,213_9,213_10,4,0.06276931239079286,0.04941721321055981,0.10113304785374955
1797,213,213_10,213_11,4,-0.08208154469866491,0.03597797863968255,-0.03459324712025702
1798,214,214_0,214_1,3,-0.06439871511209927,0.06658167692823258,0.041202253823155344
1799,214,214_1,214_2,3,0.12353886032883032,-0.06401898281761276,-0.017648114410633076
1800,214,214_2,214_3,3,4.285803757064777e-05,-0.008406620122479502,-0.010381737973804261
1801,214,214_3,214_4,3,-0.03532363947019279,-0.02542281914115052,-0.038271886457224014
1802,214,214_4,214_5,3,-0.17282814624678888,0.008970055551365874,-0.06132674728215859
1803,214,214_5,214_6,3,-0.04580427527296793,-0.08839903588615705,-0.10719204326021314
1804,214,214_6,214_7,3,0.1076516197779529,-0.2113230475279022,-0.15851710036331257
1805,215,215_0,215_1,0,0.06377389558296231,-0.01977588579413725,0.005794259009271885
1806,215,215_1,215_2,0,0.15295052958757127,0.02183533812614602,0.06186740721418138
1807,215,215_2,215_3,0,-0.0481231352355469,0.03333985132448802,0.00439815270353594
1808,215,215_3,215_4,0,0.1340860859698596,0.11583450046255139,0.1359220358213591
1809,215,215_4,215_5,0,-0.015394177220056982,-0.001838589376092603,-0.008493201070734813
1810,215,215_5,215_6,0,-0.18773376978121137,0.024631059796871968,-0.0067262895231636755
1811,215,215_6,215_7,0,-0.13695272509765122,-0.021527375641611224,-0.03383077553687608
1812,215,215_7,215_8,0,-0.1631751649142894,0.019935467199566403,0.013352816100645315
1813,215,215_8,215_9,0,0.08192358637871122,-0.04302997383795171,-0.03769662459431944
1814,215,215_9,215_10,0,-0.2174913130913112,0.005361192242478552,-0.05904581514352003
1815,216,216_0,216_1,1,0.04198617264408133,-0.000574032568946059,0.04740812716064813
1816,216,216_1,216_2,1,-0.024355113041641285,-0.028980205127052017,-0.04354774816288187
1817,216,216_2,216_3,1,0.02830942348345311,-0.00841193992078626,0.023454009122307884
1818,217,217_0,217_1,1,-0.04317542474498226,0.05649540735527969,0.010545652278651563
1819,217,217_1,217_2,1,-0.07840592624703002,0.011427079057349632,-0.04976705128369141
1820,217,217_2,217_3,1,-0.04007411628027524,-0.009458123523065742,-0.04395694492267488
1821,217,217_3,217_4,1,0.04116822044029256,0.008764729847033248,0.03679282606219614
1822,217,217_4,217_5,1,-0.053790807278880526,-0.030541375887317646,-0.08986127782620779
1823,217,217_5,217_6,1,0.1018676263382754,0.24497342408068268,0.32331185326165923
1824,217,217_6,217_7,1,-0.03690003094063288,-0.05497784626123292,-0.07838605184381864
1825,217,217_7,217_8,1,0.09651264487176103,-0.043159109013530816,0.04930460187489816
1826,217,217_8,217_9,1,-0.09570647590774994,-0.11746400579795035,-0.20452209395124243
1827,217,217_9,217_10,1,0.008181890727905872,-0.042662144589583395,-0.024577340637549572
1828,217,217_10,217_11,1,-0.008533154214934058,-0.029870724819917704,-0.030655304827102103
1829,218,218_0,218_1,0,0.03791207664299079,0.056152867267231676,0.05776577683771089
1830,218,218_1,218_2,0,-0.021721063432088794,0.034871768053076235,0.0033522647054746724
1831,219,219_0,219_1,2,-0.030844702818246583,-0.10502328737674915,-0.1361083820555391
1832,220,220_0,220_1,0,-0.0680740565864868,-0.03606005152356029,-0.06500980284360613
1833,221,221_0,221_1,3,-0.09728604335774449,0.02572528822062936,-0.015424789517385351
1834,221,221_1,221_2,3,0.030544193027539857,0.11257735239184496,0.12362412031982495
1835,221,221_2,221_3,3,0.030970301183224636,-0.0069323500899329815,0.0062520050413803485
1836,221,221_3,221_4,3,0.01985335324783044,-0.1127705425660892,-0.10983653710008756
1837,222,222_0,222_1,2,-0.029535653110863258,-0.014004793640413737,-0.04240883364441461
1838,222,222_1,222_2,2,0.003641076342958627,0.025787386861222616,0.030995067896961936
1839,222,222_2,222_3,2,0.09274713096816178,0.08041958464127275,0.1733584263900152
1840,222,222_3,222_4,2,-0.05610737854730141,0.05520581634816368,0.0004885304350139563
1841,222,222_4,222_5,2,-0.09461632287156396,0.11690971675087836,0.026192215417940368
1842,222,222_5,222_6,2,-0.019796144656316184,0.07068830986820362,0.05318079798400399
1843,222,222_6,222_7,2,-0.01869654644576313,-0.00939483191210888,-0.02778122550495299
1844,222,222_7,222_8,2,-0.0018460670014419645,-0.015502536295741498,-0.017592907140550507
1845,222,222_8,222_9,2,-0.0008083374211458327,-0.08112166068868643,-0.0828085197617019
1846,222,222_9,222_10,2,0.06197620615990407,-0.013118363031776603,0.049474109327672045
1847,222,222_10,222_11,2,-0.07126838649314049,0.008234272335983839,-0.06177783258322722
1848,222,222_11,222_12,2,-0.013944285053206107,-0.023311519892432297,-0.03737280587667291
1849,222,222_12,222_13,2,0.03803839191835756,-0.005405811555408757,0.032926101276462116
1850,223,223_0,223_1,1,0.11797023391492956,-0.15343573886494655,-0.03181956451932266
1851,223,223_1,223_2,1,-0.04008788187104462,0.10977953465726742,0.07759108003288784
1852,223,223_2,223_3,1,0.08945362480876673,-0.3187332580300093,-0.21342227098758104
1853,223,223_3,223_4,1,-0.035639047952941594,0.22143103864913516,0.19660440509477084
1854,223,223_4,223_5,1,-0.07598064480415845,-0.04050728399354675,-0.12802124753496757
1855,223,223_5,223_6,1,-0.055617122518666795,-0.010260340070072482,-0.05327349144994287
1856,224,224_0,224_1,4,0.08121979887882347,0.11269998524083635,0.18222089267767516
1857,224,224_1,224_2,4,-0.08218001929970287,0.169180668960363,0.10962474471845307
1858,224,224_2,224_3,4,-0.003522181389176593,0.1565140372209084,0.1684245157231382
1859,224,224_3,224_4,4,0.09185660832938303,0.14490575023974706,0.22524449293644855
1860,224,224_4,224_5,4,0.06744509493536488,0.14850363400717126,0.21628918343166825
1861,224,224_5,224_6,4,0.043072680419316445,0.15269226378189105,0.19211831549454916
1862,224,224_6,224_7,4,0.013666134330381663,0.12136148237617683,0.14132075209479988
1863,224,224_7,224_8,4,-0.021732866262811124,0.15018562976177985,0.13535237189555582
1864,225,225_0,225_1,0,-0.016008251445037924,-0.07169838736875489,-0.07245061818173237
1865,225,225_1,225_2,0,-0.12732031770878782,-0.09697126466482198,-0.15272489047706173
1866,225,225_2,225_3,0,0.011716746247557142,-0.0575905640937735,-0.08001107898365833
1867,225,225_3,225_4,0,0.00888576533258445,0.016538457955026065,0.022236495441246618
1868,225,225_4,225_5,0,-0.04897631804213298,0.04962026545102116,0.04854597599430033
1869,226,226_0,226_1,4,-0.1571645763401377,0.2138619765925629,0.055983798166916454
1870,226,226_1,226_2,4,0.048166194228764336,0.09991943639821288,0.13818463506593281
1871,226,226_2,226_3,4,-0.014892378270884743,-0.12316201893294387,-0.14505260087253347
1872,226,226_3,226_4,4,-0.027523875452001523,0.013990111516091197,0.00320249127482386
1873,226,226_4,226_5,4,0.04559931646638571,-0.09489179731174091,-0.05642224340048929
1874,226,226_5,226_6,4,0.039463680293623904,0.0394651930730634,0.07256865820752778
1875,226,226_6,226_7,4,0.024905148214414474,-0.009763017780106131,0.019300576882164577
1876,226,226_7,226_8,4,-0.05415958642376939,0.21766609888283606,0.1749175881220426
1877,227,227_0,227_1,2,0.06215405207889524,0.09040204966004817,0.14837489405748028
1878,227,227_1,227_2,2,-0.025448820891429857,-0.07346332044304948,-0.0980031841433886
1879,227,227_2,227_3,2,0.029803467119564386,0.009310392966109804,0.038589705277666475
1880,228,228_0,228_1,2,0.03050625552197994,-0.003771976157827206,0.026405347173543925
1881,228,228_1,228_2,2,0.012567139275695638,-0.08907595592695405,-0.0749908743923231
1882,228,228_2,228_3,2,0.01349767723030082,-0.023786083715757078,-0.010842797871440935
1883,228,228_3,228_4,2,-0.029190560557278644,-0.0020763038986011395,-0.02863892298771553
1884,228,228_4,228_5,2,-0.00773577002572301,-0.008671034447979897,-0.01726574974836792
1885,228,228_5,228_6,2,-0.03215261764686872,-0.09072305471531439,-0.12473007220632515
1886,228,228_6,228_7,2,0.016054246134182604,0.026835044072209158,0.040387631331150864
1887,228,228_7,228_8,2,0.03958618339625142,0.03146172737228259,0.06789478266224602
1888,228,228_8,228_9,2,0.03534669855072803,0.11099186242448544,0.1415214999019172
1889,228,228_9,228_10,2,0.15945703811410472,0.11803563614701207,0.2653047993425235
1890,228,228_10,228_11,2,-0.06557586888507472,0.08060812674348261,0.016743522118806586
1891,228,228_11,228_12,2,-0.012737996629908155,0.08457712065168765,0.0704389610634708
1892,229,229_0,229_1,2,-0.008123057249897148,-0.013502221734441378,-0.018531802397750985
1893,229,229_1,229_2,2,0.0005792545805798355,-0.06530569821416643,-0.06456082529934815
1894,229,229_2,229_3,2,0.03231518043004189,-0.021591583198704578,0.01184365233072504
1895,229,229_3,229_4,2,0.02292789403069362,-0.024622671100977378,-0.0011046636669544974
1896,229,229_4,229_5,2,-0.04311493198608218,0.006398735918606846,-0.03596129833432471
1897,229,229_5,229_6,2,0.015134367219747258,-0.09379904314381982,-0.07770513836213744
1898,229,229_6,229_7,2,0.025240984896097496,0.007929954788487903,0.03158221523803961
1899,229,229_7,229_8,2,-0.031247045144899177,-0.007836019951531714,-0.03762837875650793
1900,229,229_8,229_9,2,0.002747628701491589,-0.030439496264853094,-0.027228978589765696
1901,229,229_9,229_10,2,0.0049592858738756185,0.017573299426236755,0.019419184930514533
1902,230,230_0,230_1,4,0.0629922904280269,0.027695702835176084,0.09375786103548422
1903,230,230_1,230_2,4,-0.05574429820222759,0.1439005800806431,0.07553632266083632
1904,230,230_2,230_3,4,0.019666002810268646,-0.00437197523063082,0.022360184626016633
1905,230,230_3,230_4,4,-0.033097057109958694,-0.1771079631697814,-0.22030874451046856
1906,230,230_4,230_5,4,-0.011338628603917877,-0.004338996949182938,-0.01998297864001075
1907,230,230_5,230_6,4,-0.052951549124919284,0.04379935530243961,-0.004052847745004806
1908,230,230_6,230_7,4,0.045686082800128536,-0.08011664120878748,-0.029315600282611154
1909,230,230_7,230_8,4,0.08658665696620993,-0.21342063734948402,-0.11887373304629278
1910,231,231_0,231_1,1,0.03155322363705304,-0.2262982832673428,-0.20060727286131752
1911,231,231_1,231_2,1,0.010951651089015524,0.0677754831558679,0.07993870134664016
1912,231,231_2,231_3,1,0.027064355436904552,-0.07250676887716834,-0.04715559207072051
1913,231,231_3,231_4,1,0.08106097312798788,-0.1718750665736537,-0.09529490065222168
1914,231,231_4,231_5,1,-0.05393429086967405,-0.3844335301821058,-0.4438485896257762
1915,231,231_5,231_6,1,0.0212088854045831,-0.14674456030462935,-0.1398481429565881
1916,231,231_6,231_7,1,-0.1582232609377392,0.049797179428863636,-0.11034698884501792
1917,231,231_7,231_8,1,0.006353670339881878,-0.05983644050222359,-0.04044797072637807
1918,231,231_8,231_9,1,0.09029040345260486,0.06269154453186054,0.1532503738931581
1919,231,231_9,231_10,1,0.004120229255011987,-0.1517895101661384,-0.14652753036159738
1920,231,231_10,231_11,1,-0.021457209542627975,-0.029321011915920403,-0.047787206778070024
1921,231,231_11,231_12,1,-0.15436019345805185,-0.01371672308929428,-0.17163821259884937
1922,231,231_12,231_13,1,-0.11841559280941105,0.14449456281754758,0.031293963146392656
1923,232,232_0,232_1,4,0.021749815630958347,0.037624195212541345,0.05770753756936631
1924,232,232_1,232_2,4,0.01888734039628559,-0.0008108307769283396,0.004977573143611025
1925,232,232_2,232_3,4,-0.024500405156659744,-0.030694417257921547,-0.05622334368434445
1926,232,232_3,232_4,4,-0.026019944039388232,-0.08154320297906725,-0.10967340437824258
1927,232,232_4,232_5,4,-0.07289499149973766,0.12163820653301816,0.04687485153356974
1928,232,232_5,232_6,4,-0.02103653631783775,0.01973076618306635,0.007797821975889185
1929,232,232_6,232_7,4,0.02063539299632078,-0.11107353524298524,-0.09458544261549084
1930,232,232_7,232_8,4,0.0679856944002748,-0.06397471089456808,-0.0002880481089579945
1931,232,232_8,232_9,4,0.036530716618916825,0.10186726527761292,0.1404531159926523
1932,233,233_0,233_1,0,0.2191342783024246,0.044870106301839074,0.07804673513674243
1933,233,233_1,233_2,0,0.18826742264618712,-0.009873130299665522,0.07864286446092317
1934,233,233_2,233_3,0,0.09951280573283794,-0.05720073746435039,-0.01856410548972165
1935,233,233_3,233_4,0,0.06352510894771757,0.025183149854454356,0.046192472873311186
1936,233,233_4,233_5,0,0.06142058153393748,0.04594556402823269,0.06296233773705762
1937,233,233_5,233_6,0,-0.09667177826487805,0.009160720429137736,-0.03402097663387904
1938,233,233_6,233_7,0,-0.00967045890956264,0.04381099557862189,0.017516299858223228
1939,233,233_7,233_8,0,-0.02473623734790742,-0.029361289680182923,-0.04943872602625565
1940,233,233_8,233_9,0,0.1358120979017663,-0.004706821309357956,0.02406062649555807
1941,233,233_9,233_10,0,0.05407995216526462,-0.015199591277899493,-0.01807437097721243
1942,233,233_10,233_11,0,-0.08692419252645367,-0.004580478500949781,0.005432291201442396
1943,233,233_11,233_12,0,0.050546570987253236,-0.0008309946246747302,0.009568103681075968
1944,233,233_12,233_13,0,-0.0027371858344973354,0.005742359302428612,0.010806798925144134
1945,234,234_0,234_1,2,-0.017606608309589378,0.007658603553177379,-0.008542388955070868
1946,234,234_1,234_2,2,0.03126912720626818,-0.04844183223418019,-0.018317197208715497
1947,234,234_2,234_3,2,-0.05865675638720047,0.030462057163922918,-0.024745581790434956
1948,234,234_3,234_4,2,-0.048415852224214184,0.04409801168904748,-0.0013421598730289919
1949,234,234_4,234_5,2,-0.025183442993892635,0.049750746392759115,0.028316343411143086
1950,234,234_5,234_6,2,0.01392278997375973,-0.01426950664866733,0.000911650399090691
1951,234,234_6,234_7,2,0.0015598420655638101,0.022299531216275703,0.025030546042181356
1952,234,234_7,234_8,2,-0.024095041212115476,0.022776551268704148,-0.00227776824060677
1953,234,234_8,234_9,2,0.03285377860582206,0.012169464071102531,0.0452786564813199
1954,234,234_9,234_10,2,-0.011711146530671845,0.005882048405724483,-0.006308213964361764
1955,234,234_10,234_11,2,0.050165478624159654,0.061683035469592085,0.11412535206323238
1956,234,234_11,234_12,2,0.052105972678646584,0.04570729415253938,0.09730232538903572
1957,234,234_12,234_13,2,0.01129179494363819,-0.016219936617209774,-0.005608971610236324
1958,234,234_13,234_14,2,-0.05762857513783137,-0.0500270234392417,-0.10596435810759042
1959,237,237_0,237_1,4,0.011239003777288925,-0.15129200298380452,-0.14832249893694005
1960,237,237_1,237_2,4,0.055878221414914275,-0.13304232740154398,-0.07535862118902514
1961,237,237_2,237_3,4,0.037827597211606445,0.014529676316261897,0.04489130707519662
1962,237,237_3,237_4,4,0.057883003513014675,-0.06701585963045598,-0.0052266365971211926
1963,237,237_4,237_5,4,-0.020025997955389396,-0.12977416643130946,-0.14931969046354832
1964,237,237_5,237_6,4,-0.038736387265670524,-0.1568348839526692,-0.19286302250316933
1965,237,237_6,237_7,4,-0.007753179094782681,-0.032127014984719704,-0.04872891808425717
1966,237,237_7,237_8,4,0.040223765444143966,-0.192972832954456,-0.14018318651874018
1967,237,237_8,237_9,4,-0.04658693554338056,0.037141820909478485,-0.012289497502835145
1968,237,237_9,237_10,4,-0.06804378547604228,-0.041454148477615416,-0.10493135924716102
1969,237,237_10,237_11,4,0.06807356024643008,0.08181971101542085,0.13823463382703172
1970,238,238_0,238_1,3,0.13019579653260083,-0.04945951063564569,0.006453389061025661
1971,238,238_1,238_2,3,-0.03208618040332123,-0.011961426996276225,-0.02291656128944619
1972,238,238_2,238_3,3,0.021060461878817938,0.03338934348535094,0.045396020688706074
1973,238,238_3,238_4,3,0.07694991324299982,0.0531980714592728,0.08238079761456363
1974,239,239_0,239_1,1,-0.1491022058031659,0.0003506805859334605,-0.13678898603090017
1975,239,239_1,239_2,1,-0.1517738474362318,-0.11015315934709413,-0.26456265407577684
1976,239,239_2,239_3,1,-0.019607584434564562,0.04690497167182761,0.023766190529944997
1977,239,239_3,239_4,1,-0.04998295119748386,0.05900636660542058,0.012392988969844865
1978,239,239_4,239_5,1,-0.011139182835140371,0.05478666590719827,0.04193561730999318
1979,239,239_5,239_6,1,-0.015034294960788008,0.03926458093808538,0.02246133078016288
1980,239,239_6,239_7,1,0.08768175884706386,0.07650875612607733,0.1576251888768362
1981,239,239_7,239_8,1,-0.060391074829417635,0.04989378135116418,-0.001325581560874145
1982,239,239_8,239_9,1,0.11544412848613306,0.023255104090720735,0.13095695771578142
1983,239,239_9,239_10,1,0.06138073224601115,0.06529109516789366,0.1166244191480279
1984,239,239_10,239_11,1,0.05375342284526341,0.001771704961812226,0.05474944491680733
1985,240,240_0,240_1,3,0.07941333559762476,-0.08204119669553078,-0.03866543268699418
1986,240,240_1,240_2,3,-0.1667554712541972,0.20603912300733906,0.13856036531969096
1987,240,240_2,240_3,3,0.08323680911670528,0.05635139357026642,0.09515459225265177
1988,240,240_3,240_4,3,0.12824685194206786,-0.07236146649067488,-0.01730982103300427
1989,240,240_4,240_5,3,0.04951171448899294,-0.06590462665569041,-0.044575773924986906
1990,240,240_5,240_6,3,-0.0006776403861730174,0.03163574566002958,0.03693976270535604
1991,240,240_6,240_7,3,-0.02579934465269096,-0.15265075992891886,-0.1592501161364508
1992,240,240_7,240_8,3,0.1693024844779416,0.0006191510668334121,0.06977673464037215
1993,240,240_8,240_9,3,0.022803349211024226,0.10004636509211284,0.10838898814523734
1994,240,240_9,240_10,3,0.0883323283895523,0.10093179568438782,0.1383353663947564
1995,240,240_10,240_11,3,-0.036845284486702545,-0.04512630922782279,-0.05815290647408344
1996,240,240_11,240_12,3,-0.038652407752622464,-0.10732651767265278,-0.1189738403592
1997,240,240_12,240_13,3,0.02190877435001748,0.00609640668875433,0.017852137615585573
1998,240,240_13,240_14,3,-0.06583671386500023,-0.06508655173134348,-0.08995670899708053
1999,240,240_14,240_15,3,-0.19731304374442993,0.10148741228602076,0.01632316658613253
2000,240,240_15,240_16,3,-0.21924185581506506,-0.015267303924441311,-0.10300641062907756
2001,241,241_0,241_1,2,0.08717978996394482,0.014151194078470208,0.10394793746006714
2002,241,241_1,241_2,2,0.01645280376057512,0.055858386620890155,0.07175712710859106
2003,241,241_2,241_3,2,0.047265980164064914,0.08590430435810081,0.12613004607490097
2004,241,241_3,241_4,2,0.024543807024551167,-0.04120721362170987,-0.01830661744534079
2005,241,241_4,241_5,2,0.11307040629595422,0.041637465330969015,0.15243337486208475
2006,241,241_5,241_6,2,0.056860665283178236,0.02368781005719578,0.0806480367550253
2007,241,241_6,241_7,2,0.05708487206460111,0.14045280740496757,0.1975544701765357
2008,241,241_7,241_8,2,-0.012085809446515272,-0.05833252867427419,-0.07028521722468062
2009,241,241_8,241_9,2,-0.0009035153345129388,0.09732563092737134,0.09745516260570763
2010,241,241_9,241_10,2,-0.04255903187092169,0.14710543491187478,0.10617060037948267
2011,241,241_10,241_11,2,0.0467483567235325,-0.08962400147451488,-0.04289427330223261
2012,241,241_11,241_12,2,-0.012334993661375915,0.13608270074148132,0.12667304449799666
2013,241,241_12,241_13,2,-0.011003454703365945,-0.08777728997107181,-0.09735665138203098
2014,241,241_13,241_14,2,-0.016660191844840355,-0.05370366342179422,-0.07028063474113355
2015,242,242_0,242_1,3,0.0549849051281972,-0.1582422463753963,-0.1315242642912975
2016,242,242_1,242_2,3,0.29447945263489506,-0.12320686487296695,0.005799009136085553
2017,242,242_2,242_3,3,-0.07540710335678424,-0.11472691197121909,-0.1450612353224081
2018,242,242_3,242_4,3,0.023958855030551618,0.050745821227612176,0.05912420266795548
2019,242,242_4,242_5,3,0.050814928769914,0.053221932326252164,0.07487901965470156
2020,242,242_5,242_6,3,0.0002636137490674706,-0.03991667578065494,-0.037818742670871375
2021,242,242_6,242_7,3,0.0026877918849643745,-0.03111606681857615,-0.031211585207667092
2022,243,243_0,243_1,3,0.02529558898782125,0.035722362464426505,0.044954932380126045
2023,243,243_1,243_2,3,0.08510672582691936,0.013354980285545937,0.04848917152781729
2024,243,243_2,243_3,3,-0.0397100828418786,-0.0037012114024461695,-0.018317114904294662
2025,243,243_3,243_4,3,0.02399501379561708,-0.12849524662325784,-0.11892036408205109
2026,243,243_4,243_5,3,0.06451836882535855,0.0036205583665034347,0.028530615279072302
2027,244,244_0,244_1,4,-0.09131035490957196,-0.11654493880796823,-0.20057363457721578
2028,244,244_1,244_2,4,0.004545865062471233,-0.010804803986998235,0.002655723387164466
2029,244,244_2,244_3,4,-0.1604615515232506,-0.042459265687863956,-0.18858682251091885
2030,244,244_3,244_4,4,-0.04584356216636265,-0.038560992500902724,-0.08483722360061785
2031,244,244_4,244_5,4,-0.0017222577503983594,-0.014081334617350949,-0.017240205029655842
2032,244,244_5,244_6,4,0.054468267167213424,0.016516970167226752,0.07149392862625925
2033,244,244_6,244_7,4,-0.017062076445353735,0.07559909042126578,0.059574946848930166
2034,244,244_7,244_8,4,-0.08430461386888943,0.051787359945978384,-0.03242090778331441
2035,244,244_8,244_9,4,0.03537221959680159,-0.08049664829708103,-0.04290148169630026
2036,244,244_9,244_10,4,-0.025210955360332576,-0.0980812779639979,-0.12722511574766937
2037,244,244_10,244_11,4,0.03988495651349999,-0.004509837498027913,0.04721909710047267
2038,244,244_11,244_12,4,0.00581860792744493,-0.03129101525850886,-0.010307869369488243
2039,244,244_12,244_13,4,0.0012971036511162382,-0.11203223786062178,-0.10394914982770032
2040,244,244_13,244_14,4,0.03990222639795893,-0.10716359011292664,-0.07016890257381991
2041,244,244_14,244_15,4,0.07520681759820147,0.0859548315670784,0.15834453940838467
2042,244,244_15,244_16,4,0.03380441027257852,-0.06488690254455709,-0.020846034817752157
2043,244,244_16,244_17,4,0.05292070148841832,-0.085251860188992,-0.030071232409485393
2044,244,244_17,244_18,4,0.035873005468272656,-0.09306268678845986,-0.05011433510071961
2045,244,244_18,244_19,4,-0.04070517764505244,-0.15997529758795803,-0.2051200279944152
2046,244,244_19,244_20,4,0.023012552874001724,-0.15340174476096102,-0.1309701175813438
2047,244,244_20,244_21,4,-0.042950494653146265,0.14406091969830226,0.09815978262905345
2048,245,245_0,245_1,4,0.01162366274101112,0.1324898493176695,0.15037309459525927
2049,245,245_1,245_2,4,0.02311718188557954,-0.14286637940165114,-0.14153420236299485
2050,245,245_2,245_3,4,-0.10712282200588996,-0.1075224823793679,-0.23780629077853366
2051,245,245_3,245_4,4,0.04930048083409355,-0.0937694766891608,-0.04352043172990605
2052,246,246_0,246_1,4,0.023447710688899948,0.11833648512259032,0.1339835030956763
2053,246,246_1,246_2,4,0.08086908918782787,-0.11520092432706286,-0.024412619640255206
2054,246,246_2,246_3,4,0.01665310082374938,0.126557431483459,0.1402428211204949
2055,246,246_3,246_4,4,0.03754508201121509,0.09607990682358114,0.1284063266011488
2056,246,246_4,246_5,4,-0.04104803340752894,0.11011316525249693,0.06493212830440087
2057,246,246_5,246_6,4,0.11679413537384309,-0.08334019106424595,0.075608864598387
2058,246,246_6,246_7,4,0.040987971086871244,0.10549910902453186,0.14000393909774522
2059,246,246_7,246_8,4,0.14283276188573746,-0.05616838887547937,0.08493295824281066
2060,246,246_8,246_9,4,-0.07643292943210445,0.09048467507474967,0.0018267774704026074
2061,246,246_9,246_10,4,0.12317296945501743,0.06882817206484826,0.17581551739060852
2062,246,246_10,246_11,4,0.037421549161350987,0.16149107307269572,0.18438573398643665
2063,246,246_11,246_12,4,0.018000597591413703,0.12607917138179725,0.14061207832515477
2064,246,246_12,246_13,4,-0.09557920995446734,0.042369432744062685,-0.04963614223966484
2065,247,247_0,247_1,2,0.02747441482731916,0.02721034119590615,0.053223381340748444
2066,247,247_1,247_2,2,-0.019510044498370904,-0.024257554481408983,-0.04327788007788591
2067,247,247_2,247_3,2,-0.03780134017861991,0.05210066054275453,0.012179240112426104
2068,247,247_3,247_4,2,-0.026738354500913886,-0.03088916579465595,-0.057511587820125776
2069,249,249_0,249_1,0,0.05119191734204842,0.023013782029481344,0.033364382062536446
2070,249,249_1,249_2,0,0.02255722522579484,-0.015208494556998797,-0.013673131690375984
2071,249,249_2,249_3,0,0.049384572372821456,0.011446232192453776,0.030580895230432725
2072,249,249_3,249_4,0,-0.024657942658767862,0.012293040882717099,0.005362572213944539
2073,249,249_4,249_5,0,0.0148199085710643,0.006286039085229511,0.001842285461609805
2074,249,249_5,249_6,0,0.05029049528289631,0.01122629767629535,0.017000888856499863
2075,249,249_6,249_7,0,-0.11701980392516642,0.037920759314802766,0.010229109279086046
2076,250,250_0,250_1,3,0.029653735407852988,-0.017813760183105876,-0.0027120765655741508
2077,250,250_1,250_2,3,-0.14868904917385595,0.0838247378663215,0.016923640325061218
2078,250,250_2,250_3,3,-0.0073296846958710304,-0.043510900880529,-0.04732336429321382
2079,250,250_3,250_4,3,0.03437956898656913,-0.055444394525001384,-0.03674313135106555
2080,250,250_4,250_5,3,-0.07846254668788788,0.08198122668616459,0.04408168693618508
2081,250,250_5,250_6,3,0.039064801344424915,-0.025023990715393518,-0.007710230946530228
2082,250,250_6,250_7,3,0.012402862745526377,-0.0508106984221135,-0.043847372718853084
2083,250,250_7,250_8,3,-0.01891121173142052,0.007292517448683977,-0.0015403724856339895
2084,251,251_0,251_1,3,0.09907031193740545,-0.010920986644825659,0.03519964455818314
2085,251,251_1,251_2,3,0.0897988178445629,-0.04389863205282385,-0.007595287239149706
2086,251,251_2,251_3,3,-0.12803333537319794,-0.022383434543359115,-0.07215349703742202
2087,251,251_3,251_4,3,0.04409713680766969,-0.012035291440944063,0.00681132879764168
2088,252,252_0,252_1,4,0.003343961762025227,-0.09300338123386087,-0.08955621512878276
2089,252,252_1,252_2,4,-0.03882661302778123,0.0383670074295237,0.003027805064617972
2090,252,252_2,252_3,4,0.13846367465403975,0.12216200036873626,0.22661983492787763
2091,252,252_3,252_4,4,0.06309529966982463,0.1798815131969158,0.2349092299010338
2092,252,252_4,252_5,4,-0.028927543698326064,0.22757100579538725,0.19209848194264012
2093,252,252_5,252_6,4,0.06967356899779764,0.2798170019154933,0.3372048256297784
2094,252,252_6,252_7,4,-0.0025036594395639877,0.2924776753969014,0.288965020162415
2095,252,252_7,252_8,4,0.06638433976342406,0.02196345938521005,0.08501366268110844
2096,252,252_8,252_9,4,0.03698014957594986,0.0641586044834046,0.09333327665671654
2097,252,252_9,252_10,4,0.09296525705840186,-0.01278492615499327,0.08343424888446793
2098,252,252_10,252_11,4,-0.052502073056282184,-0.19781510412251202,-0.23520187238967294
2099,252,252_11,252_12,4,-0.007084467430087504,0.09546760002794208,0.07833226198485943
2100,252,252_12,252_13,4,-0.013299488905680779,-0.22783976851303578,-0.2272874135085854
2101,252,252_13,252_14,4,-0.031594262980423116,-0.05074796785380098,-0.0879518306305962
2102,252,252_14,252_15,4,0.019454700061426244,-0.025183172065341486,-0.015657236271203745
2103,252,252_15,252_16,4,0.026800202683906038,0.19282685166216718,0.206180358882311
2104,252,252_16,252_17,4,0.02722493509430257,-0.13004056935052533,-0.08476124515261407
2105,252,252_17,252_18,4,0.052421017548621274,-0.19090645567659847,-0.12686293936300386
2106,253,253_0,253_1,3,-0.01106398145910803,-0.022624130734729575,-0.026080072022963918
2107,253,253_1,253_2,3,-0.11225052015762715,-0.08309837801909681,-0.12399707908483282
2108,253,253_2,253_3,3,-0.019934130880475243,0.0069486858472782576,-0.00479912764702406
2109,253,253_3,253_4,3,-0.07762728471526392,0.04862141504739004,0.022719172712140523
2110,253,253_4,253_5,3,-0.002218835162968613,0.038379226021844404,0.036479019213381814
2111,253,253_5,253_6,3,-0.006104816914481503,0.022038857262622447,0.017078912675082325
2112,253,253_6,253_7,3,-0.044480858065511164,-0.14948664642560416,-0.16853025500749252
2113,253,253_7,253_8,3,-0.017678237562690047,-0.012641166844150398,-0.021368551393414092
2114,253,253_8,253_9,3,-0.0018590459457097364,0.09737181915533322,0.09145427902986858
2115,253,253_9,253_10,3,-0.029306404182803725,0.026888878057277577,0.012403806764182512
2116,253,253_10,253_11,3,-0.036659697965715,0.041694671722042664,0.029447997632644607
2117,253,253_11,253_12,3,-0.04096930362875972,0.02676615881357758,0.009420553096674888
2118,254,254_0,254_1,1,-0.045538149325325517,0.10991783804299371,0.06248698159040611
2119,254,254_1,254_2,1,0.10299316539813996,0.1433234527333196,0.24586002433605536
2120,254,254_2,254_3,1,0.02434190479638154,0.06412937310218747,0.08496687675867087
2121,254,254_3,254_4,1,0.0004260872488690559,0.016235861338994573,0.011435393908941771
2122,254,254_4,254_5,1,0.03100470640620756,-0.03935869984868123,-0.009578162235548637
2123,254,254_5,254_6,1,0.041123282123065374,-0.04372166655268983,0.0005461545629197317
2124,254,254_6,254_7,1,-0.04331814692714486,0.009128944610370837,-0.03168935341621815
2125,254,254_7,254_8,1,-0.015811157605087,-0.14256146405250059,-0.17692832573071882
2126,254,254_8,254_9,1,0.04282824585927103,-0.12556664814699947,-0.08393828869737274
2127,254,254_9,254_10,1,0.09456206606372175,-0.1178905340287959,-0.023814201766909848
2128,254,254_10,254_11,1,-0.013796418658967191,0.00271141802170205,0.00447351083700509
2129,254,254_11,254_12,1,0.020218238467510585,0.10438273695630196,0.1195246970763868
2130,254,254_12,254_13,1,-0.10439875744763638,0.0711759893013939,-0.030828467654302028
2131,254,254_13,254_14,1,0.010334978413392149,-0.10191270347870418,-0.09780116393972604
2132,254,254_14,254_15,1,-0.020094161125547183,-0.28332703389033376,-0.30306049909609256
2133,254,254_15,254_16,1,0.03320167218958536,0.054158660966635574,0.07682072643779714
2134,254,254_16,254_17,1,0.03333418265495147,0.03688852772482021,0.05658587443122842
2135,255,255_0,255_1,4,0.17388977720933196,0.12181415775048876,0.2987153296210514
2136,255,255_1,255_2,4,-0.046370577994201634,0.06283448336644859,0.011543405513906757
2137,255,255_2,255_3,4,0.014380795171703431,0.09326158816843799,0.09958215368742462
2138,255,255_3,255_4,4,0.09329125235501667,-0.03611884212523497,0.06678148766893033
2139,255,255_4,255_5,4,-0.1164152434828809,0.013385205020391311,-0.11107398334362983
2140,255,255_5,255_6,4,-0.010908704419717141,0.026009916490975726,0.010868645862234905
2141,255,255_6,255_7,4,-0.04967253274988437,-0.323701815811944,-0.3799046007913307
2142,255,255_7,255_8,4,-0.04921692876263917,-0.07303087208719905,-0.1349628914606289
2143,256,256_0,256_1,0,0.054445252682071565,-0.056672160924293946,-0.033452795102216104
2144,257,257_0,257_1,3,0.08655871603933418,-0.04008988573533023,0.003954676343959296
2145,257,257_1,257_2,3,0.023183119669069274,0.00036939048466089197,0.009570321374059665
2146,257,257_2,257_3,3,-0.040385261413630524,-0.1617267838602613,-0.17623610921264488
2147,257,257_3,257_4,3,-0.08778134942567783,-0.13001716333298052,-0.16153564240968077
2148,258,258_0,258_1,3,-0.013361669911192364,0.02379449374458953,0.01432277775035462
2149,258,258_1,258_2,3,0.08702397618498725,-0.03238171095400144,0.0032094460541232106
2150,258,258_2,258_3,3,0.1205527598948617,-0.07817430456179153,-0.026810567817868836
2151,258,258_3,258_4,3,0.02332861157816546,0.12318702981265273,0.13259171384105883
2152,258,258_4,258_5,3,0.07500044690109098,0.09258422561330337,0.12080833418972525
2153,258,258_5,258_6,3,0.07201086533419554,-0.02142447227355082,0.009708475361285718
2154,258,258_6,258_7,3,0.13638938075343565,-0.03807792007834565,0.021199617948742144
2155,258,258_7,258_8,3,0.00301553116421327,-0.023262933068421088,-0.02104888224358703
2156,258,258_8,258_9,3,0.013152222855387752,0.0397978904085079,0.04241103540028002
2157,258,258_9,258_10,3,0.13084898215747065,-0.034427935893667216,0.023185426244640706
2158,258,258_10,258_11,3,-0.09447651287579628,0.04525211376673388,0.00964092944682493
2159,258,258_11,258_12,3,-0.0670311972900075,0.045755339705449316,0.022271704654475144
2160,259,259_0,259_1,2,-0.026202860259106897,-0.035962110828267946,-0.0610449056565463
2161,259,259_1,259_2,2,0.03154934679596799,-0.0809522073922202,-0.04663097419372697
2162,259,259_2,259_3,2,-0.030675797009324768,-0.08736823123839965,-0.11857136436943394
2163,259,259_3,259_4,2,0.0176451782991649,0.04613518528777094,0.062180184446072095
2164,259,259_4,259_5,2,-0.019095994765987667,-0.027640860680201884,-0.044925072535991095
2165,259,259_5,259_6,2,0.030977559316342607,0.045853002141032606,0.07537757584118632
2166,259,259_6,259_7,2,-0.03145142598244122,-0.033549727348493485,-0.06455418635246435
2167,259,259_7,259_8,2,-0.005372779018199214,-0.04843477794385165,-0.05062438939385738
2168,259,259_8,259_9,2,-0.024899685596231125,0.08258184239620436,0.05801421021706932
2169,259,259_9,259_10,2,-0.023578225520592744,0.17226883093979217,0.1506114930554674
2170,259,259_10,259_11,2,0.03154469740856358,0.12967509563728874,0.1588589193181451
2171,259,259_11,259_12,2,0.034265947671785923,0.17845406875804648,0.20951620142823946
2172,259,259_12,259_13,2,0.06941484099586481,0.20552901073568686,0.26806597267478205
2173,259,259_13,259_14,2,-0.020214904986454396,-0.08873808426862029,-0.1083402328686669
2174,259,259_14,259_15,2,-0.06161265490469403,-0.029638454068337428,-0.090353207576221
2175,260,260_0,260_1,4,-0.04026181019095754,0.24960064474460042,0.20148496206369781
2176,260,260_1,260_2,4,0.051104884524815875,-0.053051799151563106,-0.006868622915095601
2177,260,260_2,260_3,4,-0.08856736587000347,0.35730145274005887,0.2803498898400987
2178,260,260_3,260_4,4,0.0074869947689779615,-0.185851598949188,-0.1864263778485591
2179,260,260_4,260_5,4,0.02222807065770338,-0.11960696688396855,-0.09154401510807375
2180,260,260_5,260_6,4,0.09208175165736487,-0.017143532310034626,0.07936318390419483
2181,260,260_6,260_7,4,0.08037661488201364,0.009735383221279426,0.08905972079246516
2182,260,260_7,260_8,4,-0.17099726396668413,-0.06748375472665136,-0.23770131868230004
2183,260,260_8,260_9,4,0.02475314338387813,0.1226678258792,0.14043412595342453
2184,260,260_9,260_10,4,-0.13085850208580263,0.1755155672401174,0.04980081917285606
2185,261,261_0,261_1,1,0.019804084827436785,-0.007987007556287562,0.01092726004049105
2186,261,261_1,261_2,1,0.028737451938728675,-0.01251763113715798,0.013190965728373083
2187,261,261_2,261_3,1,0.08597278819895482,0.16728438045809058,0.2322507285439901
2188,261,261_3,261_4,1,-0.05597852988863394,-0.08986945722428841,-0.1413438689560369
2189,261,261_4,261_5,1,0.06375151993395944,0.027045350816914393,0.08354037981714979
2190,261,261_5,261_6,1,0.02898540334290023,-0.004409766839855722,0.025606334718595747
2191,261,261_6,261_7,1,0.08602047480350095,0.015325018649688271,0.0988607499274139
2192,261,261_7,261_8,1,0.05400617525981799,-0.10956247303498068,-0.052844108034044934
2193,262,262_0,262_1,2,0.06199208274080226,-8.239509751328811e-05,0.06508081871109894
2194,262,262_1,262_2,2,-0.023691233566234704,-0.014530912596428358,-0.03806320952461162
2195,262,262_2,262_3,2,-0.018275783771441567,-0.044547869409753194,-0.0621438547416342
2196,262,262_3,262_4,2,0.008765177291553128,-0.003050678090083192,0.005962725239321287
2197,262,262_4,262_5,2,-0.0161550648122466,0.08038356415600667,0.06434469144945432
2198,262,262_5,262_6,2,0.09551464233485785,0.069358985324246,0.16454122259602144
2199,262,262_6,262_7,2,-0.1083087703355825,-0.013771009054331262,-0.12265224666761299
2200,262,262_7,262_8,2,0.013414928042533747,-0.03734241237219216,-0.022997291465285175
2201,262,262_8,262_9,2,-0.045017960405472124,-0.04880408198728281,-0.0944230028902946
2202,262,262_9,262_10,2,0.014324671290909086,-0.04865048235307112,-0.03156389595103759
2203,262,262_10,262_11,2,-0.014598666752161593,0.007808187754255513,-0.007816373873602567
2204,262,262_11,262_12,2,0.012179790309043703,-0.005951404239168845,0.005642867830585763
2205,262,262_12,262_13,2,-0.009139617976611225,-0.04486832275435915,-0.05264624635505033
2206,262,262_13,262_14,2,0.00780849845392706,-0.07270761522931979,-0.06436030510509849
2207,262,262_14,262_15,2,0.03596147282037254,0.021946547177619014,0.05700037529824309
2208,262,262_15,262_16,2,0.02092250133631235,-0.03649024698430936,-0.014807926858382503
2209,263,263_0,263_1,2,0.010234787242801802,-0.023762356451669353,-0.015267005540558376
2210,263,263_1,263_2,2,0.016725305676555724,0.0011838806190549445,0.017097398690533394
2211,263,263_2,263_3,2,0.012581979242596075,0.08444892713476615,0.0941999324204591
2212,263,263_3,263_4,2,-0.005668390237513421,-0.1856517265519042,-0.1959607486927213
2213,263,263_4,263_5,2,0.03281569443694288,0.010732486208288483,0.04492606539482202
2214,263,263_5,263_6,2,-0.015341450491113573,-0.0056260547462887445,-0.020222309887842904
2215,263,263_6,263_7,2,-0.07488718125452798,0.04998150524014022,-0.02393744661986985
2216,263,263_7,263_8,2,0.033879052922070496,-0.06704524785190413,-0.03438625260852568
2217,263,263_8,263_9,2,-0.04813469835543427,0.019930547357957185,-0.027022124668001135
2218,264,264_0,264_1,3,0.06131461954239703,-0.2110460096026463,-0.17614920407084278
2219,264,264_1,264_2,3,0.03726670644245944,0.042758148443490906,0.0590910783243519
2220,264,264_2,264_3,3,-0.07694285183453942,0.04058209965901849,0.009179719832519195
2221,265,265_0,265_1,3,-0.031948326272950744,0.02214847471483239,0.006568517142463648
2222,266,266_0,266_1,3,0.12346532372143526,-0.01919363106325922,0.039850620679278026
2223,266,266_1,266_2,3,0.022531971164589493,-0.03480374524701846,-0.020798877431500662
2224,266,266_2,266_3,3,0.04318882959705861,-0.16088749257698143,-0.14250444358036563
2225,266,266_3,266_4,3,-0.059119659926815116,-0.041904889805852275,-0.06402136260184954
2226,266,266_4,266_5,3,0.06819988677151412,-0.02664886479496764,0.004686457203399441
2227,266,266_5,266_6,3,-0.02343814365777086,0.010161011119397712,0.0014197584054198575
2228,266,266_6,266_7,3,0.01686167773569358,-0.04104641400246001,-0.03313725581404259
2229,266,266_7,266_8,3,-0.0688928924626655,0.052267178533421,0.020590694587282243
2230,266,266_8,266_9,3,0.05338303796877075,0.040528894646114866,0.06265160369364975
2231,266,266_9,266_10,3,0.07667438188687781,0.0929138091766748,0.12414777215282902
2232,266,266_10,266_11,3,0.08720362900550982,0.06740759465167301,0.10965978709670621
2233,266,266_11,266_12,3,-0.06593152132023006,-0.07686418322726052,-0.09713697827455858
2234,266,266_12,266_13,3,0.1345217769653262,0.14591747712321146,0.20086151722496504
2235,266,266_13,266_14,3,-0.1220898539605213,-0.05063712640840201,-0.09262764737942586
2236,266,266_14,266_15,3,0.07564434351782201,0.08506292026713802,0.12068924141428705
2237,266,266_15,266_16,3,-0.011154493975101154,-0.012496286698330028,-0.014670808218313791
2238,267,267_0,267_1,0,-0.02422625368152831,0.10798908508984673,0.10493592746247538
2239,267,267_1,267_2,0,0.0281169701585664,0.07679637629263092,0.0928944841757402
2240,267,267_2,267_3,0,0.016140817131719887,0.0017620775878242068,0.008748451844922567
2241,267,267_3,267_4,0,0.04566747266610116,-0.03996804085189365,-0.0308256134487066
2242,267,267_4,267_5,0,-0.10966670412257917,0.06625780978666929,0.03072930947218877
2243,267,267_5,267_6,0,-0.12861722473430404,-0.05096871198418951,-0.07880771521285634
2244,267,267_6,267_7,0,-0.052747937126811806,0.024137888588971146,0.014311780519885353
2245,267,267_7,267_8,0,-0.10006818370590831,-0.026503875483100847,-0.033360022515347865
2246,267,267_8,267_9,0,0.0136706224681018,-0.04628989325336286,-0.018733613799868598
2247,267,267_9,267_10,0,0.010809751511348775,0.04306293703193376,0.039328325003999964
2248,268,268_0,268_1,3,0.00011062103326064943,-0.0830251376764306,-0.0782737519269654
2249,268,268_1,268_2,3,0.06483422109994508,0.013934051088774213,0.04106200341338839
2250,268,268_2,268_3,3,-0.044659437630665266,0.06148477030917765,0.040199452365951016
2251,268,268_3,268_4,3,-0.43970436461927975,-0.0637027704085833,-0.237038144239911
2252,268,268_4,268_5,3,-0.042133791380795094,-0.05350943357059057,-0.07035172851038318
2253,268,268_5,268_6,3,-0.30441021915302746,-0.06130797203031857,-0.19004834695241501
2254,268,268_6,268_7,3,-0.05961657502739204,0.08534442178580426,0.059377274129861046
2255,268,268_7,268_8,3,-0.02892090738066555,0.1048018224437276,0.09059941973086028
2256,268,268_8,268_9,3,-0.06019930567581766,0.0853730187123809,0.06157192447811721
2257,268,268_9,268_10,3,0.08792010830330765,0.09281868046437802,0.1311489974778648
2258,268,268_10,268_11,3,0.03010547072906755,0.06952703890586931,0.08208477985893192
2259,268,268_11,268_12,3,-0.06851162515649545,0.040377349688847985,0.012555200408996159
2260,268,268_12,268_13,3,0.06208489851454435,0.028784305424655043,0.053686307590745885
2261,269,269_0,269_1,3,-0.13307677645741567,-0.14144055540771738,-0.19609641777892506
2262,269,269_1,269_2,3,-0.023193159151471132,-0.046742601863664746,-0.057436798176047965
2263,269,269_2,269_3,3,0.11952912646977332,0.06969110998383332,0.1259285834440358
2264,269,269_3,269_4,3,-0.05956839993382368,0.02222423691952602,0.0014028834955521763
2265,270,270_0,270_1,0,0.13110433133443766,0.023791379592079998,0.03492131575619417
2266,270,270_1,270_2,0,0.023576386866158705,0.027433200278203396,0.035188031198537084
2267,270,270_2,270_3,0,-0.013346632089811683,0.03522755500388808,0.04176441084623095
2268,270,270_3,270_4,0,0.0412243214958492,0.030388038414855822,0.03996648644317391
2269,270,270_4,270_5,0,-0.033585868662255214,0.05376251372972751,0.05740582040520947
2270,270,270_5,270_6,0,-0.0538204793149184,-0.003005408485364125,-0.024793370979796947
2271,270,270_6,270_7,0,0.023303980347535447,0.05244976336615981,0.05447020741778774
2272,270,270_7,270_8,0,0.15251898539966335,0.0013236435868595464,0.018634748275172974
2273,270,270_8,270_9,0,-0.0036357100414015076,0.019972845301568176,0.00372898921962439
2274,270,270_9,270_10,0,0.17168822926234872,-0.002185302326005001,0.05137253461429214
2275,270,270_10,270_11,0,-0.07852789923613912,0.004260521473192558,-0.024531319771717852
2276,270,270_11,270_12,0,0.07308608485971879,-0.04825864511340905,-0.03692128792887406
2277,270,270_12,270_13,0,-0.006880421168666828,0.0018619668832657865,0.04359037587476289
2278,270,270_13,270_14,0,-0.04495631267814337,0.05022338797806625,0.07823355523797004
2279,271,271_0,271_1,0,-0.07172152439798918,0.06007574521240122,0.031076917562667505
2280,271,271_1,271_2,0,-0.025224655235284388,0.04652745028188643,0.04185585973880235
2281,271,271_2,271_3,0,-0.033354379067275675,-0.0053599921375822035,-0.029126901054042698
2282,271,271_3,271_4,0,-0.03753912676502713,-0.060380581666372724,-0.06035897016605185
2283,271,271_4,271_5,0,-0.1708234782507152,0.03991788600211987,0.00260768569601022
2284,272,272_0,272_1,4,0.05314667688784924,-0.027201481610373168,0.02861890384446175
2285,272,272_1,272_2,4,0.05746248673495913,-0.13669265901803063,-0.06936121556927843
2286,272,272_2,272_3,4,-0.058848855328185845,-0.003489613813306036,-0.0601880047445531
2287,272,272_3,272_4,4,0.030750286631415547,0.14128081701270645,0.1721910348190303
2288,272,272_4,272_5,4,-0.053219659343461734,0.08594058774881708,0.04196582124162207
2289,273,273_0,273_1,2,-0.008624332455779538,0.0037073333269852515,-0.0013726677251590935
2290,273,273_1,273_2,2,-0.0004309894893177457,-0.0015722767220338607,-0.0019838881676481623
2291,273,273_2,273_3,2,-0.043875765322811455,-0.041476634982003935,-0.08745509012473263
2292,274,274_0,274_1,3,0.019031805410371527,0.02053446727130348,0.026103145082577717
2293,274,274_1,274_2,3,0.02052301210812746,0.12958980448987067,0.14335275639444545
2294,274,274_2,274_3,3,-0.03269814685112893,-0.007034552239640224,-0.021373007372189168
2295,274,274_3,274_4,3,0.09600533338267381,-0.0652140921943678,-0.02359556416742059
2296,275,275_0,275_1,3,-0.1357140657825604,-0.014499160483955276,-0.07074809776602287
2297,275,275_1,275_2,3,0.09667708197488145,0.008876199548569996,0.05063997508360296
2298,275,275_2,275_3,3,0.040514378042271204,-0.03259532516843566,-0.016627406243190146
2299,278,278_0,278_1,1,0.066555960804624,0.06752868693758529,0.13746398700720874
2300,278,278_1,278_2,1,-0.15003354686332315,-0.10716651490677664,-0.2528800668598068
2301,278,278_2,278_3,1,-0.04194327445868096,-0.19973184115547404,-0.2570026564854593
2302,278,278_3,278_4,1,0.030168462929484496,0.0053847457936218035,0.03670930362271663
2303,278,278_4,278_5,1,-0.005035128322006699,-0.1472315959261179,-0.14243970728726163
2304,278,278_5,278_6,1,0.0042790407774078165,-0.0794710818095723,-0.06715074541274624
2305,278,278_6,278_7,1,-0.08921786722386749,-0.07842332516119477,-0.1595527098388887
2306,278,278_7,278_8,1,-0.04660717068601583,-0.5351665463838546,-0.5979149719414039
2307,278,278_8,278_9,1,0.06859997763573089,-0.24686829889937956,-0.16393052626507743
2308,278,278_9,278_10,1,0.023503257904408104,-0.055479798854662254,-0.029133130503609772
2309,278,278_10,278_11,1,0.020130499725388606,-0.1532759229685805,-0.13868311651168996
2310,278,278_11,278_12,1,-0.03146114593024829,-0.015613107519212743,-0.04182705937858855
2311,278,278_12,278_13,1,-0.04399010025705996,0.1575692420988517,0.12006212677288097
2312,278,278_13,278_14,1,-0.010795569952494866,-0.07231297048049723,-0.07455192801464716
2313,278,278_14,278_15,1,0.006639071849074085,-0.09514373341638604,-0.08253892246325689
2314,278,278_15,278_16,1,-0.05424905092367105,-0.01663818713166254,-0.06991589490719563
2315,279,279_0,279_1,2,-0.01800556105426132,0.01836385144552266,-0.0006632261261241279
2316,279,279_1,279_2,2,0.06998891278219643,0.054432827348495305,0.12577874064811723
2317,279,279_2,279_3,2,0.03780860283378229,0.11858084749506426,0.15127036277742767
2318,279,279_3,279_4,2,-0.0008358687570679812,0.0205464059893794,0.019435454687378506
2319,279,279_4,279_5,2,0.007398745354459946,-0.0308437002368509,-0.02038395460939335
2320,279,279_5,279_6,2,0.04095188261613103,-0.032758956138615236,0.008528193899024927
2321,279,279_6,279_7,2,0.03535601443214054,0.11264547559936,0.1441469680320573
2322,279,279_7,279_8,2,0.03261171221037429,0.051499833642487225,0.08312552621097091
2323,279,279_8,279_9,2,-0.006239915770827276,-0.10017539804441133,-0.10570716240419742
2324,279,279_9,279_10,2,0.024612377084779702,0.14373678891746589,0.16524271826337045
2325,279,279_10,279_11,2,0.007080888675317754,-0.09921082136534953,-0.09181935006950082
2326,279,279_11,279_12,2,0.030945065557167473,0.08749465658496192,0.1160589693395131
2327,279,279_12,279_13,2,-0.011008253758457265,0.01749391102823128,0.005013080334266062
2328,279,279_13,279_14,2,-0.04044314891755474,-0.10144519453177847,-0.140514833125174
2329,279,279_14,279_15,2,-0.021740099528910317,0.015175422229115165,-0.0062191558343713815
