"row_id","participant_id","analysis_weight","T","Y","M","C"
"1","px_535369b734b7cb64","0.00806451612903226","1","2","1","quality_low"
"2","px_535369b734b7cb64","0.00806451612903226","2","1","1","quality_low"
"3","px_535369b734b7cb64","0.00806451612903226","1","2","1","quality_low"
"4","px_535369b734b7cb64","0.00806451612903226","2","2","1","quality_low"
"5","px_535369b734b7cb64","0.00806451612903226","2","2","2","quality_low"
"6","px_535369b734b7cb64","0.00806451612903226","2","1","2","quality_low"
"7","px_535369b734b7cb64","0.00806451612903226","1","2","2","quality_low"
"8","px_535369b734b7cb64","0.00806451612903226","2","1","2","quality_low"
"9","px_535369b734b7cb64","0.00806451612903226","1","2","1","quality_low"
"10","px_535369b734b7cb64","0.00806451612903226","2","2","1","quality_high"
"11","px_535369b734b7cb64","0.00806451612903226","2","2","2","quality_low"
"12","px_535369b734b7cb64","0.00806451612903226","2","1","2","quality_low"
"13","px_535369b734b7cb64","0.00806451612903226","1","2","1","quality_high"
"14","px_535369b734b7cb64","0.00806451612903226","2","2","1","quality_high"
"15","px_535369b734b7cb64","0.00806451612903226","2","2","3","quality_low"
"16","px_535369b734b7cb64","0.00806451612903226","2","2","1","quality_low"
"17","px_535369b734b7cb64","0.00806451612903226","2","3","2","quality_low"
"18","px_535369b734b7cb64","0.00806451612903226","3","2","2","quality_low"
"19","px_535369b734b7cb64","0.00806451612903226","2","1","1","quality_low"
"20","px_535369b734b7cb64","0.00806451612903226","1","2","1","quality_low"
"21","px_535369b734b7cb64","0.00806451612903226","2","3","2","quality_high"
"22","px_535369b734b7cb64","0.00806451612903226","3","2","2","quality_low"
"23","px_535369b734b7cb64","0.00806451612903226","2","2","1","quality_low"
"24","px_535369b734b7cb64","0.00806451612903226","2","2","1","quality_low"
"25","px_535369b734b7cb64","0.00806451612903226","2","2","3","quality_high"
"26","px_535369b734b7cb64","0.00806451612903226","2","2","2","quality_low"
"27","px_535369b734b7cb64","0.00806451612903226","2","2","1","quality_low"
"28","px_535369b734b7cb64","0.00806451612903226","2","2","1","quality_low"
"29","px_535369b734b7cb64","0.00806451612903226","2","2","2","quality_high"
"30","px_535369b734b7cb64","0.00806451612903226","2","2","2","quality_high"
"31","px_535369b734b7cb64","0.00806451612903226","2","2","1","quality_low"
"32","px_535369b734b7cb64","0.00806451612903226","2","2","1","quality_low"
"33","px_535369b734b7cb64","0.00806451612903226","2","2","2","quality_low"
"34","px_535369b734b7cb64","0.00806451612903226","2","2","2","quality_low"
"35","px_535369b734b7cb64","0.00806451612903226","2","1","1","quality_low"
"36","px_535369b734b7cb64","0.00806451612903226","1","1","1","quality_low"
"37","px_535369b734b7cb64","0.00806451612903226","1","2","1","quality_low"
"38","px_535369b734b7cb64","0.00806451612903226","2","2","1","quality_low"
"39","px_535369b734b7cb64","0.00806451612903226","2","2","2","quality_low"
"40","px_535369b734b7cb64","0.00806451612903226","2","1","2","quality_low"
"41","px_535369b734b7cb64","0.00806451612903226","1","1","2","quality_low"
"42","px_535369b734b7cb64","0.00806451612903226","1","2","2","quality_low"
"43","px_535369b734b7cb64","0.00806451612903226","2","2","3","quality_low"
"44","px_535369b734b7cb64","0.00806451612903226","2","2","1","quality_low"
"45","px_535369b734b7cb64","0.00806451612903226","2","1","2","quality_low"
"46","px_535369b734b7cb64","0.00806451612903226","1","1","3","quality_low"
"47","px_535369b734b7cb64","0.00806451612903226","1","2","3","quality_low"
"48","px_535369b734b7cb64","0.00806451612903226","2","1","3","quality_low"
"49","px_535369b734b7cb64","0.00806451612903226","1","1","2","quality_low"
"50","px_535369b734b7cb64","0.00806451612903226","1","1","2","quality_low"
"51","px_535369b734b7cb64","0.00806451612903226","1","1","2","quality_low"
"52","px_535369b734b7cb64","0.00806451612903226","1","2","3","quality_low"
"53","px_535369b734b7cb64","0.00806451612903226","2","2","1","quality_low"
"54","px_535369b734b7cb64","0.00806451612903226","2","2","2","quality_low"
"55","px_535369b734b7cb64","0.00806451612903226","2","2","2","quality_low"
"56","px_535369b734b7cb64","0.00806451612903226","2","2","2","quality_low"
"57","px_535369b734b7cb64","0.00806451612903226","2","2","1","quality_low"
"58","px_535369b734b7cb64","0.00806451612903226","2","2","2","quality_low"
"59","px_535369b734b7cb64","0.00806451612903226","2","1","2","quality_low"
"60","px_535369b734b7cb64","0.00806451612903226","1","2","3","quality_low"
"61","px_535369b734b7cb64","0.00806451612903226","2","1","2","quality_high"
"62","px_535369b734b7cb64","0.00806451612903226","1","2","2","quality_low"
"63","px_535369b734b7cb64","0.00806451612903226","2","1","2","quality_high"
"64","px_535369b734b7cb64","0.00806451612903226","1","2","2","quality_low"
"65","px_535369b734b7cb64","0.00806451612903226","2","1","2","quality_low"
"66","px_535369b734b7cb64","0.00806451612903226","1","2","2","quality_low"
"67","px_535369b734b7cb64","0.00806451612903226","2","1","1","quality_low"
"68","px_535369b734b7cb64","0.00806451612903226","1","1","2","quality_low"
"69","px_535369b734b7cb64","0.00806451612903226","1","1","3","quality_low"
"70","px_535369b734b7cb64","0.00806451612903226","1","1","1","quality_low"
"71","px_535369b734b7cb64","0.00806451612903226","1","2","1","quality_low"
"72","px_535369b734b7cb64","0.00806451612903226","2","3","1","quality_low"
"73","px_535369b734b7cb64","0.00806451612903226","3","1","2","quality_low"
"74","px_535369b734b7cb64","0.00806451612903226","1","1","3","quality_high"
"75","px_535369b734b7cb64","0.00806451612903226","1","2","2","quality_high"
"76","px_535369b734b7cb64","0.00806451612903226","2","2","2","quality_high"
"77","px_535369b734b7cb64","0.00806451612903226","2","1","2","quality_high"
"78","px_535369b734b7cb64","0.00806451612903226","1","1","2","quality_high"
"79","px_535369b734b7cb64","0.00806451612903226","1","2","2","quality_high"
"80","px_535369b734b7cb64","0.00806451612903226","2","1","2","quality_high"
"81","px_535369b734b7cb64","0.00806451612903226","1","1","2","quality_low"
"82","px_535369b734b7cb64","0.00806451612903226","1","2","2","quality_low"
"83","px_535369b734b7cb64","0.00806451612903226","2","1","2","quality_high"
"84","px_535369b734b7cb64","0.00806451612903226","1","2","2","quality_high"
"85","px_535369b734b7cb64","0.00806451612903226","2","2","1","quality_low"
"86","px_535369b734b7cb64","0.00806451612903226","2","1","1","quality_low"
"87","px_535369b734b7cb64","0.00806451612903226","1","1","1","quality_low"
"88","px_535369b734b7cb64","0.00806451612903226","1","2","2","quality_low"
"89","px_535369b734b7cb64","0.00806451612903226","2","3","2","quality_low"
"90","px_535369b734b7cb64","0.00806451612903226","3","2","1","quality_low"
"91","px_535369b734b7cb64","0.00806451612903226","2","2","2","quality_low"
"92","px_535369b734b7cb64","0.00806451612903226","2","1","2","quality_high"
"93","px_535369b734b7cb64","0.00806451612903226","1","1","1","quality_low"
"94","px_535369b734b7cb64","0.00806451612903226","1","1","2","quality_low"
"95","px_535369b734b7cb64","0.00806451612903226","1","1","1","quality_low"
"96","px_535369b734b7cb64","0.00806451612903226","1","2","1","quality_low"
"97","px_535369b734b7cb64","0.00806451612903226","2","2","2","quality_low"
"98","px_535369b734b7cb64","0.00806451612903226","2","1","2","quality_low"
"99","px_535369b734b7cb64","0.00806451612903226","1","1","1","quality_low"
"100","px_535369b734b7cb64","0.00806451612903226","1","1","1","quality_high"
"101","px_535369b734b7cb64","0.00806451612903226","1","2","1","quality_low"
"102","px_535369b734b7cb64","0.00806451612903226","2","1","1","quality_low"
"103","px_535369b734b7cb64","0.00806451612903226","1","2","2","quality_low"
"104","px_535369b734b7cb64","0.00806451612903226","2","2","2","quality_low"
"105","px_535369b734b7cb64","0.00806451612903226","2","2","1","quality_low"
"106","px_535369b734b7cb64","0.00806451612903226","2","2","1","quality_low"
"107","px_535369b734b7cb64","0.00806451612903226","2","2","2","quality_high"
"108","px_535369b734b7cb64","0.00806451612903226","2","2","3","quality_low"
"109","px_535369b734b7cb64","0.00806451612903226","2","1","2","quality_high"
"110","px_535369b734b7cb64","0.00806451612903226","1","1","2","quality_high"
"111","px_535369b734b7cb64","0.00806451612903226","1","1","2","quality_high"
"112","px_535369b734b7cb64","0.00806451612903226","1","1","1","quality_low"
"113","px_535369b734b7cb64","0.00806451612903226","1","2","1","quality_high"
"114","px_535369b734b7cb64","0.00806451612903226","2","1","1","quality_low"
"115","px_535369b734b7cb64","0.00806451612903226","1","2","2","quality_low"
"116","px_535369b734b7cb64","0.00806451612903226","2","1","2","quality_high"
"117","px_535369b734b7cb64","0.00806451612903226","1","2","2","quality_low"
"118","px_535369b734b7cb64","0.00806451612903226","2","2","2","quality_low"
"119","px_535369b734b7cb64","0.00806451612903226","2","3","1","quality_low"
"120","px_535369b734b7cb64","0.00806451612903226","1","2","1","quality_low"
"121","px_535369b734b7cb64","0.00806451612903226","2","2","1","quality_low"
"122","px_535369b734b7cb64","0.00806451612903226","2","1","1","quality_high"
"123","px_535369b734b7cb64","0.00806451612903226","1","2","1","quality_high"
"124","px_535369b734b7cb64","0.00806451612903226","2","2","2","quality_high"
"125","px_02a8787a5fffa82a","0.0075187969924812","2","2","1","quality_low"
"126","px_02a8787a5fffa82a","0.0075187969924812","2","1","3","quality_low"
"127","px_02a8787a5fffa82a","0.0075187969924812","1","2","3","quality_low"
"128","px_02a8787a5fffa82a","0.0075187969924812","2","2","3","quality_low"
"129","px_02a8787a5fffa82a","0.0075187969924812","2","3","3","quality_low"
"130","px_02a8787a5fffa82a","0.0075187969924812","3","1","3","quality_low"
"131","px_02a8787a5fffa82a","0.0075187969924812","1","2","3","quality_low"
"132","px_02a8787a5fffa82a","0.0075187969924812","2","1","2","quality_low"
"133","px_02a8787a5fffa82a","0.0075187969924812","1","1","3","quality_low"
"134","px_02a8787a5fffa82a","0.0075187969924812","1","1","3","quality_high"
"135","px_02a8787a5fffa82a","0.0075187969924812","1","2","3","quality_high"
"136","px_02a8787a5fffa82a","0.0075187969924812","2","2","3","quality_high"
"137","px_02a8787a5fffa82a","0.0075187969924812","2","2","2","quality_low"
"138","px_02a8787a5fffa82a","0.0075187969924812","2","2","2","quality_low"
"139","px_02a8787a5fffa82a","0.0075187969924812","2","3","3","quality_low"
"140","px_02a8787a5fffa82a","0.0075187969924812","3","3","3","quality_low"
"141","px_02a8787a5fffa82a","0.0075187969924812","3","3","3","quality_low"
"142","px_02a8787a5fffa82a","0.0075187969924812","3","3","3","quality_low"
"143","px_02a8787a5fffa82a","0.0075187969924812","3","2","3","quality_high"
"144","px_02a8787a5fffa82a","0.0075187969924812","2","2","3","quality_high"
"145","px_02a8787a5fffa82a","0.0075187969924812","2","1","3","quality_low"
"146","px_02a8787a5fffa82a","0.0075187969924812","1","3","3","quality_low"
"147","px_02a8787a5fffa82a","0.0075187969924812","3","3","3","quality_high"
"148","px_02a8787a5fffa82a","0.0075187969924812","3","3","3","quality_high"
"149","px_02a8787a5fffa82a","0.0075187969924812","3","2","3","quality_low"
"150","px_02a8787a5fffa82a","0.0075187969924812","2","3","3","quality_low"
"151","px_02a8787a5fffa82a","0.0075187969924812","3","2","2","quality_low"
"152","px_02a8787a5fffa82a","0.0075187969924812","2","3","2","quality_low"
"153","px_02a8787a5fffa82a","0.0075187969924812","3","3","3","quality_high"
"154","px_02a8787a5fffa82a","0.0075187969924812","3","2","3","quality_high"
"155","px_02a8787a5fffa82a","0.0075187969924812","2","3","3","quality_high"
"156","px_02a8787a5fffa82a","0.0075187969924812","3","3","3","quality_high"
"157","px_02a8787a5fffa82a","0.0075187969924812","3","3","3","quality_high"
"158","px_02a8787a5fffa82a","0.0075187969924812","3","3","3","quality_low"
"159","px_02a8787a5fffa82a","0.0075187969924812","3","3","3","quality_high"
"160","px_02a8787a5fffa82a","0.0075187969924812","3","3","3","quality_low"
"161","px_02a8787a5fffa82a","0.0075187969924812","3","3","3","quality_low"
"162","px_02a8787a5fffa82a","0.0075187969924812","3","3","3","quality_low"
"163","px_02a8787a5fffa82a","0.0075187969924812","3","3","3","quality_low"
"164","px_02a8787a5fffa82a","0.0075187969924812","3","3","3","quality_low"
"165","px_02a8787a5fffa82a","0.0075187969924812","3","3","3","quality_low"
"166","px_02a8787a5fffa82a","0.0075187969924812","3","3","2","quality_low"
"167","px_02a8787a5fffa82a","0.0075187969924812","3","3","2","quality_low"
"168","px_02a8787a5fffa82a","0.0075187969924812","3","3","3","quality_high"
"169","px_02a8787a5fffa82a","0.0075187969924812","3","2","3","quality_high"
"170","px_02a8787a5fffa82a","0.0075187969924812","2","3","2","quality_low"
"171","px_02a8787a5fffa82a","0.0075187969924812","3","2","3","quality_low"
"172","px_02a8787a5fffa82a","0.0075187969924812","2","2","3","quality_high"
"173","px_02a8787a5fffa82a","0.0075187969924812","2","3","3","quality_low"
"174","px_02a8787a5fffa82a","0.0075187969924812","3","3","3","quality_low"
"175","px_02a8787a5fffa82a","0.0075187969924812","3","2","3","quality_high"
"176","px_02a8787a5fffa82a","0.0075187969924812","2","3","3","quality_high"
"177","px_02a8787a5fffa82a","0.0075187969924812","3","3","2","quality_high"
"178","px_02a8787a5fffa82a","0.0075187969924812","3","3","3","quality_low"
"179","px_02a8787a5fffa82a","0.0075187969924812","3","2","3","quality_low"
"180","px_02a8787a5fffa82a","0.0075187969924812","2","2","1","quality_low"
"181","px_02a8787a5fffa82a","0.0075187969924812","2","2","3","quality_low"
"182","px_02a8787a5fffa82a","0.0075187969924812","2","2","3","quality_low"
"183","px_02a8787a5fffa82a","0.0075187969924812","2","3","3","quality_high"
"184","px_02a8787a5fffa82a","0.0075187969924812","3","3","3","quality_high"
"185","px_02a8787a5fffa82a","0.0075187969924812","3","2","3","quality_low"
"186","px_02a8787a5fffa82a","0.0075187969924812","2","3","3","quality_high"
"187","px_02a8787a5fffa82a","0.0075187969924812","3","3","3","quality_high"
"188","px_02a8787a5fffa82a","0.0075187969924812","3","2","3","quality_high"
"189","px_02a8787a5fffa82a","0.0075187969924812","2","3","3","quality_high"
"190","px_02a8787a5fffa82a","0.0075187969924812","3","2","3","quality_high"
"191","px_02a8787a5fffa82a","0.0075187969924812","2","2","3","quality_high"
"192","px_02a8787a5fffa82a","0.0075187969924812","2","2","3","quality_low"
"193","px_02a8787a5fffa82a","0.0075187969924812","2","3","3","quality_low"
"194","px_02a8787a5fffa82a","0.0075187969924812","3","1","3","quality_high"
"195","px_02a8787a5fffa82a","0.0075187969924812","1","2","2","quality_high"
"196","px_02a8787a5fffa82a","0.0075187969924812","2","2","3","quality_high"
"197","px_02a8787a5fffa82a","0.0075187969924812","2","2","2","quality_low"
"198","px_02a8787a5fffa82a","0.0075187969924812","2","3","2","quality_low"
"199","px_02a8787a5fffa82a","0.0075187969924812","3","3","3","quality_low"
"200","px_02a8787a5fffa82a","0.0075187969924812","3","3","3","quality_high"
"201","px_02a8787a5fffa82a","0.0075187969924812","3","3","3","quality_low"
"202","px_02a8787a5fffa82a","0.0075187969924812","3","3","3","quality_high"
"203","px_02a8787a5fffa82a","0.0075187969924812","3","3","3","quality_high"
"204","px_02a8787a5fffa82a","0.0075187969924812","3","3","3","quality_low"
"205","px_02a8787a5fffa82a","0.0075187969924812","3","3","2","quality_low"
"206","px_02a8787a5fffa82a","0.0075187969924812","3","3","3","quality_low"
"207","px_02a8787a5fffa82a","0.0075187969924812","3","3","3","quality_low"
"208","px_02a8787a5fffa82a","0.0075187969924812","3","3","3","quality_low"
"209","px_02a8787a5fffa82a","0.0075187969924812","3","3","2","quality_high"
"210","px_02a8787a5fffa82a","0.0075187969924812","3","2","3","quality_high"
"211","px_02a8787a5fffa82a","0.0075187969924812","2","3","3","quality_high"
"212","px_02a8787a5fffa82a","0.0075187969924812","3","3","3","quality_high"
"213","px_02a8787a5fffa82a","0.0075187969924812","3","3","3","quality_low"
"214","px_02a8787a5fffa82a","0.0075187969924812","3","3","3","quality_low"
"215","px_02a8787a5fffa82a","0.0075187969924812","3","3","2","quality_high"
"216","px_02a8787a5fffa82a","0.0075187969924812","3","3","3","quality_low"
"217","px_02a8787a5fffa82a","0.0075187969924812","3","3","3","quality_high"
"218","px_02a8787a5fffa82a","0.0075187969924812","3","3","2","quality_low"
"219","px_02a8787a5fffa82a","0.0075187969924812","3","3","2","quality_high"
"220","px_02a8787a5fffa82a","0.0075187969924812","3","3","3","quality_high"
"221","px_02a8787a5fffa82a","0.0075187969924812","3","3","2","quality_low"
"222","px_02a8787a5fffa82a","0.0075187969924812","3","3","2","quality_high"
"223","px_02a8787a5fffa82a","0.0075187969924812","3","3","3","quality_high"
"224","px_02a8787a5fffa82a","0.0075187969924812","3","2","3","quality_high"
"225","px_02a8787a5fffa82a","0.0075187969924812","2","3","3","quality_high"
"226","px_02a8787a5fffa82a","0.0075187969924812","3","2","3","quality_high"
"227","px_02a8787a5fffa82a","0.0075187969924812","2","3","3","quality_high"
"228","px_02a8787a5fffa82a","0.0075187969924812","3","3","3","quality_high"
"229","px_02a8787a5fffa82a","0.0075187969924812","3","3","3","quality_high"
"230","px_02a8787a5fffa82a","0.0075187969924812","3","3","3","quality_high"
"231","px_02a8787a5fffa82a","0.0075187969924812","3","3","3","quality_high"
"232","px_02a8787a5fffa82a","0.0075187969924812","3","3","3","quality_high"
"233","px_02a8787a5fffa82a","0.0075187969924812","3","3","2","quality_low"
"234","px_02a8787a5fffa82a","0.0075187969924812","3","3","2","quality_low"
"235","px_02a8787a5fffa82a","0.0075187969924812","3","3","3","quality_high"
"236","px_02a8787a5fffa82a","0.0075187969924812","3","3","2","quality_high"
"237","px_02a8787a5fffa82a","0.0075187969924812","3","2","3","quality_high"
"238","px_02a8787a5fffa82a","0.0075187969924812","2","3","2","quality_high"
"239","px_02a8787a5fffa82a","0.0075187969924812","3","3","3","quality_low"
"240","px_02a8787a5fffa82a","0.0075187969924812","3","3","3","quality_high"
"241","px_02a8787a5fffa82a","0.0075187969924812","3","2","2","quality_high"
"242","px_02a8787a5fffa82a","0.0075187969924812","2","2","3","quality_low"
"243","px_02a8787a5fffa82a","0.0075187969924812","2","2","3","quality_high"
"244","px_02a8787a5fffa82a","0.0075187969924812","2","2","2","quality_high"
"245","px_02a8787a5fffa82a","0.0075187969924812","2","2","2","quality_high"
"246","px_02a8787a5fffa82a","0.0075187969924812","2","3","2","quality_high"
"247","px_02a8787a5fffa82a","0.0075187969924812","3","3","3","quality_high"
"248","px_02a8787a5fffa82a","0.0075187969924812","3","3","3","quality_low"
"249","px_02a8787a5fffa82a","0.0075187969924812","3","3","3","quality_low"
"250","px_02a8787a5fffa82a","0.0075187969924812","3","2","3","quality_high"
"251","px_02a8787a5fffa82a","0.0075187969924812","2","2","3","quality_low"
"252","px_02a8787a5fffa82a","0.0075187969924812","2","2","2","quality_high"
"253","px_02a8787a5fffa82a","0.0075187969924812","2","3","2","quality_high"
"254","px_02a8787a5fffa82a","0.0075187969924812","3","2","2","quality_low"
"255","px_02a8787a5fffa82a","0.0075187969924812","2","3","2","quality_low"
"256","px_02a8787a5fffa82a","0.0075187969924812","3","3","2","quality_high"
"257","px_02a8787a5fffa82a","0.0075187969924812","3","3","3","quality_high"
"258","px_2305504e66504860","0.00952380952380952","1","1","3","quality_low"
"259","px_2305504e66504860","0.00952380952380952","1","1","3","quality_low"
"260","px_2305504e66504860","0.00952380952380952","1","1","3","quality_low"
"261","px_2305504e66504860","0.00952380952380952","1","2","3","quality_low"
"262","px_2305504e66504860","0.00952380952380952","2","1","3","quality_low"
"263","px_2305504e66504860","0.00952380952380952","1","1","3","quality_low"
"264","px_2305504e66504860","0.00952380952380952","1","3","2","quality_low"
"265","px_2305504e66504860","0.00952380952380952","3","1","2","quality_low"
"266","px_2305504e66504860","0.00952380952380952","1","1","2","quality_low"
"267","px_2305504e66504860","0.00952380952380952","1","1","3","quality_low"
"268","px_2305504e66504860","0.00952380952380952","1","1","3","quality_low"
"269","px_2305504e66504860","0.00952380952380952","1","1","3","quality_low"
"270","px_2305504e66504860","0.00952380952380952","1","1","3","quality_low"
"271","px_2305504e66504860","0.00952380952380952","1","2","2","quality_low"
"272","px_2305504e66504860","0.00952380952380952","2","1","2","quality_low"
"273","px_2305504e66504860","0.00952380952380952","1","1","2","quality_low"
"274","px_2305504e66504860","0.00952380952380952","1","1","2","quality_low"
"275","px_2305504e66504860","0.00952380952380952","1","1","3","quality_low"
"276","px_2305504e66504860","0.00952380952380952","1","1","1","quality_low"
"277","px_2305504e66504860","0.00952380952380952","1","1","2","quality_high"
"278","px_2305504e66504860","0.00952380952380952","1","1","2","quality_high"
"279","px_2305504e66504860","0.00952380952380952","1","1","2","quality_high"
"280","px_2305504e66504860","0.00952380952380952","1","1","3","quality_low"
"281","px_2305504e66504860","0.00952380952380952","1","1","3","quality_low"
"282","px_2305504e66504860","0.00952380952380952","1","1","1","quality_low"
"283","px_2305504e66504860","0.00952380952380952","1","1","1","quality_low"
"284","px_2305504e66504860","0.00952380952380952","1","2","1","quality_low"
"285","px_2305504e66504860","0.00952380952380952","2","1","2","quality_low"
"286","px_2305504e66504860","0.00952380952380952","1","1","1","quality_low"
"287","px_2305504e66504860","0.00952380952380952","1","1","2","quality_low"
"288","px_2305504e66504860","0.00952380952380952","1","1","2","quality_low"
"289","px_2305504e66504860","0.00952380952380952","1","1","2","quality_low"
"290","px_2305504e66504860","0.00952380952380952","1","1","1","quality_low"
"291","px_2305504e66504860","0.00952380952380952","1","1","1","quality_low"
"292","px_2305504e66504860","0.00952380952380952","1","1","1","quality_low"
"293","px_2305504e66504860","0.00952380952380952","1","1","1","quality_low"
"294","px_2305504e66504860","0.00952380952380952","1","1","1","quality_low"
"295","px_2305504e66504860","0.00952380952380952","1","3","1","quality_low"
"296","px_2305504e66504860","0.00952380952380952","3","1","1","quality_low"
"297","px_2305504e66504860","0.00952380952380952","1","1","1","quality_low"
"298","px_2305504e66504860","0.00952380952380952","1","1","1","quality_low"
"299","px_2305504e66504860","0.00952380952380952","1","1","1","quality_low"
"300","px_2305504e66504860","0.00952380952380952","1","2","1","quality_low"
"301","px_2305504e66504860","0.00952380952380952","1","1","2","quality_low"
"302","px_2305504e66504860","0.00952380952380952","1","1","1","quality_low"
"303","px_2305504e66504860","0.00952380952380952","1","1","1","quality_low"
"304","px_2305504e66504860","0.00952380952380952","1","1","2","quality_high"
"305","px_2305504e66504860","0.00952380952380952","1","1","2","quality_high"
"306","px_2305504e66504860","0.00952380952380952","1","1","2","quality_high"
"307","px_2305504e66504860","0.00952380952380952","1","1","2","quality_high"
"308","px_2305504e66504860","0.00952380952380952","1","1","1","quality_high"
"309","px_2305504e66504860","0.00952380952380952","1","1","2","quality_low"
"310","px_2305504e66504860","0.00952380952380952","1","1","3","quality_high"
"311","px_2305504e66504860","0.00952380952380952","1","1","1","quality_high"
"312","px_2305504e66504860","0.00952380952380952","1","1","2","quality_high"
"313","px_2305504e66504860","0.00952380952380952","1","1","2","quality_high"
"314","px_2305504e66504860","0.00952380952380952","1","1","2","quality_high"
"315","px_2305504e66504860","0.00952380952380952","1","1","2","quality_high"
"316","px_2305504e66504860","0.00952380952380952","1","1","2","quality_low"
"317","px_2305504e66504860","0.00952380952380952","1","1","2","quality_low"
"318","px_2305504e66504860","0.00952380952380952","1","1","2","quality_high"
"319","px_2305504e66504860","0.00952380952380952","1","1","2","quality_low"
"320","px_2305504e66504860","0.00952380952380952","1","1","2","quality_high"
"321","px_2305504e66504860","0.00952380952380952","1","1","2","quality_high"
"322","px_2305504e66504860","0.00952380952380952","1","1","2","quality_high"
"323","px_2305504e66504860","0.00952380952380952","1","1","2","quality_high"
"324","px_2305504e66504860","0.00952380952380952","1","1","3","quality_high"
"325","px_2305504e66504860","0.00952380952380952","1","1","2","quality_low"
"326","px_2305504e66504860","0.00952380952380952","1","1","1","quality_low"
"327","px_2305504e66504860","0.00952380952380952","1","1","1","quality_high"
"328","px_2305504e66504860","0.00952380952380952","1","1","1","quality_low"
"329","px_2305504e66504860","0.00952380952380952","1","1","3","quality_high"
"330","px_2305504e66504860","0.00952380952380952","1","1","3","quality_high"
"331","px_2305504e66504860","0.00952380952380952","1","1","2","quality_high"
"332","px_2305504e66504860","0.00952380952380952","1","1","2","quality_high"
"333","px_2305504e66504860","0.00952380952380952","1","1","2","quality_high"
"334","px_2305504e66504860","0.00952380952380952","1","1","2","quality_high"
"335","px_2305504e66504860","0.00952380952380952","1","1","2","quality_high"
"336","px_2305504e66504860","0.00952380952380952","1","1","2","quality_high"
"337","px_2305504e66504860","0.00952380952380952","1","1","2","quality_high"
"338","px_2305504e66504860","0.00952380952380952","1","1","3","quality_high"
"339","px_2305504e66504860","0.00952380952380952","1","1","2","quality_high"
"340","px_2305504e66504860","0.00952380952380952","1","1","2","quality_high"
"341","px_2305504e66504860","0.00952380952380952","1","1","1","quality_low"
"342","px_2305504e66504860","0.00952380952380952","1","1","2","quality_low"
"343","px_2305504e66504860","0.00952380952380952","1","1","2","quality_high"
"344","px_2305504e66504860","0.00952380952380952","1","1","2","quality_high"
"345","px_2305504e66504860","0.00952380952380952","1","1","3","quality_high"
"346","px_2305504e66504860","0.00952380952380952","1","1","2","quality_high"
"347","px_2305504e66504860","0.00952380952380952","1","1","2","quality_high"
"348","px_2305504e66504860","0.00952380952380952","1","1","2","quality_high"
"349","px_2305504e66504860","0.00952380952380952","1","1","2","quality_high"
"350","px_2305504e66504860","0.00952380952380952","1","1","1","quality_high"
"351","px_2305504e66504860","0.00952380952380952","1","1","2","quality_low"
"352","px_2305504e66504860","0.00952380952380952","1","2","1","quality_high"
"353","px_2305504e66504860","0.00952380952380952","2","1","2","quality_high"
"354","px_2305504e66504860","0.00952380952380952","1","1","2","quality_high"
"355","px_2305504e66504860","0.00952380952380952","1","1","1","quality_low"
"356","px_2305504e66504860","0.00952380952380952","1","2","2","quality_high"
"357","px_2305504e66504860","0.00952380952380952","2","1","2","quality_high"
"358","px_2305504e66504860","0.00952380952380952","1","1","1","quality_low"
"359","px_2305504e66504860","0.00952380952380952","1","1","2","quality_high"
"360","px_2305504e66504860","0.00952380952380952","1","1","2","quality_high"
"361","px_2305504e66504860","0.00952380952380952","1","1","2","quality_high"
"362","px_2305504e66504860","0.00952380952380952","1","2","1","quality_high"
"363","px_e6558edcd7d47fc7","0.00649350649350649","3","3","1","quality_low"
"364","px_e6558edcd7d47fc7","0.00649350649350649","3","3","1","quality_low"
"365","px_e6558edcd7d47fc7","0.00649350649350649","3","3","1","quality_low"
"366","px_e6558edcd7d47fc7","0.00649350649350649","3","3","1","quality_high"
"367","px_e6558edcd7d47fc7","0.00649350649350649","3","3","1","quality_high"
"368","px_e6558edcd7d47fc7","0.00649350649350649","3","3","2","quality_high"
"369","px_e6558edcd7d47fc7","0.00649350649350649","3","3","2","quality_high"
"370","px_e6558edcd7d47fc7","0.00649350649350649","3","3","1","quality_low"
"371","px_e6558edcd7d47fc7","0.00649350649350649","3","3","1","quality_low"
"372","px_e6558edcd7d47fc7","0.00649350649350649","3","3","1","quality_low"
"373","px_e6558edcd7d47fc7","0.00649350649350649","3","3","1","quality_low"
"374","px_e6558edcd7d47fc7","0.00649350649350649","3","3","2","quality_high"
"375","px_e6558edcd7d47fc7","0.00649350649350649","3","3","2","quality_high"
"376","px_e6558edcd7d47fc7","0.00649350649350649","3","3","1","quality_low"
"377","px_e6558edcd7d47fc7","0.00649350649350649","3","3","1","quality_low"
"378","px_e6558edcd7d47fc7","0.00649350649350649","3","3","2","quality_low"
"379","px_e6558edcd7d47fc7","0.00649350649350649","3","3","1","quality_low"
"380","px_e6558edcd7d47fc7","0.00649350649350649","3","3","2","quality_low"
"381","px_e6558edcd7d47fc7","0.00649350649350649","3","3","2","quality_low"
"382","px_e6558edcd7d47fc7","0.00649350649350649","3","3","3","quality_low"
"383","px_e6558edcd7d47fc7","0.00649350649350649","3","3","3","quality_low"
"384","px_e6558edcd7d47fc7","0.00649350649350649","3","3","1","quality_low"
"385","px_e6558edcd7d47fc7","0.00649350649350649","3","3","1","quality_low"
"386","px_e6558edcd7d47fc7","0.00649350649350649","3","3","1","quality_low"
"387","px_e6558edcd7d47fc7","0.00649350649350649","3","3","1","quality_low"
"388","px_e6558edcd7d47fc7","0.00649350649350649","3","3","1","quality_low"
"389","px_e6558edcd7d47fc7","0.00649350649350649","3","3","1","quality_low"
"390","px_e6558edcd7d47fc7","0.00649350649350649","3","3","1","quality_low"
"391","px_e6558edcd7d47fc7","0.00649350649350649","3","3","1","quality_low"
"392","px_e6558edcd7d47fc7","0.00649350649350649","3","3","1","quality_low"
"393","px_e6558edcd7d47fc7","0.00649350649350649","3","3","1","quality_low"
"394","px_e6558edcd7d47fc7","0.00649350649350649","3","3","1","quality_low"
"395","px_e6558edcd7d47fc7","0.00649350649350649","3","3","2","quality_low"
"396","px_e6558edcd7d47fc7","0.00649350649350649","3","3","3","quality_high"
"397","px_e6558edcd7d47fc7","0.00649350649350649","3","2","2","quality_high"
"398","px_e6558edcd7d47fc7","0.00649350649350649","2","3","3","quality_low"
"399","px_e6558edcd7d47fc7","0.00649350649350649","3","3","3","quality_low"
"400","px_e6558edcd7d47fc7","0.00649350649350649","3","3","2","quality_low"
"401","px_e6558edcd7d47fc7","0.00649350649350649","3","3","2","quality_low"
"402","px_e6558edcd7d47fc7","0.00649350649350649","3","3","2","quality_low"
"403","px_e6558edcd7d47fc7","0.00649350649350649","3","3","3","quality_low"
"404","px_e6558edcd7d47fc7","0.00649350649350649","3","3","2","quality_low"
"405","px_e6558edcd7d47fc7","0.00649350649350649","3","3","3","quality_low"
"406","px_e6558edcd7d47fc7","0.00649350649350649","3","3","3","quality_low"
"407","px_e6558edcd7d47fc7","0.00649350649350649","3","2","3","quality_low"
"408","px_e6558edcd7d47fc7","0.00649350649350649","2","3","3","quality_low"
"409","px_e6558edcd7d47fc7","0.00649350649350649","3","2","3","quality_low"
"410","px_e6558edcd7d47fc7","0.00649350649350649","2","2","1","quality_low"
"411","px_e6558edcd7d47fc7","0.00649350649350649","2","3","1","quality_low"
"412","px_e6558edcd7d47fc7","0.00649350649350649","3","2","1","quality_low"
"413","px_e6558edcd7d47fc7","0.00649350649350649","2","2","1","quality_low"
"414","px_e6558edcd7d47fc7","0.00649350649350649","2","2","1","quality_low"
"415","px_e6558edcd7d47fc7","0.00649350649350649","2","2","1","quality_low"
"416","px_e6558edcd7d47fc7","0.00649350649350649","2","3","1","quality_low"
"417","px_e6558edcd7d47fc7","0.00649350649350649","3","2","3","quality_high"
"418","px_e6558edcd7d47fc7","0.00649350649350649","2","1","3","quality_high"
"419","px_e6558edcd7d47fc7","0.00649350649350649","1","2","3","quality_high"
"420","px_e6558edcd7d47fc7","0.00649350649350649","2","2","3","quality_high"
"421","px_e6558edcd7d47fc7","0.00649350649350649","2","1","3","quality_high"
"422","px_e6558edcd7d47fc7","0.00649350649350649","1","3","3","quality_low"
"423","px_e6558edcd7d47fc7","0.00649350649350649","3","2","3","quality_low"
"424","px_e6558edcd7d47fc7","0.00649350649350649","2","1","3","quality_high"
"425","px_e6558edcd7d47fc7","0.00649350649350649","1","1","3","quality_high"
"426","px_e6558edcd7d47fc7","0.00649350649350649","1","1","3","quality_high"
"427","px_e6558edcd7d47fc7","0.00649350649350649","1","1","3","quality_high"
"428","px_e6558edcd7d47fc7","0.00649350649350649","1","1","3","quality_high"
"429","px_e6558edcd7d47fc7","0.00649350649350649","1","1","3","quality_high"
"430","px_e6558edcd7d47fc7","0.00649350649350649","1","1","3","quality_high"
"431","px_e6558edcd7d47fc7","0.00649350649350649","1","3","3","quality_high"
"432","px_e6558edcd7d47fc7","0.00649350649350649","3","2","2","quality_high"
"433","px_e6558edcd7d47fc7","0.00649350649350649","2","3","3","quality_high"
"434","px_e6558edcd7d47fc7","0.00649350649350649","3","1","3","quality_high"
"435","px_e6558edcd7d47fc7","0.00649350649350649","1","2","3","quality_high"
"436","px_e6558edcd7d47fc7","0.00649350649350649","2","2","3","quality_high"
"437","px_e6558edcd7d47fc7","0.00649350649350649","2","1","3","quality_high"
"438","px_e6558edcd7d47fc7","0.00649350649350649","1","1","3","quality_high"
"439","px_e6558edcd7d47fc7","0.00649350649350649","1","1","3","quality_high"
"440","px_e6558edcd7d47fc7","0.00649350649350649","1","1","3","quality_high"
"441","px_e6558edcd7d47fc7","0.00649350649350649","1","1","3","quality_low"
"442","px_e6558edcd7d47fc7","0.00649350649350649","1","1","1","quality_low"
"443","px_e6558edcd7d47fc7","0.00649350649350649","1","1","2","quality_high"
"444","px_e6558edcd7d47fc7","0.00649350649350649","1","1","2","quality_high"
"445","px_e6558edcd7d47fc7","0.00649350649350649","1","3","2","quality_high"
"446","px_e6558edcd7d47fc7","0.00649350649350649","3","1","2","quality_high"
"447","px_e6558edcd7d47fc7","0.00649350649350649","1","1","3","quality_high"
"448","px_e6558edcd7d47fc7","0.00649350649350649","1","1","2","quality_low"
"449","px_e6558edcd7d47fc7","0.00649350649350649","1","3","3","quality_high"
"450","px_e6558edcd7d47fc7","0.00649350649350649","3","1","3","quality_high"
"451","px_e6558edcd7d47fc7","0.00649350649350649","1","3","2","quality_high"
"452","px_e6558edcd7d47fc7","0.00649350649350649","3","2","3","quality_high"
"453","px_e6558edcd7d47fc7","0.00649350649350649","2","1","2","quality_high"
"454","px_e6558edcd7d47fc7","0.00649350649350649","1","1","1","quality_high"
"455","px_e6558edcd7d47fc7","0.00649350649350649","1","2","3","quality_high"
"456","px_e6558edcd7d47fc7","0.00649350649350649","2","1","3","quality_high"
"457","px_e6558edcd7d47fc7","0.00649350649350649","1","1","2","quality_high"
"458","px_e6558edcd7d47fc7","0.00649350649350649","1","2","3","quality_high"
"459","px_e6558edcd7d47fc7","0.00649350649350649","2","1","3","quality_high"
"460","px_e6558edcd7d47fc7","0.00649350649350649","1","1","2","quality_high"
"461","px_e6558edcd7d47fc7","0.00649350649350649","1","1","2","quality_low"
"462","px_e6558edcd7d47fc7","0.00649350649350649","1","1","1","quality_high"
"463","px_e6558edcd7d47fc7","0.00649350649350649","1","1","1","quality_low"
"464","px_e6558edcd7d47fc7","0.00649350649350649","1","1","1","quality_low"
"465","px_e6558edcd7d47fc7","0.00649350649350649","1","1","1","quality_low"
"466","px_e6558edcd7d47fc7","0.00649350649350649","1","2","1","quality_low"
"467","px_e6558edcd7d47fc7","0.00649350649350649","2","2","1","quality_low"
"468","px_e6558edcd7d47fc7","0.00649350649350649","2","3","1","quality_low"
"469","px_e6558edcd7d47fc7","0.00649350649350649","3","1","2","quality_low"
"470","px_e6558edcd7d47fc7","0.00649350649350649","1","3","2","quality_low"
"471","px_e6558edcd7d47fc7","0.00649350649350649","3","1","2","quality_high"
"472","px_e6558edcd7d47fc7","0.00649350649350649","1","1","1","quality_high"
"473","px_e6558edcd7d47fc7","0.00649350649350649","1","1","1","quality_high"
"474","px_e6558edcd7d47fc7","0.00649350649350649","1","3","2","quality_high"
"475","px_e6558edcd7d47fc7","0.00649350649350649","3","2","3","quality_high"
"476","px_e6558edcd7d47fc7","0.00649350649350649","2","1","1","quality_high"
"477","px_e6558edcd7d47fc7","0.00649350649350649","1","1","2","quality_low"
"478","px_e6558edcd7d47fc7","0.00649350649350649","1","3","2","quality_high"
"479","px_e6558edcd7d47fc7","0.00649350649350649","3","1","2","quality_low"
"480","px_e6558edcd7d47fc7","0.00649350649350649","1","1","2","quality_high"
"481","px_e6558edcd7d47fc7","0.00649350649350649","1","1","3","quality_high"
"482","px_e6558edcd7d47fc7","0.00649350649350649","1","3","2","quality_low"
"483","px_e6558edcd7d47fc7","0.00649350649350649","3","3","3","quality_high"
"484","px_e6558edcd7d47fc7","0.00649350649350649","3","3","3","quality_low"
"485","px_e6558edcd7d47fc7","0.00649350649350649","3","2","3","quality_high"
"486","px_e6558edcd7d47fc7","0.00649350649350649","2","1","3","quality_high"
"487","px_e6558edcd7d47fc7","0.00649350649350649","1","3","3","quality_high"
"488","px_e6558edcd7d47fc7","0.00649350649350649","3","1","2","quality_high"
"489","px_e6558edcd7d47fc7","0.00649350649350649","1","1","3","quality_high"
"490","px_e6558edcd7d47fc7","0.00649350649350649","1","1","3","quality_high"
"491","px_e6558edcd7d47fc7","0.00649350649350649","1","1","2","quality_high"
"492","px_e6558edcd7d47fc7","0.00649350649350649","1","1","1","quality_low"
"493","px_e6558edcd7d47fc7","0.00649350649350649","1","1","2","quality_high"
"494","px_e6558edcd7d47fc7","0.00649350649350649","1","2","3","quality_high"
"495","px_e6558edcd7d47fc7","0.00649350649350649","2","1","3","quality_high"
"496","px_e6558edcd7d47fc7","0.00649350649350649","1","1","3","quality_high"
"497","px_e6558edcd7d47fc7","0.00649350649350649","1","3","2","quality_high"
"498","px_e6558edcd7d47fc7","0.00649350649350649","3","3","3","quality_low"
"499","px_e6558edcd7d47fc7","0.00649350649350649","3","1","2","quality_high"
"500","px_e6558edcd7d47fc7","0.00649350649350649","1","1","2","quality_low"
"501","px_e6558edcd7d47fc7","0.00649350649350649","1","3","2","quality_low"
"502","px_e6558edcd7d47fc7","0.00649350649350649","3","3","2","quality_low"
"503","px_e6558edcd7d47fc7","0.00649350649350649","3","3","3","quality_low"
"504","px_e6558edcd7d47fc7","0.00649350649350649","3","3","3","quality_high"
"505","px_e6558edcd7d47fc7","0.00649350649350649","3","1","3","quality_high"
"506","px_e6558edcd7d47fc7","0.00649350649350649","1","1","1","quality_high"
"507","px_e6558edcd7d47fc7","0.00649350649350649","1","3","1","quality_low"
"508","px_e6558edcd7d47fc7","0.00649350649350649","3","1","1","quality_high"
"509","px_e6558edcd7d47fc7","0.00649350649350649","1","1","1","quality_high"
"510","px_e6558edcd7d47fc7","0.00649350649350649","1","3","1","quality_high"
"511","px_e6558edcd7d47fc7","0.00649350649350649","3","2","1","quality_high"
"512","px_e6558edcd7d47fc7","0.00649350649350649","2","3","1","quality_high"
"513","px_e6558edcd7d47fc7","0.00649350649350649","3","3","1","quality_high"
"514","px_e6558edcd7d47fc7","0.00649350649350649","3","3","1","quality_low"
"515","px_e6558edcd7d47fc7","0.00649350649350649","3","3","1","quality_low"
"516","px_e6558edcd7d47fc7","0.00649350649350649","3","3","1","quality_low"
"517","px_0ad1f579d20c944c","0.00909090909090909","1","1","2","quality_low"
"518","px_0ad1f579d20c944c","0.00909090909090909","1","2","2","quality_low"
"519","px_0ad1f579d20c944c","0.00909090909090909","2","1","2","quality_low"
"520","px_0ad1f579d20c944c","0.00909090909090909","1","2","2","quality_low"
"521","px_0ad1f579d20c944c","0.00909090909090909","2","2","2","quality_low"
"522","px_0ad1f579d20c944c","0.00909090909090909","2","1","2","quality_low"
"523","px_0ad1f579d20c944c","0.00909090909090909","1","2","2","quality_low"
"524","px_0ad1f579d20c944c","0.00909090909090909","2","1","3","quality_low"
"525","px_0ad1f579d20c944c","0.00909090909090909","1","1","2","quality_low"
"526","px_0ad1f579d20c944c","0.00909090909090909","1","3","2","quality_low"
"527","px_0ad1f579d20c944c","0.00909090909090909","3","2","2","quality_high"
"528","px_0ad1f579d20c944c","0.00909090909090909","2","2","3","quality_low"
"529","px_0ad1f579d20c944c","0.00909090909090909","2","1","2","quality_low"
"530","px_0ad1f579d20c944c","0.00909090909090909","1","1","2","quality_low"
"531","px_0ad1f579d20c944c","0.00909090909090909","1","2","2","quality_low"
"532","px_0ad1f579d20c944c","0.00909090909090909","2","2","2","quality_low"
"533","px_0ad1f579d20c944c","0.00909090909090909","2","2","2","quality_low"
"534","px_0ad1f579d20c944c","0.00909090909090909","2","2","3","quality_low"
"535","px_0ad1f579d20c944c","0.00909090909090909","2","1","2","quality_low"
"536","px_0ad1f579d20c944c","0.00909090909090909","1","2","2","quality_low"
"537","px_0ad1f579d20c944c","0.00909090909090909","2","1","3","quality_low"
"538","px_0ad1f579d20c944c","0.00909090909090909","1","1","2","quality_low"
"539","px_0ad1f579d20c944c","0.00909090909090909","1","2","3","quality_low"
"540","px_0ad1f579d20c944c","0.00909090909090909","2","2","3","quality_low"
"541","px_0ad1f579d20c944c","0.00909090909090909","2","2","3","quality_low"
"542","px_0ad1f579d20c944c","0.00909090909090909","2","1","3","quality_low"
"543","px_0ad1f579d20c944c","0.00909090909090909","1","2","3","quality_low"
"544","px_0ad1f579d20c944c","0.00909090909090909","2","2","3","quality_low"
"545","px_0ad1f579d20c944c","0.00909090909090909","2","2","3","quality_low"
"546","px_0ad1f579d20c944c","0.00909090909090909","2","1","3","quality_low"
"547","px_0ad1f579d20c944c","0.00909090909090909","1","2","2","quality_low"
"548","px_0ad1f579d20c944c","0.00909090909090909","2","2","2","quality_low"
"549","px_0ad1f579d20c944c","0.00909090909090909","2","2","3","quality_low"
"550","px_0ad1f579d20c944c","0.00909090909090909","2","3","3","quality_low"
"551","px_0ad1f579d20c944c","0.00909090909090909","3","1","3","quality_low"
"552","px_0ad1f579d20c944c","0.00909090909090909","1","1","3","quality_high"
"553","px_0ad1f579d20c944c","0.00909090909090909","1","1","3","quality_high"
"554","px_0ad1f579d20c944c","0.00909090909090909","1","1","3","quality_high"
"555","px_0ad1f579d20c944c","0.00909090909090909","1","2","3","quality_high"
"556","px_0ad1f579d20c944c","0.00909090909090909","3","3","1","quality_low"
"557","px_0ad1f579d20c944c","0.00909090909090909","1","1","3","quality_low"
"558","px_0ad1f579d20c944c","0.00909090909090909","1","1","3","quality_high"
"559","px_0ad1f579d20c944c","0.00909090909090909","1","1","3","quality_high"
"560","px_0ad1f579d20c944c","0.00909090909090909","1","1","3","quality_high"
"561","px_0ad1f579d20c944c","0.00909090909090909","1","1","3","quality_low"
"562","px_0ad1f579d20c944c","0.00909090909090909","1","1","3","quality_low"
"563","px_0ad1f579d20c944c","0.00909090909090909","1","1","3","quality_low"
"564","px_0ad1f579d20c944c","0.00909090909090909","1","1","3","quality_high"
"565","px_0ad1f579d20c944c","0.00909090909090909","1","1","3","quality_high"
"566","px_0ad1f579d20c944c","0.00909090909090909","1","2","3","quality_high"
"567","px_0ad1f579d20c944c","0.00909090909090909","2","2","2","quality_high"
"568","px_0ad1f579d20c944c","0.00909090909090909","2","2","2","quality_high"
"569","px_0ad1f579d20c944c","0.00909090909090909","2","1","3","quality_high"
"570","px_0ad1f579d20c944c","0.00909090909090909","1","1","3","quality_low"
"571","px_0ad1f579d20c944c","0.00909090909090909","1","2","2","quality_low"
"572","px_0ad1f579d20c944c","0.00909090909090909","2","1","2","quality_high"
"573","px_0ad1f579d20c944c","0.00909090909090909","1","1","3","quality_low"
"574","px_0ad1f579d20c944c","0.00909090909090909","1","1","3","quality_low"
"575","px_0ad1f579d20c944c","0.00909090909090909","1","3","3","quality_low"
"576","px_0ad1f579d20c944c","0.00909090909090909","3","1","3","quality_high"
"577","px_0ad1f579d20c944c","0.00909090909090909","1","1","3","quality_high"
"578","px_0ad1f579d20c944c","0.00909090909090909","1","1","2","quality_high"
"579","px_0ad1f579d20c944c","0.00909090909090909","1","2","2","quality_low"
"580","px_0ad1f579d20c944c","0.00909090909090909","2","2","2","quality_low"
"581","px_0ad1f579d20c944c","0.00909090909090909","2","1","3","quality_low"
"582","px_0ad1f579d20c944c","0.00909090909090909","1","1","1","quality_low"
"583","px_0ad1f579d20c944c","0.00909090909090909","1","2","1","quality_high"
"584","px_0ad1f579d20c944c","0.00909090909090909","2","1","1","quality_high"
"585","px_0ad1f579d20c944c","0.00909090909090909","1","1","3","quality_high"
"586","px_0ad1f579d20c944c","0.00909090909090909","1","1","3","quality_high"
"587","px_0ad1f579d20c944c","0.00909090909090909","1","1","3","quality_high"
"588","px_0ad1f579d20c944c","0.00909090909090909","1","1","3","quality_high"
"589","px_0ad1f579d20c944c","0.00909090909090909","1","1","3","quality_high"
"590","px_0ad1f579d20c944c","0.00909090909090909","1","1","3","quality_high"
"591","px_0ad1f579d20c944c","0.00909090909090909","1","2","3","quality_high"
"592","px_0ad1f579d20c944c","0.00909090909090909","2","1","3","quality_high"
"593","px_0ad1f579d20c944c","0.00909090909090909","1","1","3","quality_high"
"594","px_0ad1f579d20c944c","0.00909090909090909","1","1","3","quality_high"
"595","px_0ad1f579d20c944c","0.00909090909090909","1","1","3","quality_high"
"596","px_0ad1f579d20c944c","0.00909090909090909","1","1","3","quality_high"
"597","px_0ad1f579d20c944c","0.00909090909090909","1","1","3","quality_high"
"598","px_0ad1f579d20c944c","0.00909090909090909","1","1","3","quality_high"
"599","px_0ad1f579d20c944c","0.00909090909090909","1","1","3","quality_high"
"600","px_0ad1f579d20c944c","0.00909090909090909","1","1","3","quality_high"
"601","px_0ad1f579d20c944c","0.00909090909090909","1","1","3","quality_high"
"602","px_0ad1f579d20c944c","0.00909090909090909","1","1","3","quality_high"
"603","px_0ad1f579d20c944c","0.00909090909090909","1","1","3","quality_high"
"604","px_0ad1f579d20c944c","0.00909090909090909","1","2","3","quality_low"
"605","px_0ad1f579d20c944c","0.00909090909090909","2","1","3","quality_high"
"606","px_0ad1f579d20c944c","0.00909090909090909","1","2","3","quality_low"
"607","px_0ad1f579d20c944c","0.00909090909090909","2","1","3","quality_low"
"608","px_0ad1f579d20c944c","0.00909090909090909","1","1","3","quality_high"
"609","px_0ad1f579d20c944c","0.00909090909090909","1","1","3","quality_low"
"610","px_0ad1f579d20c944c","0.00909090909090909","1","1","3","quality_high"
"611","px_0ad1f579d20c944c","0.00909090909090909","1","1","3","quality_high"
"612","px_0ad1f579d20c944c","0.00909090909090909","1","1","3","quality_high"
"613","px_0ad1f579d20c944c","0.00909090909090909","1","1","3","quality_high"
"614","px_0ad1f579d20c944c","0.00909090909090909","1","1","3","quality_high"
"615","px_0ad1f579d20c944c","0.00909090909090909","1","1","3","quality_high"
"616","px_0ad1f579d20c944c","0.00909090909090909","1","1","3","quality_high"
"617","px_0ad1f579d20c944c","0.00909090909090909","1","1","3","quality_high"
"618","px_0ad1f579d20c944c","0.00909090909090909","1","1","3","quality_high"
"619","px_0ad1f579d20c944c","0.00909090909090909","1","1","3","quality_high"
"620","px_0ad1f579d20c944c","0.00909090909090909","1","1","3","quality_high"
"621","px_0ad1f579d20c944c","0.00909090909090909","1","2","3","quality_high"
"622","px_0ad1f579d20c944c","0.00909090909090909","2","2","3","quality_high"
"623","px_0ad1f579d20c944c","0.00909090909090909","2","1","3","quality_high"
"624","px_0ad1f579d20c944c","0.00909090909090909","1","1","3","quality_high"
"625","px_0ad1f579d20c944c","0.00909090909090909","1","1","3","quality_high"
"626","px_0ad1f579d20c944c","0.00909090909090909","1","1","3","quality_high"
"627","px_c00308c03084ed20","0.0072463768115942","2","2","1","quality_low"
"628","px_c00308c03084ed20","0.0072463768115942","2","2","1","quality_low"
"629","px_c00308c03084ed20","0.0072463768115942","2","2","1","quality_low"
"630","px_c00308c03084ed20","0.0072463768115942","2","2","1","quality_low"
"631","px_c00308c03084ed20","0.0072463768115942","2","3","3","quality_high"
"632","px_c00308c03084ed20","0.0072463768115942","3","3","2","quality_low"
"633","px_c00308c03084ed20","0.0072463768115942","3","2","3","quality_high"
"634","px_c00308c03084ed20","0.0072463768115942","2","3","3","quality_low"
"635","px_c00308c03084ed20","0.0072463768115942","3","2","3","quality_high"
"636","px_c00308c03084ed20","0.0072463768115942","2","3","3","quality_high"
"637","px_c00308c03084ed20","0.0072463768115942","3","2","3","quality_high"
"638","px_c00308c03084ed20","0.0072463768115942","2","2","2","quality_low"
"639","px_c00308c03084ed20","0.0072463768115942","2","2","3","quality_low"
"640","px_c00308c03084ed20","0.0072463768115942","2","2","2","quality_low"
"641","px_c00308c03084ed20","0.0072463768115942","2","2","2","quality_low"
"642","px_c00308c03084ed20","0.0072463768115942","2","2","2","quality_low"
"643","px_c00308c03084ed20","0.0072463768115942","2","3","2","quality_low"
"644","px_c00308c03084ed20","0.0072463768115942","3","2","3","quality_low"
"645","px_c00308c03084ed20","0.0072463768115942","2","2","3","quality_low"
"646","px_c00308c03084ed20","0.0072463768115942","2","3","2","quality_low"
"647","px_c00308c03084ed20","0.0072463768115942","3","2","1","quality_low"
"648","px_c00308c03084ed20","0.0072463768115942","2","2","2","quality_low"
"649","px_c00308c03084ed20","0.0072463768115942","2","3","2","quality_low"
"650","px_c00308c03084ed20","0.0072463768115942","3","2","2","quality_low"
"651","px_c00308c03084ed20","0.0072463768115942","2","2","2","quality_low"
"652","px_c00308c03084ed20","0.0072463768115942","2","2","2","quality_low"
"653","px_c00308c03084ed20","0.0072463768115942","2","3","1","quality_low"
"654","px_c00308c03084ed20","0.0072463768115942","3","2","1","quality_low"
"655","px_c00308c03084ed20","0.0072463768115942","2","2","1","quality_low"
"656","px_c00308c03084ed20","0.0072463768115942","2","2","3","quality_low"
"657","px_c00308c03084ed20","0.0072463768115942","2","2","2","quality_low"
"658","px_c00308c03084ed20","0.0072463768115942","2","2","1","quality_low"
"659","px_c00308c03084ed20","0.0072463768115942","2","2","2","quality_low"
"660","px_c00308c03084ed20","0.0072463768115942","2","2","3","quality_low"
"661","px_c00308c03084ed20","0.0072463768115942","2","2","2","quality_low"
"662","px_c00308c03084ed20","0.0072463768115942","2","2","1","quality_low"
"663","px_c00308c03084ed20","0.0072463768115942","2","2","2","quality_low"
"664","px_c00308c03084ed20","0.0072463768115942","2","2","1","quality_low"
"665","px_c00308c03084ed20","0.0072463768115942","2","2","1","quality_low"
"666","px_c00308c03084ed20","0.0072463768115942","2","2","1","quality_low"
"667","px_c00308c03084ed20","0.0072463768115942","2","2","2","quality_low"
"668","px_c00308c03084ed20","0.0072463768115942","2","2","2","quality_low"
"669","px_c00308c03084ed20","0.0072463768115942","2","3","1","quality_low"
"670","px_c00308c03084ed20","0.0072463768115942","3","2","2","quality_low"
"671","px_c00308c03084ed20","0.0072463768115942","2","2","2","quality_low"
"672","px_c00308c03084ed20","0.0072463768115942","2","2","3","quality_low"
"673","px_c00308c03084ed20","0.0072463768115942","2","2","2","quality_low"
"674","px_c00308c03084ed20","0.0072463768115942","2","2","2","quality_low"
"675","px_c00308c03084ed20","0.0072463768115942","2","3","2","quality_low"
"676","px_c00308c03084ed20","0.0072463768115942","3","2","2","quality_low"
"677","px_c00308c03084ed20","0.0072463768115942","2","2","1","quality_low"
"678","px_c00308c03084ed20","0.0072463768115942","2","3","3","quality_low"
"679","px_c00308c03084ed20","0.0072463768115942","3","2","1","quality_low"
"680","px_c00308c03084ed20","0.0072463768115942","2","3","2","quality_low"
"681","px_c00308c03084ed20","0.0072463768115942","3","2","3","quality_high"
"682","px_c00308c03084ed20","0.0072463768115942","2","3","3","quality_high"
"683","px_c00308c03084ed20","0.0072463768115942","3","3","3","quality_low"
"684","px_c00308c03084ed20","0.0072463768115942","3","3","3","quality_low"
"685","px_c00308c03084ed20","0.0072463768115942","3","2","2","quality_low"
"686","px_c00308c03084ed20","0.0072463768115942","2","3","2","quality_low"
"687","px_c00308c03084ed20","0.0072463768115942","3","3","3","quality_high"
"688","px_c00308c03084ed20","0.0072463768115942","3","2","1","quality_low"
"689","px_c00308c03084ed20","0.0072463768115942","2","2","1","quality_low"
"690","px_c00308c03084ed20","0.0072463768115942","2","2","2","quality_low"
"691","px_c00308c03084ed20","0.0072463768115942","2","3","1","quality_low"
"692","px_c00308c03084ed20","0.0072463768115942","3","3","1","quality_low"
"693","px_c00308c03084ed20","0.0072463768115942","3","3","1","quality_high"
"694","px_c00308c03084ed20","0.0072463768115942","3","2","1","quality_low"
"695","px_c00308c03084ed20","0.0072463768115942","2","3","1","quality_low"
"696","px_c00308c03084ed20","0.0072463768115942","3","3","2","quality_low"
"697","px_c00308c03084ed20","0.0072463768115942","3","2","1","quality_low"
"698","px_c00308c03084ed20","0.0072463768115942","2","3","2","quality_high"
"699","px_c00308c03084ed20","0.0072463768115942","3","3","1","quality_low"
"700","px_c00308c03084ed20","0.0072463768115942","3","3","1","quality_low"
"701","px_c00308c03084ed20","0.0072463768115942","3","3","1","quality_low"
"702","px_c00308c03084ed20","0.0072463768115942","3","2","2","quality_low"
"703","px_c00308c03084ed20","0.0072463768115942","2","3","1","quality_high"
"704","px_c00308c03084ed20","0.0072463768115942","3","3","2","quality_high"
"705","px_c00308c03084ed20","0.0072463768115942","3","3","2","quality_low"
"706","px_c00308c03084ed20","0.0072463768115942","3","2","1","quality_high"
"707","px_c00308c03084ed20","0.0072463768115942","2","2","2","quality_high"
"708","px_c00308c03084ed20","0.0072463768115942","2","2","2","quality_high"
"709","px_c00308c03084ed20","0.0072463768115942","2","2","2","quality_low"
"710","px_c00308c03084ed20","0.0072463768115942","2","2","2","quality_low"
"711","px_c00308c03084ed20","0.0072463768115942","2","2","2","quality_low"
"712","px_c00308c03084ed20","0.0072463768115942","2","2","2","quality_low"
"713","px_c00308c03084ed20","0.0072463768115942","2","2","1","quality_low"
"714","px_c00308c03084ed20","0.0072463768115942","2","2","2","quality_high"
"715","px_c00308c03084ed20","0.0072463768115942","2","2","2","quality_high"
"716","px_c00308c03084ed20","0.0072463768115942","2","2","2","quality_low"
"717","px_c00308c03084ed20","0.0072463768115942","2","2","2","quality_low"
"718","px_c00308c03084ed20","0.0072463768115942","2","3","1","quality_low"
"719","px_c00308c03084ed20","0.0072463768115942","3","3","1","quality_low"
"720","px_c00308c03084ed20","0.0072463768115942","3","3","1","quality_low"
"721","px_c00308c03084ed20","0.0072463768115942","3","3","1","quality_low"
"722","px_c00308c03084ed20","0.0072463768115942","2","2","1","quality_low"
"723","px_c00308c03084ed20","0.0072463768115942","2","2","2","quality_low"
"724","px_c00308c03084ed20","0.0072463768115942","2","2","1","quality_low"
"725","px_c00308c03084ed20","0.0072463768115942","2","2","1","quality_low"
"726","px_c00308c03084ed20","0.0072463768115942","2","2","1","quality_low"
"727","px_c00308c03084ed20","0.0072463768115942","2","2","1","quality_low"
"728","px_c00308c03084ed20","0.0072463768115942","2","2","1","quality_low"
"729","px_c00308c03084ed20","0.0072463768115942","2","2","1","quality_low"
"730","px_c00308c03084ed20","0.0072463768115942","2","2","1","quality_low"
"731","px_c00308c03084ed20","0.0072463768115942","2","2","2","quality_low"
"732","px_c00308c03084ed20","0.0072463768115942","2","3","2","quality_low"
"733","px_c00308c03084ed20","0.0072463768115942","3","2","1","quality_low"
"734","px_c00308c03084ed20","0.0072463768115942","2","2","1","quality_low"
"735","px_c00308c03084ed20","0.0072463768115942","2","2","1","quality_low"
"736","px_c00308c03084ed20","0.0072463768115942","2","3","1","quality_low"
"737","px_c00308c03084ed20","0.0072463768115942","3","2","2","quality_low"
"738","px_c00308c03084ed20","0.0072463768115942","2","2","2","quality_low"
"739","px_c00308c03084ed20","0.0072463768115942","2","2","2","quality_low"
"740","px_c00308c03084ed20","0.0072463768115942","2","2","2","quality_low"
"741","px_c00308c03084ed20","0.0072463768115942","2","2","2","quality_low"
"742","px_c00308c03084ed20","0.0072463768115942","2","2","2","quality_high"
"743","px_c00308c03084ed20","0.0072463768115942","2","2","2","quality_low"
"744","px_c00308c03084ed20","0.0072463768115942","2","2","2","quality_low"
"745","px_c00308c03084ed20","0.0072463768115942","2","2","3","quality_high"
"746","px_c00308c03084ed20","0.0072463768115942","2","2","2","quality_low"
"747","px_c00308c03084ed20","0.0072463768115942","2","2","2","quality_low"
"748","px_c00308c03084ed20","0.0072463768115942","2","3","2","quality_low"
"749","px_c00308c03084ed20","0.0072463768115942","3","2","2","quality_low"
"750","px_c00308c03084ed20","0.0072463768115942","2","2","1","quality_low"
"751","px_c00308c03084ed20","0.0072463768115942","2","2","2","quality_high"
"752","px_c00308c03084ed20","0.0072463768115942","2","3","2","quality_low"
"753","px_c00308c03084ed20","0.0072463768115942","3","2","2","quality_low"
"754","px_c00308c03084ed20","0.0072463768115942","2","2","2","quality_low"
"755","px_c00308c03084ed20","0.0072463768115942","2","2","1","quality_low"
"756","px_c00308c03084ed20","0.0072463768115942","2","2","1","quality_low"
"757","px_c00308c03084ed20","0.0072463768115942","2","3","1","quality_low"
"758","px_c00308c03084ed20","0.0072463768115942","3","2","2","quality_low"
"759","px_c00308c03084ed20","0.0072463768115942","2","2","2","quality_low"
"760","px_c00308c03084ed20","0.0072463768115942","2","3","3","quality_low"
"761","px_c00308c03084ed20","0.0072463768115942","3","3","3","quality_low"
"762","px_c00308c03084ed20","0.0072463768115942","3","2","3","quality_low"
"763","px_c00308c03084ed20","0.0072463768115942","2","2","2","quality_low"
"764","px_c00308c03084ed20","0.0072463768115942","2","2","2","quality_low"
"765","px_b4775ea2bbf84229","0.0108695652173913","3","3","2","quality_low"
"766","px_b4775ea2bbf84229","0.0108695652173913","3","3","2","quality_low"
"767","px_b4775ea2bbf84229","0.0108695652173913","3","3","2","quality_low"
"768","px_b4775ea2bbf84229","0.0108695652173913","3","1","1","quality_low"
"769","px_b4775ea2bbf84229","0.0108695652173913","1","2","1","quality_low"
"770","px_b4775ea2bbf84229","0.0108695652173913","2","2","3","quality_low"
"771","px_b4775ea2bbf84229","0.0108695652173913","2","2","3","quality_low"
"772","px_b4775ea2bbf84229","0.0108695652173913","2","2","3","quality_low"
"773","px_b4775ea2bbf84229","0.0108695652173913","2","2","3","quality_low"
"774","px_b4775ea2bbf84229","0.0108695652173913","2","3","3","quality_low"
"775","px_b4775ea2bbf84229","0.0108695652173913","3","2","3","quality_high"
"776","px_b4775ea2bbf84229","0.0108695652173913","2","1","2","quality_low"
"777","px_b4775ea2bbf84229","0.0108695652173913","1","1","3","quality_high"
"778","px_b4775ea2bbf84229","0.0108695652173913","1","2","2","quality_low"
"779","px_b4775ea2bbf84229","0.0108695652173913","2","3","1","quality_low"
"780","px_b4775ea2bbf84229","0.0108695652173913","3","1","2","quality_low"
"781","px_b4775ea2bbf84229","0.0108695652173913","1","1","2","quality_low"
"782","px_b4775ea2bbf84229","0.0108695652173913","1","1","3","quality_low"
"783","px_b4775ea2bbf84229","0.0108695652173913","1","2","3","quality_low"
"784","px_b4775ea2bbf84229","0.0108695652173913","2","2","3","quality_low"
"785","px_b4775ea2bbf84229","0.0108695652173913","2","1","3","quality_low"
"786","px_b4775ea2bbf84229","0.0108695652173913","1","3","3","quality_low"
"787","px_b4775ea2bbf84229","0.0108695652173913","3","2","3","quality_low"
"788","px_b4775ea2bbf84229","0.0108695652173913","2","3","3","quality_low"
"789","px_b4775ea2bbf84229","0.0108695652173913","3","2","3","quality_low"
"790","px_b4775ea2bbf84229","0.0108695652173913","2","2","3","quality_low"
"791","px_b4775ea2bbf84229","0.0108695652173913","2","1","3","quality_low"
"792","px_b4775ea2bbf84229","0.0108695652173913","1","2","3","quality_low"
"793","px_b4775ea2bbf84229","0.0108695652173913","2","2","3","quality_low"
"794","px_b4775ea2bbf84229","0.0108695652173913","2","1","3","quality_low"
"795","px_b4775ea2bbf84229","0.0108695652173913","1","2","3","quality_low"
"796","px_b4775ea2bbf84229","0.0108695652173913","2","1","3","quality_low"
"797","px_b4775ea2bbf84229","0.0108695652173913","1","1","3","quality_low"
"798","px_b4775ea2bbf84229","0.0108695652173913","1","1","3","quality_high"
"799","px_b4775ea2bbf84229","0.0108695652173913","1","2","3","quality_low"
"800","px_b4775ea2bbf84229","0.0108695652173913","2","2","3","quality_high"
"801","px_b4775ea2bbf84229","0.0108695652173913","2","2","3","quality_high"
"802","px_b4775ea2bbf84229","0.0108695652173913","2","1","3","quality_high"
"803","px_b4775ea2bbf84229","0.0108695652173913","1","2","3","quality_high"
"804","px_b4775ea2bbf84229","0.0108695652173913","2","1","3","quality_low"
"805","px_b4775ea2bbf84229","0.0108695652173913","1","2","3","quality_high"
"806","px_b4775ea2bbf84229","0.0108695652173913","2","2","3","quality_low"
"807","px_b4775ea2bbf84229","0.0108695652173913","2","3","3","quality_low"
"808","px_b4775ea2bbf84229","0.0108695652173913","3","2","3","quality_low"
"809","px_b4775ea2bbf84229","0.0108695652173913","2","2","3","quality_low"
"810","px_b4775ea2bbf84229","0.0108695652173913","2","2","3","quality_low"
"811","px_b4775ea2bbf84229","0.0108695652173913","2","2","3","quality_low"
"812","px_b4775ea2bbf84229","0.0108695652173913","2","2","3","quality_low"
"813","px_b4775ea2bbf84229","0.0108695652173913","2","3","3","quality_low"
"814","px_b4775ea2bbf84229","0.0108695652173913","3","2","3","quality_low"
"815","px_b4775ea2bbf84229","0.0108695652173913","2","2","3","quality_low"
"816","px_b4775ea2bbf84229","0.0108695652173913","2","2","3","quality_low"
"817","px_b4775ea2bbf84229","0.0108695652173913","2","2","3","quality_high"
"818","px_b4775ea2bbf84229","0.0108695652173913","2","3","3","quality_high"
"819","px_b4775ea2bbf84229","0.0108695652173913","3","2","3","quality_low"
"820","px_b4775ea2bbf84229","0.0108695652173913","2","3","3","quality_low"
"821","px_b4775ea2bbf84229","0.0108695652173913","3","3","3","quality_low"
"822","px_b4775ea2bbf84229","0.0108695652173913","3","3","3","quality_low"
"823","px_b4775ea2bbf84229","0.0108695652173913","3","2","3","quality_low"
"824","px_b4775ea2bbf84229","0.0108695652173913","2","3","3","quality_low"
"825","px_b4775ea2bbf84229","0.0108695652173913","3","2","3","quality_low"
"826","px_b4775ea2bbf84229","0.0108695652173913","2","2","3","quality_high"
"827","px_b4775ea2bbf84229","0.0108695652173913","2","3","3","quality_high"
"828","px_b4775ea2bbf84229","0.0108695652173913","3","1","3","quality_low"
"829","px_b4775ea2bbf84229","0.0108695652173913","1","1","3","quality_low"
"830","px_b4775ea2bbf84229","0.0108695652173913","1","2","3","quality_low"
"831","px_b4775ea2bbf84229","0.0108695652173913","2","2","3","quality_low"
"832","px_b4775ea2bbf84229","0.0108695652173913","2","2","3","quality_low"
"833","px_b4775ea2bbf84229","0.0108695652173913","2","2","3","quality_high"
"834","px_b4775ea2bbf84229","0.0108695652173913","2","1","3","quality_high"
"835","px_b4775ea2bbf84229","0.0108695652173913","1","2","3","quality_high"
"836","px_b4775ea2bbf84229","0.0108695652173913","2","1","3","quality_high"
"837","px_b4775ea2bbf84229","0.0108695652173913","1","1","3","quality_high"
"838","px_b4775ea2bbf84229","0.0108695652173913","1","2","3","quality_high"
"839","px_b4775ea2bbf84229","0.0108695652173913","2","2","3","quality_high"
"840","px_b4775ea2bbf84229","0.0108695652173913","2","2","3","quality_high"
"841","px_b4775ea2bbf84229","0.0108695652173913","2","2","3","quality_high"
"842","px_b4775ea2bbf84229","0.0108695652173913","1","2","3","quality_high"
"843","px_b4775ea2bbf84229","0.0108695652173913","2","3","3","quality_high"
"844","px_b4775ea2bbf84229","0.0108695652173913","3","2","3","quality_high"
"845","px_b4775ea2bbf84229","0.0108695652173913","2","1","3","quality_high"
"846","px_b4775ea2bbf84229","0.0108695652173913","1","1","3","quality_low"
"847","px_b4775ea2bbf84229","0.0108695652173913","1","2","3","quality_low"
"848","px_b4775ea2bbf84229","0.0108695652173913","2","1","3","quality_high"
"849","px_b4775ea2bbf84229","0.0108695652173913","1","1","3","quality_low"
"850","px_b4775ea2bbf84229","0.0108695652173913","1","2","3","quality_low"
"851","px_b4775ea2bbf84229","0.0108695652173913","2","1","3","quality_high"
"852","px_b4775ea2bbf84229","0.0108695652173913","1","2","3","quality_low"
"853","px_b4775ea2bbf84229","0.0108695652173913","2","1","3","quality_low"
"854","px_b4775ea2bbf84229","0.0108695652173913","1","2","3","quality_low"
"855","px_b4775ea2bbf84229","0.0108695652173913","2","1","3","quality_high"
"856","px_b4775ea2bbf84229","0.0108695652173913","1","1","3","quality_low"
"857","px_c9985fb9dd0844bd","0.00694444444444444","2","2","1","quality_high"
"858","px_c9985fb9dd0844bd","0.00694444444444444","2","2","1","quality_high"
"859","px_c9985fb9dd0844bd","0.00694444444444444","2","3","2","quality_high"
"860","px_c9985fb9dd0844bd","0.00694444444444444","3","3","2","quality_low"
"861","px_c9985fb9dd0844bd","0.00694444444444444","3","1","1","quality_low"
"862","px_c9985fb9dd0844bd","0.00694444444444444","1","2","2","quality_low"
"863","px_c9985fb9dd0844bd","0.00694444444444444","2","3","1","quality_low"
"864","px_c9985fb9dd0844bd","0.00694444444444444","3","3","2","quality_low"
"865","px_c9985fb9dd0844bd","0.00694444444444444","3","3","2","quality_low"
"866","px_c9985fb9dd0844bd","0.00694444444444444","3","3","1","quality_low"
"867","px_c9985fb9dd0844bd","0.00694444444444444","3","3","1","quality_low"
"868","px_c9985fb9dd0844bd","0.00694444444444444","3","3","1","quality_low"
"869","px_c9985fb9dd0844bd","0.00694444444444444","3","3","1","quality_low"
"870","px_c9985fb9dd0844bd","0.00694444444444444","3","3","1","quality_low"
"871","px_c9985fb9dd0844bd","0.00694444444444444","3","3","1","quality_low"
"872","px_c9985fb9dd0844bd","0.00694444444444444","3","3","1","quality_low"
"873","px_c9985fb9dd0844bd","0.00694444444444444","3","3","1","quality_low"
"874","px_c9985fb9dd0844bd","0.00694444444444444","3","3","1","quality_low"
"875","px_c9985fb9dd0844bd","0.00694444444444444","3","3","1","quality_low"
"876","px_c9985fb9dd0844bd","0.00694444444444444","3","3","1","quality_low"
"877","px_c9985fb9dd0844bd","0.00694444444444444","3","3","1","quality_low"
"878","px_c9985fb9dd0844bd","0.00694444444444444","3","3","1","quality_low"
"879","px_c9985fb9dd0844bd","0.00694444444444444","3","3","2","quality_low"
"880","px_c9985fb9dd0844bd","0.00694444444444444","3","3","2","quality_low"
"881","px_c9985fb9dd0844bd","0.00694444444444444","3","3","1","quality_low"
"882","px_c9985fb9dd0844bd","0.00694444444444444","3","3","2","quality_low"
"883","px_c9985fb9dd0844bd","0.00694444444444444","3","3","1","quality_low"
"884","px_c9985fb9dd0844bd","0.00694444444444444","3","3","1","quality_high"
"885","px_c9985fb9dd0844bd","0.00694444444444444","3","3","1","quality_high"
"886","px_c9985fb9dd0844bd","0.00694444444444444","3","3","1","quality_low"
"887","px_c9985fb9dd0844bd","0.00694444444444444","3","3","1","quality_low"
"888","px_c9985fb9dd0844bd","0.00694444444444444","3","3","2","quality_low"
"889","px_c9985fb9dd0844bd","0.00694444444444444","3","3","2","quality_low"
"890","px_c9985fb9dd0844bd","0.00694444444444444","3","3","2","quality_low"
"891","px_c9985fb9dd0844bd","0.00694444444444444","3","3","3","quality_low"
"892","px_c9985fb9dd0844bd","0.00694444444444444","3","3","2","quality_low"
"893","px_c9985fb9dd0844bd","0.00694444444444444","3","3","1","quality_low"
"894","px_c9985fb9dd0844bd","0.00694444444444444","3","3","1","quality_low"
"895","px_c9985fb9dd0844bd","0.00694444444444444","3","3","1","quality_low"
"896","px_c9985fb9dd0844bd","0.00694444444444444","3","3","1","quality_low"
"897","px_c9985fb9dd0844bd","0.00694444444444444","3","3","1","quality_low"
"898","px_c9985fb9dd0844bd","0.00694444444444444","3","3","2","quality_low"
"899","px_c9985fb9dd0844bd","0.00694444444444444","3","3","2","quality_low"
"900","px_c9985fb9dd0844bd","0.00694444444444444","3","3","1","quality_low"
"901","px_c9985fb9dd0844bd","0.00694444444444444","3","3","2","quality_high"
"902","px_c9985fb9dd0844bd","0.00694444444444444","3","3","1","quality_high"
"903","px_c9985fb9dd0844bd","0.00694444444444444","3","3","2","quality_high"
"904","px_c9985fb9dd0844bd","0.00694444444444444","3","3","2","quality_low"
"905","px_c9985fb9dd0844bd","0.00694444444444444","3","3","2","quality_low"
"906","px_c9985fb9dd0844bd","0.00694444444444444","3","3","1","quality_high"
"907","px_c9985fb9dd0844bd","0.00694444444444444","3","3","2","quality_low"
"908","px_c9985fb9dd0844bd","0.00694444444444444","3","3","2","quality_high"
"909","px_c9985fb9dd0844bd","0.00694444444444444","3","3","2","quality_high"
"910","px_c9985fb9dd0844bd","0.00694444444444444","3","3","1","quality_high"
"911","px_c9985fb9dd0844bd","0.00694444444444444","3","3","1","quality_high"
"912","px_c9985fb9dd0844bd","0.00694444444444444","3","3","1","quality_high"
"913","px_c9985fb9dd0844bd","0.00694444444444444","3","3","1","quality_high"
"914","px_c9985fb9dd0844bd","0.00694444444444444","3","3","1","quality_low"
"915","px_c9985fb9dd0844bd","0.00694444444444444","3","3","2","quality_low"
"916","px_c9985fb9dd0844bd","0.00694444444444444","3","3","2","quality_high"
"917","px_c9985fb9dd0844bd","0.00694444444444444","3","3","2","quality_high"
"918","px_c9985fb9dd0844bd","0.00694444444444444","3","3","3","quality_high"
"919","px_c9985fb9dd0844bd","0.00694444444444444","3","3","3","quality_high"
"920","px_c9985fb9dd0844bd","0.00694444444444444","3","3","1","quality_high"
"921","px_c9985fb9dd0844bd","0.00694444444444444","3","3","1","quality_low"
"922","px_c9985fb9dd0844bd","0.00694444444444444","3","3","1","quality_high"
"923","px_c9985fb9dd0844bd","0.00694444444444444","3","3","2","quality_low"
"924","px_c9985fb9dd0844bd","0.00694444444444444","3","3","1","quality_low"
"925","px_c9985fb9dd0844bd","0.00694444444444444","3","3","1","quality_low"
"926","px_c9985fb9dd0844bd","0.00694444444444444","3","3","2","quality_low"
"927","px_c9985fb9dd0844bd","0.00694444444444444","3","3","2","quality_low"
"928","px_c9985fb9dd0844bd","0.00694444444444444","3","3","2","quality_high"
"929","px_c9985fb9dd0844bd","0.00694444444444444","3","3","2","quality_high"
"930","px_c9985fb9dd0844bd","0.00694444444444444","3","3","2","quality_low"
"931","px_c9985fb9dd0844bd","0.00694444444444444","3","3","1","quality_low"
"932","px_c9985fb9dd0844bd","0.00694444444444444","3","3","2","quality_high"
"933","px_c9985fb9dd0844bd","0.00694444444444444","3","3","1","quality_high"
"934","px_c9985fb9dd0844bd","0.00694444444444444","3","3","1","quality_high"
"935","px_c9985fb9dd0844bd","0.00694444444444444","3","3","2","quality_high"
"936","px_c9985fb9dd0844bd","0.00694444444444444","3","3","1","quality_low"
"937","px_c9985fb9dd0844bd","0.00694444444444444","3","3","1","quality_low"
"938","px_c9985fb9dd0844bd","0.00694444444444444","3","3","1","quality_low"
"939","px_c9985fb9dd0844bd","0.00694444444444444","3","3","1","quality_high"
"940","px_c9985fb9dd0844bd","0.00694444444444444","3","3","1","quality_high"
"941","px_c9985fb9dd0844bd","0.00694444444444444","3","3","1","quality_high"
"942","px_c9985fb9dd0844bd","0.00694444444444444","3","3","1","quality_high"
"943","px_c9985fb9dd0844bd","0.00694444444444444","3","3","1","quality_high"
"944","px_c9985fb9dd0844bd","0.00694444444444444","3","3","1","quality_high"
"945","px_c9985fb9dd0844bd","0.00694444444444444","3","3","1","quality_high"
"946","px_c9985fb9dd0844bd","0.00694444444444444","3","3","1","quality_high"
"947","px_c9985fb9dd0844bd","0.00694444444444444","3","3","1","quality_high"
"948","px_c9985fb9dd0844bd","0.00694444444444444","3","3","1","quality_high"
"949","px_c9985fb9dd0844bd","0.00694444444444444","3","3","1","quality_high"
"950","px_c9985fb9dd0844bd","0.00694444444444444","3","3","1","quality_high"
"951","px_c9985fb9dd0844bd","0.00694444444444444","3","3","1","quality_high"
"952","px_c9985fb9dd0844bd","0.00694444444444444","3","3","1","quality_high"
"953","px_c9985fb9dd0844bd","0.00694444444444444","3","3","3","quality_high"
"954","px_c9985fb9dd0844bd","0.00694444444444444","3","3","2","quality_high"
"955","px_c9985fb9dd0844bd","0.00694444444444444","3","3","3","quality_high"
"956","px_c9985fb9dd0844bd","0.00694444444444444","3","3","1","quality_high"
"957","px_c9985fb9dd0844bd","0.00694444444444444","3","3","1","quality_high"
"958","px_c9985fb9dd0844bd","0.00694444444444444","3","3","1","quality_high"
"959","px_c9985fb9dd0844bd","0.00694444444444444","3","3","1","quality_high"
"960","px_c9985fb9dd0844bd","0.00694444444444444","3","3","2","quality_high"
"961","px_c9985fb9dd0844bd","0.00694444444444444","3","3","2","quality_high"
"962","px_c9985fb9dd0844bd","0.00694444444444444","3","3","1","quality_high"
"963","px_c9985fb9dd0844bd","0.00694444444444444","3","3","1","quality_high"
"964","px_c9985fb9dd0844bd","0.00694444444444444","3","3","1","quality_high"
"965","px_c9985fb9dd0844bd","0.00694444444444444","3","3","1","quality_high"
"966","px_c9985fb9dd0844bd","0.00694444444444444","3","3","1","quality_high"
"967","px_c9985fb9dd0844bd","0.00694444444444444","3","3","1","quality_high"
"968","px_c9985fb9dd0844bd","0.00694444444444444","3","3","1","quality_high"
"969","px_c9985fb9dd0844bd","0.00694444444444444","3","3","1","quality_high"
"970","px_c9985fb9dd0844bd","0.00694444444444444","3","3","1","quality_high"
"971","px_c9985fb9dd0844bd","0.00694444444444444","3","3","1","quality_high"
"972","px_c9985fb9dd0844bd","0.00694444444444444","3","3","1","quality_high"
"973","px_c9985fb9dd0844bd","0.00694444444444444","3","3","1","quality_high"
"974","px_c9985fb9dd0844bd","0.00694444444444444","3","3","2","quality_high"
"975","px_c9985fb9dd0844bd","0.00694444444444444","3","3","1","quality_high"
"976","px_c9985fb9dd0844bd","0.00694444444444444","3","3","1","quality_low"
"977","px_c9985fb9dd0844bd","0.00694444444444444","3","3","1","quality_low"
"978","px_c9985fb9dd0844bd","0.00694444444444444","3","3","1","quality_low"
"979","px_c9985fb9dd0844bd","0.00694444444444444","3","3","2","quality_low"
"980","px_c9985fb9dd0844bd","0.00694444444444444","3","3","1","quality_high"
"981","px_c9985fb9dd0844bd","0.00694444444444444","3","3","1","quality_low"
"982","px_c9985fb9dd0844bd","0.00694444444444444","3","3","1","quality_high"
"983","px_c9985fb9dd0844bd","0.00694444444444444","3","3","1","quality_high"
"984","px_c9985fb9dd0844bd","0.00694444444444444","3","3","1","quality_high"
"985","px_c9985fb9dd0844bd","0.00694444444444444","3","3","1","quality_high"
"986","px_c9985fb9dd0844bd","0.00694444444444444","3","3","2","quality_high"
"987","px_c9985fb9dd0844bd","0.00694444444444444","3","3","1","quality_high"
"988","px_c9985fb9dd0844bd","0.00694444444444444","3","3","2","quality_high"
"989","px_c9985fb9dd0844bd","0.00694444444444444","3","3","2","quality_high"
"990","px_c9985fb9dd0844bd","0.00694444444444444","3","3","1","quality_low"
"991","px_c9985fb9dd0844bd","0.00694444444444444","3","3","2","quality_low"
"992","px_c9985fb9dd0844bd","0.00694444444444444","3","3","1","quality_low"
"993","px_c9985fb9dd0844bd","0.00694444444444444","3","3","2","quality_low"
"994","px_c9985fb9dd0844bd","0.00694444444444444","3","3","2","quality_low"
"995","px_c9985fb9dd0844bd","0.00694444444444444","3","3","1","quality_high"
"996","px_c9985fb9dd0844bd","0.00694444444444444","3","3","1","quality_low"
"997","px_c9985fb9dd0844bd","0.00694444444444444","3","3","2","quality_high"
"998","px_c9985fb9dd0844bd","0.00694444444444444","3","3","1","quality_high"
"999","px_c9985fb9dd0844bd","0.00694444444444444","3","3","1","quality_high"
"1000","px_c9985fb9dd0844bd","0.00694444444444444","3","3","1","quality_high"
"1001","px_9ee055c778c613cb","0.00609756097560976","2","2","2","quality_high"
"1002","px_9ee055c778c613cb","0.00609756097560976","2","2","2","quality_low"
"1003","px_9ee055c778c613cb","0.00609756097560976","2","3","3","quality_low"
"1004","px_9ee055c778c613cb","0.00609756097560976","3","2","3","quality_low"
"1005","px_9ee055c778c613cb","0.00609756097560976","2","2","2","quality_high"
"1006","px_9ee055c778c613cb","0.00609756097560976","2","2","3","quality_high"
"1007","px_9ee055c778c613cb","0.00609756097560976","2","2","3","quality_high"
"1008","px_9ee055c778c613cb","0.00609756097560976","2","2","3","quality_high"
"1009","px_9ee055c778c613cb","0.00609756097560976","2","2","2","quality_high"
"1010","px_9ee055c778c613cb","0.00609756097560976","2","2","3","quality_high"
"1011","px_9ee055c778c613cb","0.00609756097560976","2","3","2","quality_high"
"1012","px_9ee055c778c613cb","0.00609756097560976","3","2","2","quality_high"
"1013","px_9ee055c778c613cb","0.00609756097560976","2","3","3","quality_high"
"1014","px_9ee055c778c613cb","0.00609756097560976","3","2","3","quality_low"
"1015","px_9ee055c778c613cb","0.00609756097560976","2","2","2","quality_low"
"1016","px_9ee055c778c613cb","0.00609756097560976","2","2","2","quality_high"
"1017","px_9ee055c778c613cb","0.00609756097560976","2","3","3","quality_low"
"1018","px_9ee055c778c613cb","0.00609756097560976","3","2","2","quality_low"
"1019","px_9ee055c778c613cb","0.00609756097560976","2","2","1","quality_low"
"1020","px_9ee055c778c613cb","0.00609756097560976","2","3","2","quality_low"
"1021","px_9ee055c778c613cb","0.00609756097560976","3","3","1","quality_low"
"1022","px_9ee055c778c613cb","0.00609756097560976","3","2","2","quality_high"
"1023","px_9ee055c778c613cb","0.00609756097560976","2","3","2","quality_high"
"1024","px_9ee055c778c613cb","0.00609756097560976","3","2","2","quality_high"
"1025","px_9ee055c778c613cb","0.00609756097560976","2","3","3","quality_high"
"1026","px_9ee055c778c613cb","0.00609756097560976","3","3","3","quality_high"
"1027","px_9ee055c778c613cb","0.00609756097560976","3","3","2","quality_high"
"1028","px_9ee055c778c613cb","0.00609756097560976","3","3","2","quality_high"
"1029","px_9ee055c778c613cb","0.00609756097560976","3","3","3","quality_high"
"1030","px_9ee055c778c613cb","0.00609756097560976","3","3","3","quality_low"
"1031","px_9ee055c778c613cb","0.00609756097560976","3","3","2","quality_low"
"1032","px_9ee055c778c613cb","0.00609756097560976","3","3","2","quality_low"
"1033","px_9ee055c778c613cb","0.00609756097560976","3","3","3","quality_low"
"1034","px_9ee055c778c613cb","0.00609756097560976","3","3","2","quality_low"
"1035","px_9ee055c778c613cb","0.00609756097560976","3","2","3","quality_low"
"1036","px_9ee055c778c613cb","0.00609756097560976","2","2","3","quality_low"
"1037","px_9ee055c778c613cb","0.00609756097560976","2","2","3","quality_low"
"1038","px_9ee055c778c613cb","0.00609756097560976","2","2","3","quality_low"
"1039","px_9ee055c778c613cb","0.00609756097560976","2","3","3","quality_low"
"1040","px_9ee055c778c613cb","0.00609756097560976","3","3","3","quality_low"
"1041","px_9ee055c778c613cb","0.00609756097560976","3","1","3","quality_low"
"1042","px_9ee055c778c613cb","0.00609756097560976","1","3","2","quality_low"
"1043","px_9ee055c778c613cb","0.00609756097560976","3","3","3","quality_low"
"1044","px_9ee055c778c613cb","0.00609756097560976","3","3","3","quality_low"
"1045","px_9ee055c778c613cb","0.00609756097560976","3","3","3","quality_low"
"1046","px_9ee055c778c613cb","0.00609756097560976","3","3","3","quality_low"
"1047","px_9ee055c778c613cb","0.00609756097560976","3","3","3","quality_low"
"1048","px_9ee055c778c613cb","0.00609756097560976","3","3","3","quality_low"
"1049","px_9ee055c778c613cb","0.00609756097560976","3","3","3","quality_low"
"1050","px_9ee055c778c613cb","0.00609756097560976","3","3","3","quality_low"
"1051","px_9ee055c778c613cb","0.00609756097560976","3","3","3","quality_low"
"1052","px_9ee055c778c613cb","0.00609756097560976","3","2","3","quality_low"
"1053","px_9ee055c778c613cb","0.00609756097560976","2","3","3","quality_low"
"1054","px_9ee055c778c613cb","0.00609756097560976","3","3","3","quality_low"
"1055","px_9ee055c778c613cb","0.00609756097560976","3","3","1","quality_low"
"1056","px_9ee055c778c613cb","0.00609756097560976","3","3","1","quality_low"
"1057","px_9ee055c778c613cb","0.00609756097560976","3","3","2","quality_low"
"1058","px_9ee055c778c613cb","0.00609756097560976","3","3","2","quality_low"
"1059","px_9ee055c778c613cb","0.00609756097560976","3","3","3","quality_low"
"1060","px_9ee055c778c613cb","0.00609756097560976","3","3","3","quality_low"
"1061","px_9ee055c778c613cb","0.00609756097560976","3","3","2","quality_low"
"1062","px_9ee055c778c613cb","0.00609756097560976","3","2","3","quality_low"
"1063","px_9ee055c778c613cb","0.00609756097560976","2","3","3","quality_low"
"1064","px_9ee055c778c613cb","0.00609756097560976","3","3","3","quality_low"
"1065","px_9ee055c778c613cb","0.00609756097560976","3","3","3","quality_high"
"1066","px_9ee055c778c613cb","0.00609756097560976","3","2","3","quality_high"
"1067","px_9ee055c778c613cb","0.00609756097560976","2","2","3","quality_low"
"1068","px_9ee055c778c613cb","0.00609756097560976","2","2","2","quality_high"
"1069","px_9ee055c778c613cb","0.00609756097560976","2","3","2","quality_high"
"1070","px_9ee055c778c613cb","0.00609756097560976","3","2","2","quality_high"
"1071","px_9ee055c778c613cb","0.00609756097560976","2","2","2","quality_high"
"1072","px_9ee055c778c613cb","0.00609756097560976","2","3","2","quality_high"
"1073","px_9ee055c778c613cb","0.00609756097560976","3","3","2","quality_high"
"1074","px_9ee055c778c613cb","0.00609756097560976","3","3","2","quality_low"
"1075","px_9ee055c778c613cb","0.00609756097560976","3","3","2","quality_low"
"1076","px_9ee055c778c613cb","0.00609756097560976","3","3","2","quality_high"
"1077","px_9ee055c778c613cb","0.00609756097560976","3","2","2","quality_high"
"1078","px_9ee055c778c613cb","0.00609756097560976","2","3","2","quality_high"
"1079","px_9ee055c778c613cb","0.00609756097560976","3","3","1","quality_high"
"1080","px_9ee055c778c613cb","0.00609756097560976","3","2","2","quality_high"
"1081","px_9ee055c778c613cb","0.00609756097560976","2","3","2","quality_high"
"1082","px_9ee055c778c613cb","0.00609756097560976","3","3","2","quality_high"
"1083","px_9ee055c778c613cb","0.00609756097560976","3","3","2","quality_high"
"1084","px_9ee055c778c613cb","0.00609756097560976","3","3","2","quality_high"
"1085","px_9ee055c778c613cb","0.00609756097560976","3","2","2","quality_high"
"1086","px_9ee055c778c613cb","0.00609756097560976","2","3","2","quality_high"
"1087","px_9ee055c778c613cb","0.00609756097560976","3","2","2","quality_high"
"1088","px_9ee055c778c613cb","0.00609756097560976","2","2","2","quality_high"
"1089","px_9ee055c778c613cb","0.00609756097560976","2","2","1","quality_high"
"1090","px_9ee055c778c613cb","0.00609756097560976","2","2","2","quality_low"
"1091","px_9ee055c778c613cb","0.00609756097560976","2","3","2","quality_low"
"1092","px_9ee055c778c613cb","0.00609756097560976","3","2","2","quality_high"
"1093","px_9ee055c778c613cb","0.00609756097560976","2","2","2","quality_low"
"1094","px_9ee055c778c613cb","0.00609756097560976","2","2","3","quality_high"
"1095","px_9ee055c778c613cb","0.00609756097560976","2","2","3","quality_low"
"1096","px_9ee055c778c613cb","0.00609756097560976","2","2","3","quality_high"
"1097","px_9ee055c778c613cb","0.00609756097560976","2","3","2","quality_high"
"1098","px_9ee055c778c613cb","0.00609756097560976","3","2","2","quality_high"
"1099","px_9ee055c778c613cb","0.00609756097560976","2","2","2","quality_high"
"1100","px_9ee055c778c613cb","0.00609756097560976","2","2","2","quality_low"
"1101","px_9ee055c778c613cb","0.00609756097560976","2","3","2","quality_high"
"1102","px_9ee055c778c613cb","0.00609756097560976","3","2","1","quality_high"
"1103","px_9ee055c778c613cb","0.00609756097560976","2","3","2","quality_high"
"1104","px_9ee055c778c613cb","0.00609756097560976","3","2","2","quality_high"
"1105","px_9ee055c778c613cb","0.00609756097560976","2","2","2","quality_high"
"1106","px_9ee055c778c613cb","0.00609756097560976","2","2","3","quality_high"
"1107","px_9ee055c778c613cb","0.00609756097560976","2","3","2","quality_high"
"1108","px_9ee055c778c613cb","0.00609756097560976","3","2","2","quality_high"
"1109","px_9ee055c778c613cb","0.00609756097560976","2","2","2","quality_low"
"1110","px_9ee055c778c613cb","0.00609756097560976","2","2","2","quality_high"
"1111","px_9ee055c778c613cb","0.00609756097560976","2","2","2","quality_high"
"1112","px_9ee055c778c613cb","0.00609756097560976","2","2","2","quality_high"
"1113","px_9ee055c778c613cb","0.00609756097560976","2","2","2","quality_high"
"1114","px_9ee055c778c613cb","0.00609756097560976","2","2","2","quality_low"
"1115","px_9ee055c778c613cb","0.00609756097560976","2","2","2","quality_high"
"1116","px_9ee055c778c613cb","0.00609756097560976","2","2","1","quality_high"
"1117","px_9ee055c778c613cb","0.00609756097560976","2","1","2","quality_high"
"1118","px_9ee055c778c613cb","0.00609756097560976","1","1","2","quality_high"
"1119","px_9ee055c778c613cb","0.00609756097560976","1","1","2","quality_high"
"1120","px_9ee055c778c613cb","0.00609756097560976","1","2","2","quality_high"
"1121","px_9ee055c778c613cb","0.00609756097560976","2","3","2","quality_high"
"1122","px_9ee055c778c613cb","0.00609756097560976","3","2","1","quality_low"
"1123","px_9ee055c778c613cb","0.00609756097560976","2","2","2","quality_high"
"1124","px_9ee055c778c613cb","0.00609756097560976","2","2","3","quality_high"
"1125","px_9ee055c778c613cb","0.00609756097560976","2","3","2","quality_high"
"1126","px_9ee055c778c613cb","0.00609756097560976","3","2","3","quality_high"
"1127","px_9ee055c778c613cb","0.00609756097560976","2","2","2","quality_high"
"1128","px_9ee055c778c613cb","0.00609756097560976","2","2","2","quality_high"
"1129","px_9ee055c778c613cb","0.00609756097560976","2","2","2","quality_high"
"1130","px_9ee055c778c613cb","0.00609756097560976","2","2","2","quality_high"
"1131","px_9ee055c778c613cb","0.00609756097560976","2","2","2","quality_high"
"1132","px_9ee055c778c613cb","0.00609756097560976","2","2","2","quality_high"
"1133","px_9ee055c778c613cb","0.00609756097560976","2","2","1","quality_high"
"1134","px_9ee055c778c613cb","0.00609756097560976","2","2","2","quality_high"
"1135","px_9ee055c778c613cb","0.00609756097560976","2","2","3","quality_high"
"1136","px_9ee055c778c613cb","0.00609756097560976","2","2","2","quality_high"
"1137","px_9ee055c778c613cb","0.00609756097560976","2","2","2","quality_high"
"1138","px_9ee055c778c613cb","0.00609756097560976","2","2","2","quality_high"
"1139","px_9ee055c778c613cb","0.00609756097560976","2","2","2","quality_high"
"1140","px_9ee055c778c613cb","0.00609756097560976","2","2","2","quality_high"
"1141","px_9ee055c778c613cb","0.00609756097560976","2","2","3","quality_high"
"1142","px_9ee055c778c613cb","0.00609756097560976","2","2","2","quality_high"
"1143","px_9ee055c778c613cb","0.00609756097560976","2","2","2","quality_high"
"1144","px_9ee055c778c613cb","0.00609756097560976","2","3","2","quality_high"
"1145","px_9ee055c778c613cb","0.00609756097560976","3","3","2","quality_high"
"1146","px_9ee055c778c613cb","0.00609756097560976","3","3","2","quality_high"
"1147","px_9ee055c778c613cb","0.00609756097560976","3","3","2","quality_high"
"1148","px_9ee055c778c613cb","0.00609756097560976","3","3","2","quality_high"
"1149","px_9ee055c778c613cb","0.00609756097560976","3","3","3","quality_high"
"1150","px_9ee055c778c613cb","0.00609756097560976","3","3","3","quality_high"
"1151","px_9ee055c778c613cb","0.00609756097560976","3","2","2","quality_high"
"1152","px_9ee055c778c613cb","0.00609756097560976","2","3","3","quality_high"
"1153","px_9ee055c778c613cb","0.00609756097560976","3","3","3","quality_low"
"1154","px_9ee055c778c613cb","0.00609756097560976","3","3","2","quality_high"
"1155","px_9ee055c778c613cb","0.00609756097560976","3","3","3","quality_high"
"1156","px_9ee055c778c613cb","0.00609756097560976","3","3","3","quality_high"
"1157","px_9ee055c778c613cb","0.00609756097560976","3","3","2","quality_high"
"1158","px_9ee055c778c613cb","0.00609756097560976","3","3","3","quality_high"
"1159","px_9ee055c778c613cb","0.00609756097560976","3","3","3","quality_high"
"1160","px_9ee055c778c613cb","0.00609756097560976","3","3","3","quality_high"
"1161","px_9ee055c778c613cb","0.00609756097560976","3","3","3","quality_high"
"1162","px_9ee055c778c613cb","0.00609756097560976","3","3","3","quality_high"
"1163","px_9ee055c778c613cb","0.00609756097560976","3","3","2","quality_high"
"1164","px_9ee055c778c613cb","0.00609756097560976","3","2","3","quality_high"
"1165","px_80214d47d01e7066","0.0065359477124183","1","1","3","quality_low"
"1166","px_80214d47d01e7066","0.0065359477124183","1","2","3","quality_low"
"1167","px_80214d47d01e7066","0.0065359477124183","2","1","3","quality_high"
"1168","px_80214d47d01e7066","0.0065359477124183","1","1","3","quality_high"
"1169","px_80214d47d01e7066","0.0065359477124183","1","1","3","quality_high"
"1170","px_80214d47d01e7066","0.0065359477124183","1","2","3","quality_high"
"1171","px_80214d47d01e7066","0.0065359477124183","2","1","3","quality_high"
"1172","px_80214d47d01e7066","0.0065359477124183","1","1","3","quality_high"
"1173","px_80214d47d01e7066","0.0065359477124183","1","1","3","quality_high"
"1174","px_80214d47d01e7066","0.0065359477124183","1","1","3","quality_high"
"1175","px_80214d47d01e7066","0.0065359477124183","1","2","3","quality_low"
"1176","px_80214d47d01e7066","0.0065359477124183","2","1","3","quality_high"
"1177","px_80214d47d01e7066","0.0065359477124183","1","1","3","quality_high"
"1178","px_80214d47d01e7066","0.0065359477124183","1","1","3","quality_high"
"1179","px_80214d47d01e7066","0.0065359477124183","1","1","3","quality_high"
"1180","px_80214d47d01e7066","0.0065359477124183","1","1","3","quality_high"
"1181","px_80214d47d01e7066","0.0065359477124183","1","1","3","quality_high"
"1182","px_80214d47d01e7066","0.0065359477124183","1","1","3","quality_high"
"1183","px_80214d47d01e7066","0.0065359477124183","1","1","3","quality_high"
"1184","px_80214d47d01e7066","0.0065359477124183","1","1","3","quality_high"
"1185","px_80214d47d01e7066","0.0065359477124183","1","1","3","quality_high"
"1186","px_80214d47d01e7066","0.0065359477124183","1","1","3","quality_low"
"1187","px_80214d47d01e7066","0.0065359477124183","1","1","3","quality_low"
"1188","px_80214d47d01e7066","0.0065359477124183","1","1","3","quality_low"
"1189","px_80214d47d01e7066","0.0065359477124183","1","2","3","quality_low"
"1190","px_80214d47d01e7066","0.0065359477124183","2","1","3","quality_low"
"1191","px_80214d47d01e7066","0.0065359477124183","1","1","3","quality_low"
"1192","px_80214d47d01e7066","0.0065359477124183","1","1","3","quality_low"
"1193","px_80214d47d01e7066","0.0065359477124183","1","1","3","quality_low"
"1194","px_80214d47d01e7066","0.0065359477124183","1","1","3","quality_low"
"1195","px_80214d47d01e7066","0.0065359477124183","1","1","3","quality_low"
"1196","px_80214d47d01e7066","0.0065359477124183","1","1","3","quality_low"
"1197","px_80214d47d01e7066","0.0065359477124183","1","1","3","quality_low"
"1198","px_80214d47d01e7066","0.0065359477124183","1","2","3","quality_low"
"1199","px_80214d47d01e7066","0.0065359477124183","2","1","3","quality_low"
"1200","px_80214d47d01e7066","0.0065359477124183","1","1","3","quality_low"
"1201","px_80214d47d01e7066","0.0065359477124183","1","1","3","quality_low"
"1202","px_80214d47d01e7066","0.0065359477124183","1","1","3","quality_low"
"1203","px_80214d47d01e7066","0.0065359477124183","1","1","3","quality_low"
"1204","px_80214d47d01e7066","0.0065359477124183","1","1","3","quality_low"
"1205","px_80214d47d01e7066","0.0065359477124183","1","1","3","quality_low"
"1206","px_80214d47d01e7066","0.0065359477124183","1","1","3","quality_low"
"1207","px_80214d47d01e7066","0.0065359477124183","1","1","3","quality_low"
"1208","px_80214d47d01e7066","0.0065359477124183","1","2","3","quality_low"
"1209","px_80214d47d01e7066","0.0065359477124183","2","1","3","quality_low"
"1210","px_80214d47d01e7066","0.0065359477124183","1","1","3","quality_low"
"1211","px_80214d47d01e7066","0.0065359477124183","1","1","3","quality_low"
"1212","px_80214d47d01e7066","0.0065359477124183","1","1","3","quality_low"
"1213","px_80214d47d01e7066","0.0065359477124183","1","3","3","quality_low"
"1214","px_80214d47d01e7066","0.0065359477124183","3","1","3","quality_high"
"1215","px_80214d47d01e7066","0.0065359477124183","1","1","3","quality_high"
"1216","px_80214d47d01e7066","0.0065359477124183","1","1","3","quality_high"
"1217","px_80214d47d01e7066","0.0065359477124183","1","1","3","quality_high"
"1218","px_80214d47d01e7066","0.0065359477124183","1","1","3","quality_high"
"1219","px_80214d47d01e7066","0.0065359477124183","1","1","3","quality_low"
"1220","px_80214d47d01e7066","0.0065359477124183","1","1","3","quality_low"
"1221","px_80214d47d01e7066","0.0065359477124183","1","1","3","quality_low"
"1222","px_80214d47d01e7066","0.0065359477124183","1","1","3","quality_low"
"1223","px_80214d47d01e7066","0.0065359477124183","1","1","3","quality_low"
"1224","px_80214d47d01e7066","0.0065359477124183","1","1","3","quality_low"
"1225","px_80214d47d01e7066","0.0065359477124183","1","1","3","quality_low"
"1226","px_80214d47d01e7066","0.0065359477124183","1","3","3","quality_low"
"1227","px_80214d47d01e7066","0.0065359477124183","3","1","3","quality_high"
"1228","px_80214d47d01e7066","0.0065359477124183","1","1","3","quality_high"
"1229","px_80214d47d01e7066","0.0065359477124183","1","1","3","quality_high"
"1230","px_80214d47d01e7066","0.0065359477124183","1","1","3","quality_high"
"1231","px_80214d47d01e7066","0.0065359477124183","1","2","3","quality_low"
"1232","px_80214d47d01e7066","0.0065359477124183","2","1","3","quality_low"
"1233","px_80214d47d01e7066","0.0065359477124183","1","1","3","quality_low"
"1234","px_80214d47d01e7066","0.0065359477124183","1","1","3","quality_low"
"1235","px_80214d47d01e7066","0.0065359477124183","1","2","3","quality_low"
"1236","px_80214d47d01e7066","0.0065359477124183","2","2","3","quality_low"
"1237","px_80214d47d01e7066","0.0065359477124183","2","2","3","quality_low"
"1238","px_80214d47d01e7066","0.0065359477124183","2","1","3","quality_low"
"1239","px_80214d47d01e7066","0.0065359477124183","1","2","3","quality_low"
"1240","px_80214d47d01e7066","0.0065359477124183","2","1","3","quality_low"
"1241","px_80214d47d01e7066","0.0065359477124183","1","1","3","quality_low"
"1242","px_80214d47d01e7066","0.0065359477124183","1","1","3","quality_high"
"1243","px_80214d47d01e7066","0.0065359477124183","1","1","3","quality_high"
"1244","px_80214d47d01e7066","0.0065359477124183","1","1","3","quality_high"
"1245","px_80214d47d01e7066","0.0065359477124183","1","1","3","quality_high"
"1246","px_80214d47d01e7066","0.0065359477124183","1","1","3","quality_high"
"1247","px_80214d47d01e7066","0.0065359477124183","1","1","3","quality_high"
"1248","px_80214d47d01e7066","0.0065359477124183","1","1","3","quality_high"
"1249","px_80214d47d01e7066","0.0065359477124183","1","1","3","quality_high"
"1250","px_80214d47d01e7066","0.0065359477124183","1","1","3","quality_high"
"1251","px_80214d47d01e7066","0.0065359477124183","1","1","3","quality_high"
"1252","px_80214d47d01e7066","0.0065359477124183","1","1","3","quality_high"
"1253","px_80214d47d01e7066","0.0065359477124183","1","1","3","quality_high"
"1254","px_80214d47d01e7066","0.0065359477124183","1","1","3","quality_high"
"1255","px_80214d47d01e7066","0.0065359477124183","1","1","3","quality_low"
"1256","px_80214d47d01e7066","0.0065359477124183","1","1","3","quality_low"
"1257","px_80214d47d01e7066","0.0065359477124183","1","1","3","quality_low"
"1258","px_80214d47d01e7066","0.0065359477124183","1","1","3","quality_high"
"1259","px_80214d47d01e7066","0.0065359477124183","1","1","3","quality_high"
"1260","px_80214d47d01e7066","0.0065359477124183","1","1","3","quality_high"
"1261","px_80214d47d01e7066","0.0065359477124183","1","1","3","quality_low"
"1262","px_80214d47d01e7066","0.0065359477124183","1","2","3","quality_low"
"1263","px_80214d47d01e7066","0.0065359477124183","2","1","3","quality_low"
"1264","px_80214d47d01e7066","0.0065359477124183","1","1","3","quality_high"
"1265","px_80214d47d01e7066","0.0065359477124183","1","1","3","quality_high"
"1266","px_80214d47d01e7066","0.0065359477124183","1","1","3","quality_high"
"1267","px_80214d47d01e7066","0.0065359477124183","1","3","3","quality_high"
"1268","px_80214d47d01e7066","0.0065359477124183","3","1","3","quality_high"
"1269","px_80214d47d01e7066","0.0065359477124183","1","1","3","quality_high"
"1270","px_80214d47d01e7066","0.0065359477124183","1","1","3","quality_high"
"1271","px_80214d47d01e7066","0.0065359477124183","1","1","3","quality_high"
"1272","px_80214d47d01e7066","0.0065359477124183","1","1","3","quality_high"
"1273","px_80214d47d01e7066","0.0065359477124183","1","1","3","quality_low"
"1274","px_80214d47d01e7066","0.0065359477124183","1","1","3","quality_low"
"1275","px_80214d47d01e7066","0.0065359477124183","1","1","3","quality_low"
"1276","px_80214d47d01e7066","0.0065359477124183","1","1","3","quality_high"
"1277","px_80214d47d01e7066","0.0065359477124183","1","1","3","quality_high"
"1278","px_80214d47d01e7066","0.0065359477124183","1","1","3","quality_low"
"1279","px_80214d47d01e7066","0.0065359477124183","1","1","2","quality_low"
"1280","px_80214d47d01e7066","0.0065359477124183","1","1","3","quality_low"
"1281","px_80214d47d01e7066","0.0065359477124183","1","1","3","quality_high"
"1282","px_80214d47d01e7066","0.0065359477124183","1","1","3","quality_low"
"1283","px_80214d47d01e7066","0.0065359477124183","1","1","3","quality_low"
"1284","px_80214d47d01e7066","0.0065359477124183","1","2","3","quality_high"
"1285","px_80214d47d01e7066","0.0065359477124183","2","1","3","quality_high"
"1286","px_80214d47d01e7066","0.0065359477124183","1","1","3","quality_high"
"1287","px_80214d47d01e7066","0.0065359477124183","1","1","3","quality_high"
"1288","px_80214d47d01e7066","0.0065359477124183","1","2","3","quality_high"
"1289","px_80214d47d01e7066","0.0065359477124183","2","1","3","quality_high"
"1290","px_80214d47d01e7066","0.0065359477124183","1","1","3","quality_high"
"1291","px_80214d47d01e7066","0.0065359477124183","1","1","2","quality_high"
"1292","px_80214d47d01e7066","0.0065359477124183","1","1","2","quality_high"
"1293","px_80214d47d01e7066","0.0065359477124183","1","1","2","quality_high"
"1294","px_80214d47d01e7066","0.0065359477124183","1","1","2","quality_low"
"1295","px_80214d47d01e7066","0.0065359477124183","1","2","1","quality_low"
"1296","px_80214d47d01e7066","0.0065359477124183","2","1","1","quality_low"
"1297","px_80214d47d01e7066","0.0065359477124183","1","1","2","quality_high"
"1298","px_80214d47d01e7066","0.0065359477124183","1","2","3","quality_low"
"1299","px_80214d47d01e7066","0.0065359477124183","2","2","3","quality_high"
"1300","px_80214d47d01e7066","0.0065359477124183","2","2","3","quality_high"
"1301","px_80214d47d01e7066","0.0065359477124183","2","1","2","quality_high"
"1302","px_80214d47d01e7066","0.0065359477124183","1","2","3","quality_low"
"1303","px_80214d47d01e7066","0.0065359477124183","2","1","2","quality_low"
"1304","px_80214d47d01e7066","0.0065359477124183","1","1","3","quality_low"
"1305","px_80214d47d01e7066","0.0065359477124183","1","1","3","quality_low"
"1306","px_80214d47d01e7066","0.0065359477124183","1","2","3","quality_high"
"1307","px_80214d47d01e7066","0.0065359477124183","2","1","2","quality_high"
"1308","px_80214d47d01e7066","0.0065359477124183","1","1","3","quality_high"
"1309","px_80214d47d01e7066","0.0065359477124183","1","1","3","quality_high"
"1310","px_80214d47d01e7066","0.0065359477124183","1","1","3","quality_high"
"1311","px_80214d47d01e7066","0.0065359477124183","1","1","3","quality_high"
"1312","px_80214d47d01e7066","0.0065359477124183","1","1","3","quality_low"
"1313","px_80214d47d01e7066","0.0065359477124183","1","1","3","quality_high"
"1314","px_80214d47d01e7066","0.0065359477124183","1","2","3","quality_high"
"1315","px_80214d47d01e7066","0.0065359477124183","2","2","3","quality_high"
"1316","px_80214d47d01e7066","0.0065359477124183","2","1","3","quality_high"
"1317","px_80214d47d01e7066","0.0065359477124183","1","2","3","quality_high"
"1318","px_fdc0018bc5ff3c08","0.00632911392405063","2","2","2","quality_low"
"1319","px_fdc0018bc5ff3c08","0.00632911392405063","2","1","2","quality_low"
"1320","px_fdc0018bc5ff3c08","0.00632911392405063","1","1","3","quality_high"
"1321","px_fdc0018bc5ff3c08","0.00632911392405063","1","1","3","quality_high"
"1322","px_fdc0018bc5ff3c08","0.00632911392405063","1","1","3","quality_high"
"1323","px_fdc0018bc5ff3c08","0.00632911392405063","1","1","3","quality_high"
"1324","px_fdc0018bc5ff3c08","0.00632911392405063","1","1","3","quality_high"
"1325","px_fdc0018bc5ff3c08","0.00632911392405063","1","1","3","quality_high"
"1326","px_fdc0018bc5ff3c08","0.00632911392405063","1","1","3","quality_low"
"1327","px_fdc0018bc5ff3c08","0.00632911392405063","1","1","3","quality_high"
"1328","px_fdc0018bc5ff3c08","0.00632911392405063","1","1","3","quality_high"
"1329","px_fdc0018bc5ff3c08","0.00632911392405063","1","1","3","quality_high"
"1330","px_fdc0018bc5ff3c08","0.00632911392405063","1","1","2","quality_low"
"1331","px_fdc0018bc5ff3c08","0.00632911392405063","1","1","2","quality_low"
"1332","px_fdc0018bc5ff3c08","0.00632911392405063","1","1","2","quality_low"
"1333","px_fdc0018bc5ff3c08","0.00632911392405063","1","1","3","quality_low"
"1334","px_fdc0018bc5ff3c08","0.00632911392405063","1","1","3","quality_low"
"1335","px_fdc0018bc5ff3c08","0.00632911392405063","1","1","3","quality_high"
"1336","px_fdc0018bc5ff3c08","0.00632911392405063","1","1","3","quality_low"
"1337","px_fdc0018bc5ff3c08","0.00632911392405063","1","1","3","quality_high"
"1338","px_fdc0018bc5ff3c08","0.00632911392405063","1","1","3","quality_low"
"1339","px_fdc0018bc5ff3c08","0.00632911392405063","1","1","3","quality_high"
"1340","px_fdc0018bc5ff3c08","0.00632911392405063","1","1","3","quality_high"
"1341","px_fdc0018bc5ff3c08","0.00632911392405063","1","2","3","quality_low"
"1342","px_fdc0018bc5ff3c08","0.00632911392405063","2","1","3","quality_low"
"1343","px_fdc0018bc5ff3c08","0.00632911392405063","1","1","3","quality_low"
"1344","px_fdc0018bc5ff3c08","0.00632911392405063","1","1","3","quality_low"
"1345","px_fdc0018bc5ff3c08","0.00632911392405063","1","1","2","quality_low"
"1346","px_fdc0018bc5ff3c08","0.00632911392405063","1","1","3","quality_low"
"1347","px_fdc0018bc5ff3c08","0.00632911392405063","1","1","2","quality_low"
"1348","px_fdc0018bc5ff3c08","0.00632911392405063","1","1","2","quality_low"
"1349","px_fdc0018bc5ff3c08","0.00632911392405063","1","1","3","quality_low"
"1350","px_fdc0018bc5ff3c08","0.00632911392405063","1","1","3","quality_high"
"1351","px_fdc0018bc5ff3c08","0.00632911392405063","1","1","2","quality_high"
"1352","px_fdc0018bc5ff3c08","0.00632911392405063","1","1","3","quality_high"
"1353","px_fdc0018bc5ff3c08","0.00632911392405063","1","1","2","quality_low"
"1354","px_fdc0018bc5ff3c08","0.00632911392405063","1","1","3","quality_low"
"1355","px_fdc0018bc5ff3c08","0.00632911392405063","1","1","2","quality_low"
"1356","px_fdc0018bc5ff3c08","0.00632911392405063","1","1","3","quality_low"
"1357","px_fdc0018bc5ff3c08","0.00632911392405063","1","1","2","quality_low"
"1358","px_fdc0018bc5ff3c08","0.00632911392405063","1","1","3","quality_low"
"1359","px_fdc0018bc5ff3c08","0.00632911392405063","1","1","3","quality_low"
"1360","px_fdc0018bc5ff3c08","0.00632911392405063","1","1","2","quality_high"
"1361","px_fdc0018bc5ff3c08","0.00632911392405063","1","1","3","quality_high"
"1362","px_fdc0018bc5ff3c08","0.00632911392405063","1","1","3","quality_high"
"1363","px_fdc0018bc5ff3c08","0.00632911392405063","1","1","3","quality_high"
"1364","px_fdc0018bc5ff3c08","0.00632911392405063","1","1","3","quality_high"
"1365","px_fdc0018bc5ff3c08","0.00632911392405063","1","1","3","quality_high"
"1366","px_fdc0018bc5ff3c08","0.00632911392405063","1","1","3","quality_high"
"1367","px_fdc0018bc5ff3c08","0.00632911392405063","1","1","2","quality_high"
"1368","px_fdc0018bc5ff3c08","0.00632911392405063","1","1","3","quality_high"
"1369","px_fdc0018bc5ff3c08","0.00632911392405063","1","1","2","quality_high"
"1370","px_fdc0018bc5ff3c08","0.00632911392405063","1","1","2","quality_low"
"1371","px_fdc0018bc5ff3c08","0.00632911392405063","1","1","3","quality_low"
"1372","px_fdc0018bc5ff3c08","0.00632911392405063","1","1","2","quality_low"
"1373","px_fdc0018bc5ff3c08","0.00632911392405063","1","1","2","quality_low"
"1374","px_fdc0018bc5ff3c08","0.00632911392405063","1","1","3","quality_low"
"1375","px_fdc0018bc5ff3c08","0.00632911392405063","1","1","3","quality_low"
"1376","px_fdc0018bc5ff3c08","0.00632911392405063","1","1","3","quality_low"
"1377","px_fdc0018bc5ff3c08","0.00632911392405063","1","1","2","quality_low"
"1378","px_fdc0018bc5ff3c08","0.00632911392405063","1","1","2","quality_low"
"1379","px_fdc0018bc5ff3c08","0.00632911392405063","1","2","3","quality_low"
"1380","px_fdc0018bc5ff3c08","0.00632911392405063","2","1","3","quality_low"
"1381","px_fdc0018bc5ff3c08","0.00632911392405063","1","1","2","quality_low"
"1382","px_fdc0018bc5ff3c08","0.00632911392405063","1","1","1","quality_low"
"1383","px_fdc0018bc5ff3c08","0.00632911392405063","1","1","1","quality_low"
"1384","px_fdc0018bc5ff3c08","0.00632911392405063","1","1","2","quality_high"
"1385","px_fdc0018bc5ff3c08","0.00632911392405063","1","1","2","quality_low"
"1386","px_fdc0018bc5ff3c08","0.00632911392405063","1","2","2","quality_low"
"1387","px_fdc0018bc5ff3c08","0.00632911392405063","2","2","2","quality_high"
"1388","px_fdc0018bc5ff3c08","0.00632911392405063","2","1","2","quality_high"
"1389","px_fdc0018bc5ff3c08","0.00632911392405063","1","1","2","quality_low"
"1390","px_fdc0018bc5ff3c08","0.00632911392405063","1","1","3","quality_low"
"1391","px_fdc0018bc5ff3c08","0.00632911392405063","1","1","3","quality_low"
"1392","px_fdc0018bc5ff3c08","0.00632911392405063","1","1","2","quality_low"
"1393","px_fdc0018bc5ff3c08","0.00632911392405063","1","2","1","quality_high"
"1394","px_fdc0018bc5ff3c08","0.00632911392405063","2","1","2","quality_high"
"1395","px_fdc0018bc5ff3c08","0.00632911392405063","1","2","2","quality_low"
"1396","px_fdc0018bc5ff3c08","0.00632911392405063","2","1","2","quality_low"
"1397","px_fdc0018bc5ff3c08","0.00632911392405063","1","3","2","quality_low"
"1398","px_fdc0018bc5ff3c08","0.00632911392405063","3","2","2","quality_low"
"1399","px_fdc0018bc5ff3c08","0.00632911392405063","2","2","2","quality_low"
"1400","px_fdc0018bc5ff3c08","0.00632911392405063","2","3","2","quality_low"
"1401","px_fdc0018bc5ff3c08","0.00632911392405063","3","2","2","quality_high"
"1402","px_fdc0018bc5ff3c08","0.00632911392405063","2","2","2","quality_high"
"1403","px_fdc0018bc5ff3c08","0.00632911392405063","2","3","2","quality_low"
"1404","px_fdc0018bc5ff3c08","0.00632911392405063","3","2","2","quality_low"
"1405","px_fdc0018bc5ff3c08","0.00632911392405063","2","1","2","quality_low"
"1406","px_fdc0018bc5ff3c08","0.00632911392405063","1","1","2","quality_low"
"1407","px_fdc0018bc5ff3c08","0.00632911392405063","1","1","2","quality_low"
"1408","px_fdc0018bc5ff3c08","0.00632911392405063","1","1","2","quality_low"
"1409","px_fdc0018bc5ff3c08","0.00632911392405063","1","1","2","quality_low"
"1410","px_fdc0018bc5ff3c08","0.00632911392405063","1","1","2","quality_high"
"1411","px_fdc0018bc5ff3c08","0.00632911392405063","1","1","2","quality_high"
"1412","px_fdc0018bc5ff3c08","0.00632911392405063","1","1","3","quality_high"
"1413","px_fdc0018bc5ff3c08","0.00632911392405063","1","1","2","quality_low"
"1414","px_fdc0018bc5ff3c08","0.00632911392405063","1","1","2","quality_high"
"1415","px_fdc0018bc5ff3c08","0.00632911392405063","1","1","2","quality_low"
"1416","px_fdc0018bc5ff3c08","0.00632911392405063","1","1","2","quality_low"
"1417","px_fdc0018bc5ff3c08","0.00632911392405063","1","1","1","quality_low"
"1418","px_fdc0018bc5ff3c08","0.00632911392405063","1","1","2","quality_low"
"1419","px_fdc0018bc5ff3c08","0.00632911392405063","1","1","2","quality_low"
"1420","px_fdc0018bc5ff3c08","0.00632911392405063","1","1","1","quality_low"
"1421","px_fdc0018bc5ff3c08","0.00632911392405063","1","1","2","quality_low"
"1422","px_fdc0018bc5ff3c08","0.00632911392405063","1","1","1","quality_low"
"1423","px_fdc0018bc5ff3c08","0.00632911392405063","1","1","1","quality_low"
"1424","px_fdc0018bc5ff3c08","0.00632911392405063","1","1","2","quality_low"
"1425","px_fdc0018bc5ff3c08","0.00632911392405063","1","1","1","quality_low"
"1426","px_fdc0018bc5ff3c08","0.00632911392405063","1","1","1","quality_low"
"1427","px_fdc0018bc5ff3c08","0.00632911392405063","1","1","1","quality_low"
"1428","px_fdc0018bc5ff3c08","0.00632911392405063","1","1","1","quality_high"
"1429","px_fdc0018bc5ff3c08","0.00632911392405063","1","1","2","quality_high"
"1430","px_fdc0018bc5ff3c08","0.00632911392405063","1","1","3","quality_high"
"1431","px_fdc0018bc5ff3c08","0.00632911392405063","1","1","1","quality_high"
"1432","px_fdc0018bc5ff3c08","0.00632911392405063","1","2","1","quality_high"
"1433","px_fdc0018bc5ff3c08","0.00632911392405063","2","1","2","quality_high"
"1434","px_fdc0018bc5ff3c08","0.00632911392405063","1","1","1","quality_high"
"1435","px_fdc0018bc5ff3c08","0.00632911392405063","1","1","2","quality_high"
"1436","px_fdc0018bc5ff3c08","0.00632911392405063","1","1","1","quality_high"
"1437","px_fdc0018bc5ff3c08","0.00632911392405063","1","1","2","quality_high"
"1438","px_fdc0018bc5ff3c08","0.00632911392405063","1","1","1","quality_high"
"1439","px_fdc0018bc5ff3c08","0.00632911392405063","1","1","1","quality_high"
"1440","px_fdc0018bc5ff3c08","0.00632911392405063","1","1","2","quality_high"
"1441","px_fdc0018bc5ff3c08","0.00632911392405063","1","1","2","quality_low"
"1442","px_fdc0018bc5ff3c08","0.00632911392405063","1","1","1","quality_high"
"1443","px_fdc0018bc5ff3c08","0.00632911392405063","1","1","1","quality_high"
"1444","px_fdc0018bc5ff3c08","0.00632911392405063","1","1","1","quality_high"
"1445","px_fdc0018bc5ff3c08","0.00632911392405063","1","1","2","quality_high"
"1446","px_fdc0018bc5ff3c08","0.00632911392405063","1","1","2","quality_high"
"1447","px_fdc0018bc5ff3c08","0.00632911392405063","1","1","2","quality_high"
"1448","px_fdc0018bc5ff3c08","0.00632911392405063","1","1","2","quality_high"
"1449","px_fdc0018bc5ff3c08","0.00632911392405063","1","1","2","quality_high"
"1450","px_fdc0018bc5ff3c08","0.00632911392405063","1","1","2","quality_high"
"1451","px_fdc0018bc5ff3c08","0.00632911392405063","1","1","3","quality_high"
"1452","px_fdc0018bc5ff3c08","0.00632911392405063","1","1","2","quality_high"
"1453","px_fdc0018bc5ff3c08","0.00632911392405063","1","1","2","quality_high"
"1454","px_fdc0018bc5ff3c08","0.00632911392405063","1","1","2","quality_high"
"1455","px_fdc0018bc5ff3c08","0.00632911392405063","1","1","2","quality_high"
"1456","px_fdc0018bc5ff3c08","0.00632911392405063","1","1","2","quality_high"
"1457","px_fdc0018bc5ff3c08","0.00632911392405063","1","1","3","quality_high"
"1458","px_fdc0018bc5ff3c08","0.00632911392405063","1","1","3","quality_high"
"1459","px_fdc0018bc5ff3c08","0.00632911392405063","1","1","3","quality_low"
"1460","px_fdc0018bc5ff3c08","0.00632911392405063","1","1","3","quality_low"
"1461","px_fdc0018bc5ff3c08","0.00632911392405063","1","2","3","quality_high"
"1462","px_fdc0018bc5ff3c08","0.00632911392405063","2","1","2","quality_high"
"1463","px_fdc0018bc5ff3c08","0.00632911392405063","1","1","2","quality_high"
"1464","px_fdc0018bc5ff3c08","0.00632911392405063","1","1","3","quality_high"
"1465","px_fdc0018bc5ff3c08","0.00632911392405063","1","2","2","quality_high"
"1466","px_fdc0018bc5ff3c08","0.00632911392405063","2","1","2","quality_low"
"1467","px_fdc0018bc5ff3c08","0.00632911392405063","1","1","3","quality_low"
"1468","px_fdc0018bc5ff3c08","0.00632911392405063","1","1","2","quality_high"
"1469","px_fdc0018bc5ff3c08","0.00632911392405063","1","1","2","quality_high"
"1470","px_fdc0018bc5ff3c08","0.00632911392405063","1","1","3","quality_high"
"1471","px_fdc0018bc5ff3c08","0.00632911392405063","1","1","2","quality_high"
"1472","px_fdc0018bc5ff3c08","0.00632911392405063","1","1","2","quality_high"
"1473","px_fdc0018bc5ff3c08","0.00632911392405063","1","1","2","quality_low"
"1474","px_fdc0018bc5ff3c08","0.00632911392405063","1","1","1","quality_low"
"1475","px_fdc0018bc5ff3c08","0.00632911392405063","1","1","2","quality_high"
"1476","px_38b1fc11ffa387fe","0.02","1","2","3","quality_low"
"1477","px_38b1fc11ffa387fe","0.02","2","1","3","quality_low"
"1478","px_38b1fc11ffa387fe","0.02","1","2","3","quality_low"
"1479","px_38b1fc11ffa387fe","0.02","2","1","2","quality_low"
"1480","px_38b1fc11ffa387fe","0.02","1","1","2","quality_low"
"1481","px_38b1fc11ffa387fe","0.02","1","1","3","quality_low"
"1482","px_38b1fc11ffa387fe","0.02","1","1","3","quality_low"
"1483","px_38b1fc11ffa387fe","0.02","1","1","3","quality_low"
"1484","px_38b1fc11ffa387fe","0.02","1","2","3","quality_low"
"1485","px_38b1fc11ffa387fe","0.02","2","1","2","quality_low"
"1486","px_38b1fc11ffa387fe","0.02","1","1","2","quality_low"
"1487","px_38b1fc11ffa387fe","0.02","1","1","2","quality_low"
"1488","px_38b1fc11ffa387fe","0.02","1","1","3","quality_low"
"1489","px_38b1fc11ffa387fe","0.02","1","1","2","quality_low"
"1490","px_38b1fc11ffa387fe","0.02","1","1","3","quality_high"
"1491","px_38b1fc11ffa387fe","0.02","1","1","3","quality_low"
"1492","px_38b1fc11ffa387fe","0.02","1","2","3","quality_high"
"1493","px_38b1fc11ffa387fe","0.02","2","1","3","quality_low"
"1494","px_38b1fc11ffa387fe","0.02","1","1","2","quality_low"
"1495","px_38b1fc11ffa387fe","0.02","1","2","3","quality_low"
"1496","px_38b1fc11ffa387fe","0.02","2","2","3","quality_low"
"1497","px_38b1fc11ffa387fe","0.02","2","1","3","quality_low"
"1498","px_38b1fc11ffa387fe","0.02","1","1","3","quality_low"
"1499","px_38b1fc11ffa387fe","0.02","1","1","3","quality_low"
"1500","px_38b1fc11ffa387fe","0.02","1","1","3","quality_low"
"1501","px_38b1fc11ffa387fe","0.02","1","1","3","quality_low"
"1502","px_38b1fc11ffa387fe","0.02","1","1","3","quality_low"
"1503","px_38b1fc11ffa387fe","0.02","1","1","3","quality_low"
"1504","px_38b1fc11ffa387fe","0.02","1","1","3","quality_low"
"1505","px_38b1fc11ffa387fe","0.02","1","1","3","quality_low"
"1506","px_38b1fc11ffa387fe","0.02","1","1","3","quality_low"
"1507","px_38b1fc11ffa387fe","0.02","1","1","3","quality_low"
"1508","px_38b1fc11ffa387fe","0.02","1","1","3","quality_low"
"1509","px_38b1fc11ffa387fe","0.02","1","2","3","quality_low"
"1510","px_38b1fc11ffa387fe","0.02","2","1","3","quality_low"
"1511","px_38b1fc11ffa387fe","0.02","1","2","3","quality_low"
"1512","px_38b1fc11ffa387fe","0.02","2","2","3","quality_low"
"1513","px_38b1fc11ffa387fe","0.02","2","1","3","quality_low"
"1514","px_38b1fc11ffa387fe","0.02","1","1","3","quality_low"
"1515","px_38b1fc11ffa387fe","0.02","1","1","3","quality_high"
"1516","px_38b1fc11ffa387fe","0.02","1","1","3","quality_high"
"1517","px_38b1fc11ffa387fe","0.02","1","2","3","quality_high"
"1518","px_38b1fc11ffa387fe","0.02","2","1","3","quality_high"
"1519","px_38b1fc11ffa387fe","0.02","1","1","3","quality_high"
"1520","px_38b1fc11ffa387fe","0.02","1","1","3","quality_high"
"1521","px_38b1fc11ffa387fe","0.02","1","1","3","quality_high"
"1522","px_38b1fc11ffa387fe","0.02","1","1","3","quality_high"
"1523","px_38b1fc11ffa387fe","0.02","1","2","3","quality_high"
"1524","px_38b1fc11ffa387fe","0.02","2","2","2","quality_high"
"1525","px_38b1fc11ffa387fe","0.02","2","2","3","quality_high"
"1526","px_752e9cde5966d5c9","0.0476190476190476","3","2","1","quality_low"
"1527","px_752e9cde5966d5c9","0.0476190476190476","2","2","1","quality_low"
"1528","px_752e9cde5966d5c9","0.0476190476190476","2","2","1","quality_low"
"1529","px_752e9cde5966d5c9","0.0476190476190476","2","3","1","quality_low"
"1530","px_752e9cde5966d5c9","0.0476190476190476","3","2","1","quality_low"
"1531","px_752e9cde5966d5c9","0.0476190476190476","1","1","1","quality_low"
"1532","px_752e9cde5966d5c9","0.0476190476190476","1","3","1","quality_low"
"1533","px_752e9cde5966d5c9","0.0476190476190476","2","2","1","quality_low"
"1534","px_752e9cde5966d5c9","0.0476190476190476","2","2","1","quality_low"
"1535","px_752e9cde5966d5c9","0.0476190476190476","2","2","1","quality_low"
"1536","px_752e9cde5966d5c9","0.0476190476190476","2","2","1","quality_low"
"1537","px_752e9cde5966d5c9","0.0476190476190476","2","2","1","quality_high"
"1538","px_752e9cde5966d5c9","0.0476190476190476","2","2","1","quality_high"
"1539","px_752e9cde5966d5c9","0.0476190476190476","2","2","1","quality_high"
"1540","px_752e9cde5966d5c9","0.0476190476190476","2","2","1","quality_high"
"1541","px_752e9cde5966d5c9","0.0476190476190476","2","2","2","quality_high"
"1542","px_752e9cde5966d5c9","0.0476190476190476","2","2","1","quality_high"
"1543","px_752e9cde5966d5c9","0.0476190476190476","2","2","1","quality_low"
"1544","px_752e9cde5966d5c9","0.0476190476190476","2","2","1","quality_low"
"1545","px_752e9cde5966d5c9","0.0476190476190476","2","3","2","quality_high"
"1546","px_752e9cde5966d5c9","0.0476190476190476","3","2","2","quality_high"
"1547","px_bdf047c5bda3809c","0.00813008130081301","3","3","2","quality_low"
"1548","px_bdf047c5bda3809c","0.00813008130081301","3","2","3","quality_low"
"1549","px_bdf047c5bda3809c","0.00813008130081301","2","2","3","quality_low"
"1550","px_bdf047c5bda3809c","0.00813008130081301","2","3","3","quality_low"
"1551","px_bdf047c5bda3809c","0.00813008130081301","3","3","3","quality_low"
"1552","px_bdf047c5bda3809c","0.00813008130081301","3","3","2","quality_low"
"1553","px_bdf047c5bda3809c","0.00813008130081301","3","3","2","quality_low"
"1554","px_bdf047c5bda3809c","0.00813008130081301","3","3","2","quality_low"
"1555","px_bdf047c5bda3809c","0.00813008130081301","3","3","2","quality_low"
"1556","px_bdf047c5bda3809c","0.00813008130081301","3","3","3","quality_low"
"1557","px_bdf047c5bda3809c","0.00813008130081301","3","2","3","quality_low"
"1558","px_bdf047c5bda3809c","0.00813008130081301","2","2","3","quality_low"
"1559","px_bdf047c5bda3809c","0.00813008130081301","2","3","3","quality_low"
"1560","px_bdf047c5bda3809c","0.00813008130081301","3","3","3","quality_low"
"1561","px_bdf047c5bda3809c","0.00813008130081301","3","3","3","quality_low"
"1562","px_bdf047c5bda3809c","0.00813008130081301","3","2","3","quality_low"
"1563","px_bdf047c5bda3809c","0.00813008130081301","2","2","3","quality_low"
"1564","px_bdf047c5bda3809c","0.00813008130081301","2","2","3","quality_low"
"1565","px_bdf047c5bda3809c","0.00813008130081301","2","2","3","quality_high"
"1566","px_bdf047c5bda3809c","0.00813008130081301","2","2","3","quality_low"
"1567","px_bdf047c5bda3809c","0.00813008130081301","2","3","3","quality_high"
"1568","px_bdf047c5bda3809c","0.00813008130081301","3","2","2","quality_low"
"1569","px_bdf047c5bda3809c","0.00813008130081301","2","3","3","quality_high"
"1570","px_bdf047c5bda3809c","0.00813008130081301","3","3","3","quality_high"
"1571","px_bdf047c5bda3809c","0.00813008130081301","3","2","2","quality_high"
"1572","px_bdf047c5bda3809c","0.00813008130081301","2","2","3","quality_low"
"1573","px_bdf047c5bda3809c","0.00813008130081301","2","3","2","quality_high"
"1574","px_bdf047c5bda3809c","0.00813008130081301","3","3","3","quality_high"
"1575","px_bdf047c5bda3809c","0.00813008130081301","3","3","2","quality_high"
"1576","px_bdf047c5bda3809c","0.00813008130081301","3","2","2","quality_high"
"1577","px_bdf047c5bda3809c","0.00813008130081301","2","2","3","quality_high"
"1578","px_bdf047c5bda3809c","0.00813008130081301","2","2","3","quality_high"
"1579","px_bdf047c5bda3809c","0.00813008130081301","2","3","3","quality_high"
"1580","px_bdf047c5bda3809c","0.00813008130081301","3","2","3","quality_high"
"1581","px_bdf047c5bda3809c","0.00813008130081301","2","2","3","quality_high"
"1582","px_bdf047c5bda3809c","0.00813008130081301","2","2","2","quality_high"
"1583","px_bdf047c5bda3809c","0.00813008130081301","2","2","3","quality_high"
"1584","px_bdf047c5bda3809c","0.00813008130081301","2","3","3","quality_high"
"1585","px_bdf047c5bda3809c","0.00813008130081301","3","3","2","quality_high"
"1586","px_bdf047c5bda3809c","0.00813008130081301","3","3","3","quality_high"
"1587","px_bdf047c5bda3809c","0.00813008130081301","3","2","3","quality_high"
"1588","px_bdf047c5bda3809c","0.00813008130081301","2","2","3","quality_high"
"1589","px_bdf047c5bda3809c","0.00813008130081301","2","2","3","quality_high"
"1590","px_bdf047c5bda3809c","0.00813008130081301","2","3","3","quality_high"
"1591","px_bdf047c5bda3809c","0.00813008130081301","3","3","3","quality_high"
"1592","px_bdf047c5bda3809c","0.00813008130081301","3","2","3","quality_high"
"1593","px_bdf047c5bda3809c","0.00813008130081301","2","3","2","quality_high"
"1594","px_bdf047c5bda3809c","0.00813008130081301","3","2","2","quality_high"
"1595","px_bdf047c5bda3809c","0.00813008130081301","2","3","3","quality_high"
"1596","px_bdf047c5bda3809c","0.00813008130081301","3","3","3","quality_high"
"1597","px_bdf047c5bda3809c","0.00813008130081301","3","3","3","quality_high"
"1598","px_bdf047c5bda3809c","0.00813008130081301","3","3","2","quality_high"
"1599","px_bdf047c5bda3809c","0.00813008130081301","3","3","2","quality_high"
"1600","px_bdf047c5bda3809c","0.00813008130081301","3","3","2","quality_high"
"1601","px_bdf047c5bda3809c","0.00813008130081301","3","3","2","quality_high"
"1602","px_bdf047c5bda3809c","0.00813008130081301","3","2","2","quality_low"
"1603","px_bdf047c5bda3809c","0.00813008130081301","2","3","3","quality_high"
"1604","px_bdf047c5bda3809c","0.00813008130081301","3","3","2","quality_high"
"1605","px_bdf047c5bda3809c","0.00813008130081301","3","2","2","quality_high"
"1606","px_bdf047c5bda3809c","0.00813008130081301","2","3","2","quality_high"
"1607","px_bdf047c5bda3809c","0.00813008130081301","3","3","2","quality_high"
"1608","px_bdf047c5bda3809c","0.00813008130081301","3","3","2","quality_high"
"1609","px_bdf047c5bda3809c","0.00813008130081301","3","3","2","quality_high"
"1610","px_bdf047c5bda3809c","0.00813008130081301","3","3","3","quality_low"
"1611","px_bdf047c5bda3809c","0.00813008130081301","3","2","3","quality_low"
"1612","px_bdf047c5bda3809c","0.00813008130081301","2","3","3","quality_low"
"1613","px_bdf047c5bda3809c","0.00813008130081301","3","2","3","quality_low"
"1614","px_bdf047c5bda3809c","0.00813008130081301","2","3","3","quality_low"
"1615","px_bdf047c5bda3809c","0.00813008130081301","3","3","3","quality_low"
"1616","px_bdf047c5bda3809c","0.00813008130081301","3","3","3","quality_low"
"1617","px_bdf047c5bda3809c","0.00813008130081301","3","3","3","quality_high"
"1618","px_bdf047c5bda3809c","0.00813008130081301","3","2","2","quality_high"
"1619","px_bdf047c5bda3809c","0.00813008130081301","2","3","2","quality_high"
"1620","px_bdf047c5bda3809c","0.00813008130081301","3","3","2","quality_high"
"1621","px_bdf047c5bda3809c","0.00813008130081301","3","3","2","quality_high"
"1622","px_bdf047c5bda3809c","0.00813008130081301","3","3","2","quality_high"
"1623","px_bdf047c5bda3809c","0.00813008130081301","3","3","2","quality_high"
"1624","px_bdf047c5bda3809c","0.00813008130081301","3","3","3","quality_high"
"1625","px_bdf047c5bda3809c","0.00813008130081301","3","3","2","quality_high"
"1626","px_bdf047c5bda3809c","0.00813008130081301","3","3","3","quality_low"
"1627","px_bdf047c5bda3809c","0.00813008130081301","3","3","2","quality_high"
"1628","px_bdf047c5bda3809c","0.00813008130081301","3","3","2","quality_high"
"1629","px_bdf047c5bda3809c","0.00813008130081301","3","2","1","quality_high"
"1630","px_bdf047c5bda3809c","0.00813008130081301","2","2","2","quality_high"
"1631","px_bdf047c5bda3809c","0.00813008130081301","2","3","2","quality_high"
"1632","px_bdf047c5bda3809c","0.00813008130081301","3","3","3","quality_high"
"1633","px_bdf047c5bda3809c","0.00813008130081301","3","2","2","quality_high"
"1634","px_bdf047c5bda3809c","0.00813008130081301","2","3","2","quality_high"
"1635","px_bdf047c5bda3809c","0.00813008130081301","3","2","2","quality_high"
"1636","px_bdf047c5bda3809c","0.00813008130081301","2","2","2","quality_high"
"1637","px_bdf047c5bda3809c","0.00813008130081301","2","2","2","quality_high"
"1638","px_bdf047c5bda3809c","0.00813008130081301","2","2","2","quality_high"
"1639","px_bdf047c5bda3809c","0.00813008130081301","2","2","2","quality_high"
"1640","px_bdf047c5bda3809c","0.00813008130081301","2","3","2","quality_high"
"1641","px_bdf047c5bda3809c","0.00813008130081301","3","3","2","quality_high"
"1642","px_bdf047c5bda3809c","0.00813008130081301","3","3","2","quality_high"
"1643","px_bdf047c5bda3809c","0.00813008130081301","3","3","2","quality_high"
"1644","px_bdf047c5bda3809c","0.00813008130081301","3","3","2","quality_high"
"1645","px_bdf047c5bda3809c","0.00813008130081301","3","3","2","quality_high"
"1646","px_bdf047c5bda3809c","0.00813008130081301","3","2","2","quality_high"
"1647","px_bdf047c5bda3809c","0.00813008130081301","2","3","3","quality_high"
"1648","px_bdf047c5bda3809c","0.00813008130081301","3","3","2","quality_high"
"1649","px_bdf047c5bda3809c","0.00813008130081301","3","3","2","quality_high"
"1650","px_bdf047c5bda3809c","0.00813008130081301","3","2","2","quality_high"
"1651","px_bdf047c5bda3809c","0.00813008130081301","2","3","2","quality_high"
"1652","px_bdf047c5bda3809c","0.00813008130081301","3","2","2","quality_high"
"1653","px_bdf047c5bda3809c","0.00813008130081301","2","2","2","quality_high"
"1654","px_bdf047c5bda3809c","0.00813008130081301","2","2","3","quality_high"
"1655","px_bdf047c5bda3809c","0.00813008130081301","2","3","3","quality_low"
"1656","px_bdf047c5bda3809c","0.00813008130081301","3","3","2","quality_low"
"1657","px_bdf047c5bda3809c","0.00813008130081301","3","3","2","quality_high"
"1658","px_bdf047c5bda3809c","0.00813008130081301","3","3","2","quality_high"
"1659","px_bdf047c5bda3809c","0.00813008130081301","3","2","3","quality_low"
"1660","px_bdf047c5bda3809c","0.00813008130081301","2","2","3","quality_high"
"1661","px_bdf047c5bda3809c","0.00813008130081301","2","3","3","quality_high"
"1662","px_bdf047c5bda3809c","0.00813008130081301","3","3","3","quality_low"
"1663","px_bdf047c5bda3809c","0.00813008130081301","3","3","3","quality_low"
"1664","px_bdf047c5bda3809c","0.00813008130081301","3","3","3","quality_low"
"1665","px_bdf047c5bda3809c","0.00813008130081301","3","3","3","quality_low"
"1666","px_bdf047c5bda3809c","0.00813008130081301","3","3","3","quality_high"
"1667","px_bdf047c5bda3809c","0.00813008130081301","3","2","3","quality_high"
"1668","px_bdf047c5bda3809c","0.00813008130081301","2","2","2","quality_high"
"1669","px_bdf047c5bda3809c","0.00813008130081301","2","2","2","quality_high"
"1670","px_6222034777b3c9e8","0.0158730158730159","2","2","1","quality_low"
"1671","px_6222034777b3c9e8","0.0158730158730159","2","2","1","quality_low"
"1672","px_6222034777b3c9e8","0.0158730158730159","2","2","1","quality_low"
"1673","px_6222034777b3c9e8","0.0158730158730159","2","2","1","quality_low"
"1674","px_6222034777b3c9e8","0.0158730158730159","2","2","2","quality_low"
"1675","px_6222034777b3c9e8","0.0158730158730159","2","2","1","quality_low"
"1676","px_6222034777b3c9e8","0.0158730158730159","2","2","1","quality_low"
"1677","px_6222034777b3c9e8","0.0158730158730159","2","2","3","quality_high"
"1678","px_6222034777b3c9e8","0.0158730158730159","2","2","3","quality_low"
"1679","px_6222034777b3c9e8","0.0158730158730159","2","2","3","quality_high"
"1680","px_6222034777b3c9e8","0.0158730158730159","2","2","3","quality_high"
"1681","px_6222034777b3c9e8","0.0158730158730159","2","2","3","quality_low"
"1682","px_6222034777b3c9e8","0.0158730158730159","2","2","3","quality_low"
"1683","px_6222034777b3c9e8","0.0158730158730159","2","3","2","quality_low"
"1684","px_6222034777b3c9e8","0.0158730158730159","3","2","2","quality_low"
"1685","px_6222034777b3c9e8","0.0158730158730159","2","2","3","quality_low"
"1686","px_6222034777b3c9e8","0.0158730158730159","2","2","2","quality_low"
"1687","px_6222034777b3c9e8","0.0158730158730159","2","3","3","quality_low"
"1688","px_6222034777b3c9e8","0.0158730158730159","3","2","2","quality_low"
"1689","px_6222034777b3c9e8","0.0158730158730159","2","2","2","quality_low"
"1690","px_6222034777b3c9e8","0.0158730158730159","2","2","2","quality_low"
"1691","px_6222034777b3c9e8","0.0158730158730159","2","2","2","quality_low"
"1692","px_6222034777b3c9e8","0.0158730158730159","2","2","2","quality_high"
"1693","px_6222034777b3c9e8","0.0158730158730159","2","2","2","quality_low"
"1694","px_6222034777b3c9e8","0.0158730158730159","2","2","2","quality_low"
"1695","px_6222034777b3c9e8","0.0158730158730159","2","2","2","quality_high"
"1696","px_6222034777b3c9e8","0.0158730158730159","2","1","2","quality_high"
"1697","px_6222034777b3c9e8","0.0158730158730159","1","2","2","quality_high"
"1698","px_6222034777b3c9e8","0.0158730158730159","2","1","2","quality_low"
"1699","px_6222034777b3c9e8","0.0158730158730159","1","1","2","quality_low"
"1700","px_6222034777b3c9e8","0.0158730158730159","1","2","2","quality_high"
"1701","px_6222034777b3c9e8","0.0158730158730159","2","2","2","quality_high"
"1702","px_6222034777b3c9e8","0.0158730158730159","2","2","2","quality_low"
"1703","px_6222034777b3c9e8","0.0158730158730159","2","3","2","quality_high"
"1704","px_6222034777b3c9e8","0.0158730158730159","3","3","2","quality_low"
"1705","px_6222034777b3c9e8","0.0158730158730159","3","2","2","quality_high"
"1706","px_6222034777b3c9e8","0.0158730158730159","2","2","3","quality_low"
"1707","px_6222034777b3c9e8","0.0158730158730159","2","2","3","quality_low"
"1708","px_6222034777b3c9e8","0.0158730158730159","2","1","2","quality_high"
"1709","px_6222034777b3c9e8","0.0158730158730159","1","2","2","quality_high"
"1710","px_6222034777b3c9e8","0.0158730158730159","2","1","3","quality_high"
"1711","px_6222034777b3c9e8","0.0158730158730159","1","1","1","quality_low"
"1712","px_6222034777b3c9e8","0.0158730158730159","1","1","2","quality_high"
"1713","px_6222034777b3c9e8","0.0158730158730159","1","1","2","quality_high"
"1714","px_6222034777b3c9e8","0.0158730158730159","1","1","2","quality_high"
"1715","px_6222034777b3c9e8","0.0158730158730159","1","1","2","quality_high"
"1716","px_6222034777b3c9e8","0.0158730158730159","1","1","1","quality_low"
"1717","px_6222034777b3c9e8","0.0158730158730159","1","2","1","quality_low"
"1718","px_6222034777b3c9e8","0.0158730158730159","2","1","2","quality_high"
"1719","px_6222034777b3c9e8","0.0158730158730159","1","1","1","quality_low"
"1720","px_6222034777b3c9e8","0.0158730158730159","1","1","2","quality_high"
"1721","px_6222034777b3c9e8","0.0158730158730159","1","1","1","quality_high"
"1722","px_6222034777b3c9e8","0.0158730158730159","1","2","2","quality_low"
"1723","px_6222034777b3c9e8","0.0158730158730159","1","1","1","quality_high"
"1724","px_6222034777b3c9e8","0.0158730158730159","1","1","1","quality_high"
"1725","px_6222034777b3c9e8","0.0158730158730159","1","2","1","quality_low"
"1726","px_6222034777b3c9e8","0.0158730158730159","2","1","1","quality_low"
"1727","px_6222034777b3c9e8","0.0158730158730159","1","1","1","quality_low"
"1728","px_6222034777b3c9e8","0.0158730158730159","2","1","2","quality_low"
"1729","px_6222034777b3c9e8","0.0158730158730159","1","1","2","quality_high"
"1730","px_6222034777b3c9e8","0.0158730158730159","1","1","1","quality_high"
"1731","px_6222034777b3c9e8","0.0158730158730159","1","1","1","quality_high"
"1732","px_6222034777b3c9e8","0.0158730158730159","1","3","2","quality_high"
"1733","px_f6a85b15136b2b02","0.00689655172413793","3","3","2","quality_high"
"1734","px_f6a85b15136b2b02","0.00689655172413793","3","3","3","quality_high"
"1735","px_f6a85b15136b2b02","0.00689655172413793","3","3","3","quality_high"
"1736","px_f6a85b15136b2b02","0.00689655172413793","3","3","3","quality_high"
"1737","px_f6a85b15136b2b02","0.00689655172413793","3","3","3","quality_low"
"1738","px_f6a85b15136b2b02","0.00689655172413793","3","3","3","quality_high"
"1739","px_f6a85b15136b2b02","0.00689655172413793","3","3","2","quality_low"
"1740","px_f6a85b15136b2b02","0.00689655172413793","3","3","3","quality_low"
"1741","px_f6a85b15136b2b02","0.00689655172413793","3","3","3","quality_low"
"1742","px_f6a85b15136b2b02","0.00689655172413793","3","3","2","quality_low"
"1743","px_f6a85b15136b2b02","0.00689655172413793","3","3","2","quality_low"
"1744","px_f6a85b15136b2b02","0.00689655172413793","3","3","1","quality_low"
"1745","px_f6a85b15136b2b02","0.00689655172413793","3","3","2","quality_low"
"1746","px_f6a85b15136b2b02","0.00689655172413793","3","3","2","quality_low"
"1747","px_f6a85b15136b2b02","0.00689655172413793","3","3","3","quality_low"
"1748","px_f6a85b15136b2b02","0.00689655172413793","3","3","2","quality_low"
"1749","px_f6a85b15136b2b02","0.00689655172413793","3","3","2","quality_low"
"1750","px_f6a85b15136b2b02","0.00689655172413793","3","3","3","quality_low"
"1751","px_f6a85b15136b2b02","0.00689655172413793","3","3","2","quality_low"
"1752","px_f6a85b15136b2b02","0.00689655172413793","3","3","2","quality_low"
"1753","px_f6a85b15136b2b02","0.00689655172413793","3","3","3","quality_low"
"1754","px_f6a85b15136b2b02","0.00689655172413793","3","3","1","quality_low"
"1755","px_f6a85b15136b2b02","0.00689655172413793","3","3","2","quality_low"
"1756","px_f6a85b15136b2b02","0.00689655172413793","3","3","3","quality_low"
"1757","px_f6a85b15136b2b02","0.00689655172413793","3","3","2","quality_low"
"1758","px_f6a85b15136b2b02","0.00689655172413793","3","3","1","quality_low"
"1759","px_f6a85b15136b2b02","0.00689655172413793","3","3","1","quality_low"
"1760","px_f6a85b15136b2b02","0.00689655172413793","3","3","2","quality_low"
"1761","px_f6a85b15136b2b02","0.00689655172413793","3","3","2","quality_low"
"1762","px_f6a85b15136b2b02","0.00689655172413793","3","3","2","quality_low"
"1763","px_f6a85b15136b2b02","0.00689655172413793","3","3","1","quality_low"
"1764","px_f6a85b15136b2b02","0.00689655172413793","3","3","1","quality_low"
"1765","px_f6a85b15136b2b02","0.00689655172413793","3","3","2","quality_low"
"1766","px_f6a85b15136b2b02","0.00689655172413793","3","3","2","quality_low"
"1767","px_f6a85b15136b2b02","0.00689655172413793","3","3","3","quality_low"
"1768","px_f6a85b15136b2b02","0.00689655172413793","3","3","1","quality_high"
"1769","px_f6a85b15136b2b02","0.00689655172413793","3","3","1","quality_low"
"1770","px_f6a85b15136b2b02","0.00689655172413793","3","3","2","quality_low"
"1771","px_f6a85b15136b2b02","0.00689655172413793","3","3","2","quality_low"
"1772","px_f6a85b15136b2b02","0.00689655172413793","3","3","1","quality_low"
"1773","px_f6a85b15136b2b02","0.00689655172413793","3","3","1","quality_low"
"1774","px_f6a85b15136b2b02","0.00689655172413793","3","3","2","quality_low"
"1775","px_f6a85b15136b2b02","0.00689655172413793","3","3","1","quality_low"
"1776","px_f6a85b15136b2b02","0.00689655172413793","3","3","2","quality_high"
"1777","px_f6a85b15136b2b02","0.00689655172413793","3","3","2","quality_low"
"1778","px_f6a85b15136b2b02","0.00689655172413793","3","3","2","quality_low"
"1779","px_f6a85b15136b2b02","0.00689655172413793","3","3","1","quality_high"
"1780","px_f6a85b15136b2b02","0.00689655172413793","3","3","1","quality_low"
"1781","px_f6a85b15136b2b02","0.00689655172413793","3","3","1","quality_low"
"1782","px_f6a85b15136b2b02","0.00689655172413793","3","3","2","quality_high"
"1783","px_f6a85b15136b2b02","0.00689655172413793","3","3","1","quality_low"
"1784","px_f6a85b15136b2b02","0.00689655172413793","3","3","1","quality_high"
"1785","px_f6a85b15136b2b02","0.00689655172413793","3","3","1","quality_low"
"1786","px_f6a85b15136b2b02","0.00689655172413793","3","3","1","quality_low"
"1787","px_f6a85b15136b2b02","0.00689655172413793","3","3","1","quality_low"
"1788","px_f6a85b15136b2b02","0.00689655172413793","3","3","1","quality_low"
"1789","px_f6a85b15136b2b02","0.00689655172413793","3","3","1","quality_low"
"1790","px_f6a85b15136b2b02","0.00689655172413793","3","3","2","quality_low"
"1791","px_f6a85b15136b2b02","0.00689655172413793","3","3","1","quality_low"
"1792","px_f6a85b15136b2b02","0.00689655172413793","3","3","1","quality_high"
"1793","px_f6a85b15136b2b02","0.00689655172413793","3","3","1","quality_low"
"1794","px_f6a85b15136b2b02","0.00689655172413793","3","3","1","quality_low"
"1795","px_f6a85b15136b2b02","0.00689655172413793","3","3","2","quality_low"
"1796","px_f6a85b15136b2b02","0.00689655172413793","3","3","2","quality_low"
"1797","px_f6a85b15136b2b02","0.00689655172413793","3","3","2","quality_low"
"1798","px_f6a85b15136b2b02","0.00689655172413793","3","3","1","quality_low"
"1799","px_f6a85b15136b2b02","0.00689655172413793","3","3","2","quality_low"
"1800","px_f6a85b15136b2b02","0.00689655172413793","3","3","1","quality_low"
"1801","px_f6a85b15136b2b02","0.00689655172413793","3","3","2","quality_low"
"1802","px_f6a85b15136b2b02","0.00689655172413793","3","3","2","quality_high"
"1803","px_f6a85b15136b2b02","0.00689655172413793","3","3","2","quality_low"
"1804","px_f6a85b15136b2b02","0.00689655172413793","3","3","2","quality_low"
"1805","px_f6a85b15136b2b02","0.00689655172413793","3","3","2","quality_low"
"1806","px_f6a85b15136b2b02","0.00689655172413793","3","3","2","quality_low"
"1807","px_f6a85b15136b2b02","0.00689655172413793","3","3","1","quality_low"
"1808","px_f6a85b15136b2b02","0.00689655172413793","3","3","1","quality_low"
"1809","px_f6a85b15136b2b02","0.00689655172413793","3","3","2","quality_low"
"1810","px_f6a85b15136b2b02","0.00689655172413793","3","3","2","quality_low"
"1811","px_f6a85b15136b2b02","0.00689655172413793","3","3","1","quality_low"
"1812","px_f6a85b15136b2b02","0.00689655172413793","3","3","1","quality_low"
"1813","px_f6a85b15136b2b02","0.00689655172413793","3","3","1","quality_low"
"1814","px_f6a85b15136b2b02","0.00689655172413793","3","3","2","quality_low"
"1815","px_f6a85b15136b2b02","0.00689655172413793","3","3","1","quality_low"
"1816","px_f6a85b15136b2b02","0.00689655172413793","3","3","2","quality_low"
"1817","px_f6a85b15136b2b02","0.00689655172413793","3","3","1","quality_high"
"1818","px_f6a85b15136b2b02","0.00689655172413793","3","3","1","quality_low"
"1819","px_f6a85b15136b2b02","0.00689655172413793","3","3","2","quality_low"
"1820","px_f6a85b15136b2b02","0.00689655172413793","3","3","1","quality_low"
"1821","px_f6a85b15136b2b02","0.00689655172413793","3","3","1","quality_low"
"1822","px_f6a85b15136b2b02","0.00689655172413793","3","3","1","quality_low"
"1823","px_f6a85b15136b2b02","0.00689655172413793","3","3","1","quality_high"
"1824","px_f6a85b15136b2b02","0.00689655172413793","3","3","1","quality_high"
"1825","px_f6a85b15136b2b02","0.00689655172413793","3","3","1","quality_low"
"1826","px_f6a85b15136b2b02","0.00689655172413793","3","3","1","quality_low"
"1827","px_f6a85b15136b2b02","0.00689655172413793","3","3","1","quality_low"
"1828","px_f6a85b15136b2b02","0.00689655172413793","3","3","1","quality_low"
"1829","px_f6a85b15136b2b02","0.00689655172413793","3","3","1","quality_low"
"1830","px_f6a85b15136b2b02","0.00689655172413793","3","3","1","quality_low"
"1831","px_f6a85b15136b2b02","0.00689655172413793","3","3","1","quality_low"
"1832","px_f6a85b15136b2b02","0.00689655172413793","3","3","1","quality_low"
"1833","px_f6a85b15136b2b02","0.00689655172413793","3","3","2","quality_low"
"1834","px_f6a85b15136b2b02","0.00689655172413793","3","3","1","quality_high"
"1835","px_f6a85b15136b2b02","0.00689655172413793","3","3","1","quality_low"
"1836","px_f6a85b15136b2b02","0.00689655172413793","3","3","2","quality_low"
"1837","px_f6a85b15136b2b02","0.00689655172413793","3","3","1","quality_low"
"1838","px_f6a85b15136b2b02","0.00689655172413793","3","3","1","quality_low"
"1839","px_f6a85b15136b2b02","0.00689655172413793","3","3","1","quality_high"
"1840","px_f6a85b15136b2b02","0.00689655172413793","3","3","1","quality_low"
"1841","px_f6a85b15136b2b02","0.00689655172413793","3","3","1","quality_high"
"1842","px_f6a85b15136b2b02","0.00689655172413793","3","3","1","quality_low"
"1843","px_f6a85b15136b2b02","0.00689655172413793","3","3","1","quality_high"
"1844","px_f6a85b15136b2b02","0.00689655172413793","3","3","1","quality_high"
"1845","px_f6a85b15136b2b02","0.00689655172413793","3","3","1","quality_high"
"1846","px_f6a85b15136b2b02","0.00689655172413793","3","3","2","quality_high"
"1847","px_f6a85b15136b2b02","0.00689655172413793","3","3","2","quality_high"
"1848","px_f6a85b15136b2b02","0.00689655172413793","3","3","2","quality_high"
"1849","px_f6a85b15136b2b02","0.00689655172413793","3","3","2","quality_low"
"1850","px_f6a85b15136b2b02","0.00689655172413793","3","3","1","quality_high"
"1851","px_f6a85b15136b2b02","0.00689655172413793","3","3","1","quality_high"
"1852","px_f6a85b15136b2b02","0.00689655172413793","3","3","2","quality_high"
"1853","px_f6a85b15136b2b02","0.00689655172413793","3","3","1","quality_high"
"1854","px_f6a85b15136b2b02","0.00689655172413793","3","3","1","quality_low"
"1855","px_f6a85b15136b2b02","0.00689655172413793","3","3","1","quality_high"
"1856","px_f6a85b15136b2b02","0.00689655172413793","3","3","1","quality_high"
"1857","px_f6a85b15136b2b02","0.00689655172413793","3","3","1","quality_high"
"1858","px_f6a85b15136b2b02","0.00689655172413793","3","3","2","quality_high"
"1859","px_f6a85b15136b2b02","0.00689655172413793","3","3","2","quality_high"
"1860","px_f6a85b15136b2b02","0.00689655172413793","3","3","1","quality_high"
"1861","px_f6a85b15136b2b02","0.00689655172413793","3","3","2","quality_high"
"1862","px_f6a85b15136b2b02","0.00689655172413793","3","3","1","quality_high"
"1863","px_f6a85b15136b2b02","0.00689655172413793","3","3","1","quality_high"
"1864","px_f6a85b15136b2b02","0.00689655172413793","3","3","1","quality_high"
"1865","px_f6a85b15136b2b02","0.00689655172413793","3","3","2","quality_high"
"1866","px_f6a85b15136b2b02","0.00689655172413793","3","3","2","quality_low"
"1867","px_f6a85b15136b2b02","0.00689655172413793","3","3","2","quality_low"
"1868","px_f6a85b15136b2b02","0.00689655172413793","3","3","2","quality_low"
"1869","px_f6a85b15136b2b02","0.00689655172413793","3","3","1","quality_high"
"1870","px_f6a85b15136b2b02","0.00689655172413793","3","3","2","quality_high"
"1871","px_f6a85b15136b2b02","0.00689655172413793","3","3","2","quality_high"
"1872","px_f6a85b15136b2b02","0.00689655172413793","3","3","1","quality_high"
"1873","px_f6a85b15136b2b02","0.00689655172413793","3","3","1","quality_high"
"1874","px_f6a85b15136b2b02","0.00689655172413793","3","3","1","quality_low"
"1875","px_f6a85b15136b2b02","0.00689655172413793","3","3","3","quality_low"
"1876","px_f6a85b15136b2b02","0.00689655172413793","3","3","3","quality_high"
"1877","px_f6a85b15136b2b02","0.00689655172413793","3","3","2","quality_high"
"1878","px_f26980b3939fb220","0.00684931506849315","2","2","2","quality_low"
"1879","px_f26980b3939fb220","0.00684931506849315","2","2","3","quality_low"
"1880","px_f26980b3939fb220","0.00684931506849315","2","2","3","quality_low"
"1881","px_f26980b3939fb220","0.00684931506849315","2","2","3","quality_low"
"1882","px_f26980b3939fb220","0.00684931506849315","2","2","2","quality_low"
"1883","px_f26980b3939fb220","0.00684931506849315","2","2","3","quality_high"
"1884","px_f26980b3939fb220","0.00684931506849315","2","3","3","quality_low"
"1885","px_f26980b3939fb220","0.00684931506849315","3","2","3","quality_low"
"1886","px_f26980b3939fb220","0.00684931506849315","2","2","3","quality_high"
"1887","px_f26980b3939fb220","0.00684931506849315","2","3","3","quality_low"
"1888","px_f26980b3939fb220","0.00684931506849315","3","2","2","quality_low"
"1889","px_f26980b3939fb220","0.00684931506849315","2","2","3","quality_low"
"1890","px_f26980b3939fb220","0.00684931506849315","2","2","3","quality_low"
"1891","px_f26980b3939fb220","0.00684931506849315","2","2","3","quality_low"
"1892","px_f26980b3939fb220","0.00684931506849315","2","2","3","quality_low"
"1893","px_f26980b3939fb220","0.00684931506849315","2","2","3","quality_high"
"1894","px_f26980b3939fb220","0.00684931506849315","2","2","3","quality_high"
"1895","px_f26980b3939fb220","0.00684931506849315","2","2","3","quality_low"
"1896","px_f26980b3939fb220","0.00684931506849315","2","2","3","quality_low"
"1897","px_f26980b3939fb220","0.00684931506849315","2","3","3","quality_low"
"1898","px_f26980b3939fb220","0.00684931506849315","3","2","3","quality_low"
"1899","px_f26980b3939fb220","0.00684931506849315","2","2","3","quality_low"
"1900","px_f26980b3939fb220","0.00684931506849315","2","2","3","quality_low"
"1901","px_f26980b3939fb220","0.00684931506849315","2","1","3","quality_low"
"1902","px_f26980b3939fb220","0.00684931506849315","1","3","3","quality_low"
"1903","px_f26980b3939fb220","0.00684931506849315","3","2","3","quality_low"
"1904","px_f26980b3939fb220","0.00684931506849315","2","1","3","quality_low"
"1905","px_f26980b3939fb220","0.00684931506849315","1","2","3","quality_low"
"1906","px_f26980b3939fb220","0.00684931506849315","2","3","3","quality_low"
"1907","px_f26980b3939fb220","0.00684931506849315","3","2","3","quality_low"
"1908","px_f26980b3939fb220","0.00684931506849315","2","3","3","quality_low"
"1909","px_f26980b3939fb220","0.00684931506849315","3","2","3","quality_low"
"1910","px_f26980b3939fb220","0.00684931506849315","2","2","3","quality_low"
"1911","px_f26980b3939fb220","0.00684931506849315","2","3","2","quality_high"
"1912","px_f26980b3939fb220","0.00684931506849315","3","3","3","quality_low"
"1913","px_f26980b3939fb220","0.00684931506849315","3","2","2","quality_low"
"1914","px_f26980b3939fb220","0.00684931506849315","2","2","2","quality_low"
"1915","px_f26980b3939fb220","0.00684931506849315","2","3","3","quality_high"
"1916","px_f26980b3939fb220","0.00684931506849315","3","2","3","quality_high"
"1917","px_f26980b3939fb220","0.00684931506849315","2","3","3","quality_high"
"1918","px_f26980b3939fb220","0.00684931506849315","3","3","3","quality_high"
"1919","px_f26980b3939fb220","0.00684931506849315","3","2","3","quality_high"
"1920","px_f26980b3939fb220","0.00684931506849315","2","3","2","quality_low"
"1921","px_f26980b3939fb220","0.00684931506849315","3","3","2","quality_low"
"1922","px_f26980b3939fb220","0.00684931506849315","3","3","2","quality_high"
"1923","px_f26980b3939fb220","0.00684931506849315","3","3","3","quality_high"
"1924","px_f26980b3939fb220","0.00684931506849315","3","3","3","quality_high"
"1925","px_f26980b3939fb220","0.00684931506849315","3","3","3","quality_high"
"1926","px_f26980b3939fb220","0.00684931506849315","3","3","2","quality_high"
"1927","px_f26980b3939fb220","0.00684931506849315","3","2","2","quality_high"
"1928","px_f26980b3939fb220","0.00684931506849315","2","3","3","quality_high"
"1929","px_f26980b3939fb220","0.00684931506849315","3","3","3","quality_high"
"1930","px_f26980b3939fb220","0.00684931506849315","3","3","3","quality_high"
"1931","px_f26980b3939fb220","0.00684931506849315","3","3","3","quality_high"
"1932","px_f26980b3939fb220","0.00684931506849315","3","2","3","quality_high"
"1933","px_f26980b3939fb220","0.00684931506849315","2","2","3","quality_high"
"1934","px_f26980b3939fb220","0.00684931506849315","2","3","3","quality_high"
"1935","px_f26980b3939fb220","0.00684931506849315","3","2","3","quality_low"
"1936","px_f26980b3939fb220","0.00684931506849315","2","2","2","quality_low"
"1937","px_f26980b3939fb220","0.00684931506849315","2","2","3","quality_high"
"1938","px_f26980b3939fb220","0.00684931506849315","2","3","3","quality_low"
"1939","px_f26980b3939fb220","0.00684931506849315","3","2","3","quality_high"
"1940","px_f26980b3939fb220","0.00684931506849315","2","2","3","quality_high"
"1941","px_f26980b3939fb220","0.00684931506849315","2","2","3","quality_low"
"1942","px_f26980b3939fb220","0.00684931506849315","2","2","3","quality_high"
"1943","px_f26980b3939fb220","0.00684931506849315","2","2","3","quality_high"
"1944","px_f26980b3939fb220","0.00684931506849315","2","1","3","quality_low"
"1945","px_f26980b3939fb220","0.00684931506849315","1","1","3","quality_high"
"1946","px_f26980b3939fb220","0.00684931506849315","1","2","3","quality_high"
"1947","px_f26980b3939fb220","0.00684931506849315","2","3","2","quality_low"
"1948","px_f26980b3939fb220","0.00684931506849315","3","2","3","quality_low"
"1949","px_f26980b3939fb220","0.00684931506849315","2","2","3","quality_low"
"1950","px_f26980b3939fb220","0.00684931506849315","2","1","3","quality_high"
"1951","px_f26980b3939fb220","0.00684931506849315","1","1","3","quality_high"
"1952","px_f26980b3939fb220","0.00684931506849315","1","2","3","quality_low"
"1953","px_f26980b3939fb220","0.00684931506849315","2","2","3","quality_low"
"1954","px_f26980b3939fb220","0.00684931506849315","2","2","3","quality_high"
"1955","px_f26980b3939fb220","0.00684931506849315","2","2","3","quality_high"
"1956","px_f26980b3939fb220","0.00684931506849315","2","2","3","quality_high"
"1957","px_f26980b3939fb220","0.00684931506849315","2","3","3","quality_high"
"1958","px_f26980b3939fb220","0.00684931506849315","3","1","3","quality_high"
"1959","px_f26980b3939fb220","0.00684931506849315","1","2","3","quality_high"
"1960","px_f26980b3939fb220","0.00684931506849315","2","3","2","quality_high"
"1961","px_f26980b3939fb220","0.00684931506849315","3","2","2","quality_low"
"1962","px_f26980b3939fb220","0.00684931506849315","2","2","3","quality_low"
"1963","px_f26980b3939fb220","0.00684931506849315","2","2","2","quality_low"
"1964","px_f26980b3939fb220","0.00684931506849315","2","2","2","quality_low"
"1965","px_f26980b3939fb220","0.00684931506849315","2","3","2","quality_low"
"1966","px_f26980b3939fb220","0.00684931506849315","3","1","3","quality_high"
"1967","px_f26980b3939fb220","0.00684931506849315","1","3","3","quality_high"
"1968","px_f26980b3939fb220","0.00684931506849315","3","1","3","quality_high"
"1969","px_f26980b3939fb220","0.00684931506849315","1","2","2","quality_high"
"1970","px_f26980b3939fb220","0.00684931506849315","2","2","2","quality_high"
"1971","px_f26980b3939fb220","0.00684931506849315","2","2","3","quality_high"
"1972","px_f26980b3939fb220","0.00684931506849315","2","2","2","quality_high"
"1973","px_f26980b3939fb220","0.00684931506849315","2","2","2","quality_high"
"1974","px_f26980b3939fb220","0.00684931506849315","2","3","3","quality_high"
"1975","px_f26980b3939fb220","0.00684931506849315","3","2","3","quality_high"
"1976","px_f26980b3939fb220","0.00684931506849315","2","2","3","quality_high"
"1977","px_f26980b3939fb220","0.00684931506849315","2","3","3","quality_low"
"1978","px_f26980b3939fb220","0.00684931506849315","3","2","3","quality_high"
"1979","px_f26980b3939fb220","0.00684931506849315","2","2","3","quality_high"
"1980","px_f26980b3939fb220","0.00684931506849315","2","2","3","quality_high"
"1981","px_f26980b3939fb220","0.00684931506849315","2","1","3","quality_low"
"1982","px_f26980b3939fb220","0.00684931506849315","1","1","3","quality_high"
"1983","px_f26980b3939fb220","0.00684931506849315","1","2","3","quality_high"
"1984","px_f26980b3939fb220","0.00684931506849315","2","1","3","quality_high"
"1985","px_f26980b3939fb220","0.00684931506849315","1","1","3","quality_high"
"1986","px_f26980b3939fb220","0.00684931506849315","1","2","3","quality_high"
"1987","px_f26980b3939fb220","0.00684931506849315","2","2","3","quality_high"
"1988","px_f26980b3939fb220","0.00684931506849315","2","2","2","quality_low"
"1989","px_f26980b3939fb220","0.00684931506849315","2","2","3","quality_high"
"1990","px_f26980b3939fb220","0.00684931506849315","2","1","2","quality_high"
"1991","px_f26980b3939fb220","0.00684931506849315","1","1","2","quality_low"
"1992","px_f26980b3939fb220","0.00684931506849315","1","1","2","quality_low"
"1993","px_f26980b3939fb220","0.00684931506849315","1","2","2","quality_high"
"1994","px_f26980b3939fb220","0.00684931506849315","2","2","3","quality_high"
"1995","px_f26980b3939fb220","0.00684931506849315","2","3","2","quality_high"
"1996","px_f26980b3939fb220","0.00684931506849315","3","2","2","quality_high"
"1997","px_f26980b3939fb220","0.00684931506849315","2","2","3","quality_high"
"1998","px_f26980b3939fb220","0.00684931506849315","2","2","3","quality_high"
"1999","px_f26980b3939fb220","0.00684931506849315","2","3","2","quality_high"
"2000","px_f26980b3939fb220","0.00684931506849315","3","3","2","quality_high"
"2001","px_f26980b3939fb220","0.00684931506849315","3","2","3","quality_high"
"2002","px_f26980b3939fb220","0.00684931506849315","2","2","3","quality_high"
"2003","px_f26980b3939fb220","0.00684931506849315","2","3","3","quality_low"
"2004","px_f26980b3939fb220","0.00684931506849315","3","2","2","quality_low"
"2005","px_f26980b3939fb220","0.00684931506849315","2","2","3","quality_low"
"2006","px_f26980b3939fb220","0.00684931506849315","2","2","2","quality_low"
"2007","px_f26980b3939fb220","0.00684931506849315","2","2","2","quality_low"
"2008","px_f26980b3939fb220","0.00684931506849315","2","2","3","quality_high"
"2009","px_f26980b3939fb220","0.00684931506849315","2","2","3","quality_high"
"2010","px_f26980b3939fb220","0.00684931506849315","2","1","3","quality_low"
"2011","px_f26980b3939fb220","0.00684931506849315","1","2","3","quality_low"
"2012","px_f26980b3939fb220","0.00684931506849315","2","3","3","quality_high"
"2013","px_f26980b3939fb220","0.00684931506849315","3","2","2","quality_high"
"2014","px_f26980b3939fb220","0.00684931506849315","2","2","2","quality_high"
"2015","px_f26980b3939fb220","0.00684931506849315","2","2","3","quality_low"
"2016","px_f26980b3939fb220","0.00684931506849315","2","1","3","quality_high"
"2017","px_f26980b3939fb220","0.00684931506849315","1","2","3","quality_high"
"2018","px_f26980b3939fb220","0.00684931506849315","2","2","3","quality_high"
"2019","px_f26980b3939fb220","0.00684931506849315","2","2","3","quality_low"
"2020","px_f26980b3939fb220","0.00684931506849315","2","3","3","quality_low"
"2021","px_f26980b3939fb220","0.00684931506849315","3","2","3","quality_low"
"2022","px_f26980b3939fb220","0.00684931506849315","2","1","3","quality_high"
"2023","px_f26980b3939fb220","0.00684931506849315","1","2","3","quality_high"
"2024","px_8ab628d03dad170a","0.0714285714285714","2","2","1","quality_low"
"2025","px_8ab628d03dad170a","0.0714285714285714","2","2","2","quality_high"
"2026","px_8ab628d03dad170a","0.0714285714285714","2","2","2","quality_high"
"2027","px_8ab628d03dad170a","0.0714285714285714","1","2","1","quality_low"
"2028","px_8ab628d03dad170a","0.0714285714285714","2","2","1","quality_high"
"2029","px_8ab628d03dad170a","0.0714285714285714","2","2","2","quality_high"
"2030","px_8ab628d03dad170a","0.0714285714285714","2","1","2","quality_low"
"2031","px_8ab628d03dad170a","0.0714285714285714","2","2","3","quality_high"
"2032","px_8ab628d03dad170a","0.0714285714285714","1","3","2","quality_low"
"2033","px_8ab628d03dad170a","0.0714285714285714","3","3","2","quality_high"
"2034","px_8ab628d03dad170a","0.0714285714285714","3","3","3","quality_low"
"2035","px_8ab628d03dad170a","0.0714285714285714","3","3","2","quality_low"
"2036","px_8ab628d03dad170a","0.0714285714285714","3","3","2","quality_high"
"2037","px_8ab628d03dad170a","0.0714285714285714","3","3","3","quality_high"
"2038","px_8a4da50efb3b4048","0.00709219858156028","1","1","3","quality_low"
"2039","px_8a4da50efb3b4048","0.00709219858156028","1","1","1","quality_low"
"2040","px_8a4da50efb3b4048","0.00709219858156028","1","1","1","quality_low"
"2041","px_8a4da50efb3b4048","0.00709219858156028","1","1","2","quality_low"
"2042","px_8a4da50efb3b4048","0.00709219858156028","1","1","1","quality_low"
"2043","px_8a4da50efb3b4048","0.00709219858156028","1","1","1","quality_low"
"2044","px_8a4da50efb3b4048","0.00709219858156028","1","1","2","quality_low"
"2045","px_8a4da50efb3b4048","0.00709219858156028","1","1","2","quality_low"
"2046","px_8a4da50efb3b4048","0.00709219858156028","1","1","2","quality_low"
"2047","px_8a4da50efb3b4048","0.00709219858156028","1","1","1","quality_low"
"2048","px_8a4da50efb3b4048","0.00709219858156028","1","1","1","quality_low"
"2049","px_8a4da50efb3b4048","0.00709219858156028","1","1","1","quality_low"
"2050","px_8a4da50efb3b4048","0.00709219858156028","1","1","1","quality_low"
"2051","px_8a4da50efb3b4048","0.00709219858156028","1","1","2","quality_low"
"2052","px_8a4da50efb3b4048","0.00709219858156028","1","1","2","quality_low"
"2053","px_8a4da50efb3b4048","0.00709219858156028","1","1","1","quality_low"
"2054","px_8a4da50efb3b4048","0.00709219858156028","1","1","2","quality_low"
"2055","px_8a4da50efb3b4048","0.00709219858156028","1","1","2","quality_low"
"2056","px_8a4da50efb3b4048","0.00709219858156028","1","1","2","quality_low"
"2057","px_8a4da50efb3b4048","0.00709219858156028","1","1","3","quality_low"
"2058","px_8a4da50efb3b4048","0.00709219858156028","1","1","2","quality_low"
"2059","px_8a4da50efb3b4048","0.00709219858156028","1","1","3","quality_low"
"2060","px_8a4da50efb3b4048","0.00709219858156028","1","1","1","quality_low"
"2061","px_8a4da50efb3b4048","0.00709219858156028","1","1","2","quality_low"
"2062","px_8a4da50efb3b4048","0.00709219858156028","1","1","3","quality_low"
"2063","px_8a4da50efb3b4048","0.00709219858156028","1","1","2","quality_high"
"2064","px_8a4da50efb3b4048","0.00709219858156028","1","1","3","quality_high"
"2065","px_8a4da50efb3b4048","0.00709219858156028","1","1","2","quality_high"
"2066","px_8a4da50efb3b4048","0.00709219858156028","1","1","3","quality_high"
"2067","px_8a4da50efb3b4048","0.00709219858156028","1","1","3","quality_low"
"2068","px_8a4da50efb3b4048","0.00709219858156028","1","1","3","quality_high"
"2069","px_8a4da50efb3b4048","0.00709219858156028","1","1","3","quality_high"
"2070","px_8a4da50efb3b4048","0.00709219858156028","1","1","3","quality_low"
"2071","px_8a4da50efb3b4048","0.00709219858156028","1","1","3","quality_high"
"2072","px_8a4da50efb3b4048","0.00709219858156028","1","1","2","quality_low"
"2073","px_8a4da50efb3b4048","0.00709219858156028","1","1","2","quality_low"
"2074","px_8a4da50efb3b4048","0.00709219858156028","1","1","2","quality_low"
"2075","px_8a4da50efb3b4048","0.00709219858156028","1","1","2","quality_low"
"2076","px_8a4da50efb3b4048","0.00709219858156028","1","1","3","quality_low"
"2077","px_8a4da50efb3b4048","0.00709219858156028","1","1","2","quality_low"
"2078","px_8a4da50efb3b4048","0.00709219858156028","1","1","2","quality_low"
"2079","px_8a4da50efb3b4048","0.00709219858156028","1","1","2","quality_high"
"2080","px_8a4da50efb3b4048","0.00709219858156028","1","2","1","quality_low"
"2081","px_8a4da50efb3b4048","0.00709219858156028","2","1","2","quality_low"
"2082","px_8a4da50efb3b4048","0.00709219858156028","1","1","3","quality_high"
"2083","px_8a4da50efb3b4048","0.00709219858156028","1","1","3","quality_low"
"2084","px_8a4da50efb3b4048","0.00709219858156028","1","1","2","quality_low"
"2085","px_8a4da50efb3b4048","0.00709219858156028","1","1","2","quality_high"
"2086","px_8a4da50efb3b4048","0.00709219858156028","1","1","2","quality_low"
"2087","px_8a4da50efb3b4048","0.00709219858156028","1","1","2","quality_low"
"2088","px_8a4da50efb3b4048","0.00709219858156028","1","1","2","quality_low"
"2089","px_8a4da50efb3b4048","0.00709219858156028","1","2","3","quality_low"
"2090","px_8a4da50efb3b4048","0.00709219858156028","2","1","2","quality_low"
"2091","px_8a4da50efb3b4048","0.00709219858156028","1","1","3","quality_low"
"2092","px_8a4da50efb3b4048","0.00709219858156028","1","2","2","quality_high"
"2093","px_8a4da50efb3b4048","0.00709219858156028","2","1","1","quality_low"
"2094","px_8a4da50efb3b4048","0.00709219858156028","1","1","2","quality_low"
"2095","px_8a4da50efb3b4048","0.00709219858156028","1","1","2","quality_high"
"2096","px_8a4da50efb3b4048","0.00709219858156028","1","1","2","quality_high"
"2097","px_8a4da50efb3b4048","0.00709219858156028","1","1","2","quality_high"
"2098","px_8a4da50efb3b4048","0.00709219858156028","1","1","2","quality_high"
"2099","px_8a4da50efb3b4048","0.00709219858156028","1","1","1","quality_low"
"2100","px_8a4da50efb3b4048","0.00709219858156028","1","1","2","quality_low"
"2101","px_8a4da50efb3b4048","0.00709219858156028","1","1","2","quality_low"
"2102","px_8a4da50efb3b4048","0.00709219858156028","1","1","2","quality_low"
"2103","px_8a4da50efb3b4048","0.00709219858156028","1","1","2","quality_low"
"2104","px_8a4da50efb3b4048","0.00709219858156028","1","1","3","quality_low"
"2105","px_8a4da50efb3b4048","0.00709219858156028","1","1","3","quality_low"
"2106","px_8a4da50efb3b4048","0.00709219858156028","1","1","2","quality_high"
"2107","px_8a4da50efb3b4048","0.00709219858156028","1","1","2","quality_low"
"2108","px_8a4da50efb3b4048","0.00709219858156028","1","1","1","quality_low"
"2109","px_8a4da50efb3b4048","0.00709219858156028","1","1","1","quality_low"
"2110","px_8a4da50efb3b4048","0.00709219858156028","1","1","1","quality_low"
"2111","px_8a4da50efb3b4048","0.00709219858156028","1","1","2","quality_low"
"2112","px_8a4da50efb3b4048","0.00709219858156028","1","1","1","quality_low"
"2113","px_8a4da50efb3b4048","0.00709219858156028","1","1","2","quality_low"
"2114","px_8a4da50efb3b4048","0.00709219858156028","1","1","1","quality_low"
"2115","px_8a4da50efb3b4048","0.00709219858156028","1","1","2","quality_low"
"2116","px_8a4da50efb3b4048","0.00709219858156028","1","1","2","quality_low"
"2117","px_8a4da50efb3b4048","0.00709219858156028","1","1","1","quality_low"
"2118","px_8a4da50efb3b4048","0.00709219858156028","1","1","1","quality_low"
"2119","px_8a4da50efb3b4048","0.00709219858156028","1","1","1","quality_low"
"2120","px_8a4da50efb3b4048","0.00709219858156028","1","1","1","quality_low"
"2121","px_8a4da50efb3b4048","0.00709219858156028","1","1","2","quality_low"
"2122","px_8a4da50efb3b4048","0.00709219858156028","1","1","1","quality_low"
"2123","px_8a4da50efb3b4048","0.00709219858156028","1","1","1","quality_low"
"2124","px_8a4da50efb3b4048","0.00709219858156028","1","1","1","quality_low"
"2125","px_8a4da50efb3b4048","0.00709219858156028","1","1","1","quality_low"
"2126","px_8a4da50efb3b4048","0.00709219858156028","1","1","1","quality_low"
"2127","px_8a4da50efb3b4048","0.00709219858156028","1","1","2","quality_low"
"2128","px_8a4da50efb3b4048","0.00709219858156028","1","1","1","quality_low"
"2129","px_8a4da50efb3b4048","0.00709219858156028","1","1","1","quality_high"
"2130","px_8a4da50efb3b4048","0.00709219858156028","1","1","1","quality_high"
"2131","px_8a4da50efb3b4048","0.00709219858156028","1","1","1","quality_low"
"2132","px_8a4da50efb3b4048","0.00709219858156028","1","1","1","quality_high"
"2133","px_8a4da50efb3b4048","0.00709219858156028","1","1","2","quality_high"
"2134","px_8a4da50efb3b4048","0.00709219858156028","1","1","2","quality_high"
"2135","px_8a4da50efb3b4048","0.00709219858156028","1","1","1","quality_low"
"2136","px_8a4da50efb3b4048","0.00709219858156028","1","1","2","quality_high"
"2137","px_8a4da50efb3b4048","0.00709219858156028","1","1","1","quality_low"
"2138","px_8a4da50efb3b4048","0.00709219858156028","1","1","1","quality_high"
"2139","px_8a4da50efb3b4048","0.00709219858156028","1","1","2","quality_high"
"2140","px_8a4da50efb3b4048","0.00709219858156028","1","1","2","quality_high"
"2141","px_8a4da50efb3b4048","0.00709219858156028","1","1","1","quality_low"
"2142","px_8a4da50efb3b4048","0.00709219858156028","1","1","1","quality_low"
"2143","px_8a4da50efb3b4048","0.00709219858156028","1","1","2","quality_high"
"2144","px_8a4da50efb3b4048","0.00709219858156028","1","1","2","quality_low"
"2145","px_8a4da50efb3b4048","0.00709219858156028","1","1","1","quality_low"
"2146","px_8a4da50efb3b4048","0.00709219858156028","1","1","1","quality_high"
"2147","px_8a4da50efb3b4048","0.00709219858156028","1","1","1","quality_low"
"2148","px_8a4da50efb3b4048","0.00709219858156028","1","2","1","quality_low"
"2149","px_8a4da50efb3b4048","0.00709219858156028","2","1","1","quality_low"
"2150","px_8a4da50efb3b4048","0.00709219858156028","1","1","1","quality_low"
"2151","px_8a4da50efb3b4048","0.00709219858156028","1","1","2","quality_low"
"2152","px_8a4da50efb3b4048","0.00709219858156028","1","1","2","quality_low"
"2153","px_8a4da50efb3b4048","0.00709219858156028","1","1","2","quality_low"
"2154","px_8a4da50efb3b4048","0.00709219858156028","1","1","1","quality_low"
"2155","px_8a4da50efb3b4048","0.00709219858156028","1","1","3","quality_low"
"2156","px_8a4da50efb3b4048","0.00709219858156028","1","1","2","quality_low"
"2157","px_8a4da50efb3b4048","0.00709219858156028","1","1","1","quality_low"
"2158","px_8a4da50efb3b4048","0.00709219858156028","1","1","2","quality_high"
"2159","px_8a4da50efb3b4048","0.00709219858156028","1","1","1","quality_low"
"2160","px_8a4da50efb3b4048","0.00709219858156028","1","1","1","quality_low"
"2161","px_8a4da50efb3b4048","0.00709219858156028","1","1","1","quality_high"
"2162","px_8a4da50efb3b4048","0.00709219858156028","1","1","1","quality_high"
"2163","px_8a4da50efb3b4048","0.00709219858156028","1","1","1","quality_high"
"2164","px_8a4da50efb3b4048","0.00709219858156028","1","1","2","quality_low"
"2165","px_8a4da50efb3b4048","0.00709219858156028","1","1","2","quality_low"
"2166","px_8a4da50efb3b4048","0.00709219858156028","1","1","2","quality_low"
"2167","px_8a4da50efb3b4048","0.00709219858156028","1","1","1","quality_low"
"2168","px_8a4da50efb3b4048","0.00709219858156028","1","1","2","quality_high"
"2169","px_8a4da50efb3b4048","0.00709219858156028","1","1","2","quality_high"
"2170","px_8a4da50efb3b4048","0.00709219858156028","1","1","2","quality_low"
"2171","px_8a4da50efb3b4048","0.00709219858156028","1","1","1","quality_high"
"2172","px_8a4da50efb3b4048","0.00709219858156028","1","1","3","quality_high"
"2173","px_8a4da50efb3b4048","0.00709219858156028","1","2","3","quality_low"
"2174","px_8a4da50efb3b4048","0.00709219858156028","2","1","3","quality_low"
"2175","px_8a4da50efb3b4048","0.00709219858156028","1","1","2","quality_low"
"2176","px_8a4da50efb3b4048","0.00709219858156028","1","1","2","quality_low"
"2177","px_8a4da50efb3b4048","0.00709219858156028","1","1","1","quality_high"
"2178","px_8a4da50efb3b4048","0.00709219858156028","1","1","2","quality_high"
"2179","px_5b10d07bc861e0eb","0.00862068965517241","3","2","3","quality_low"
"2180","px_5b10d07bc861e0eb","0.00862068965517241","2","2","2","quality_low"
"2181","px_5b10d07bc861e0eb","0.00862068965517241","2","1","3","quality_high"
"2182","px_5b10d07bc861e0eb","0.00862068965517241","1","1","1","quality_low"
"2183","px_5b10d07bc861e0eb","0.00862068965517241","1","1","2","quality_low"
"2184","px_5b10d07bc861e0eb","0.00862068965517241","1","2","2","quality_low"
"2185","px_5b10d07bc861e0eb","0.00862068965517241","2","2","3","quality_high"
"2186","px_5b10d07bc861e0eb","0.00862068965517241","2","1","2","quality_low"
"2187","px_5b10d07bc861e0eb","0.00862068965517241","1","1","3","quality_high"
"2188","px_5b10d07bc861e0eb","0.00862068965517241","1","1","3","quality_high"
"2189","px_5b10d07bc861e0eb","0.00862068965517241","1","2","3","quality_high"
"2190","px_5b10d07bc861e0eb","0.00862068965517241","2","1","3","quality_high"
"2191","px_5b10d07bc861e0eb","0.00862068965517241","1","1","2","quality_high"
"2192","px_5b10d07bc861e0eb","0.00862068965517241","1","2","3","quality_low"
"2193","px_5b10d07bc861e0eb","0.00862068965517241","2","3","3","quality_low"
"2194","px_5b10d07bc861e0eb","0.00862068965517241","3","2","2","quality_low"
"2195","px_5b10d07bc861e0eb","0.00862068965517241","2","2","3","quality_low"
"2196","px_5b10d07bc861e0eb","0.00862068965517241","2","1","2","quality_low"
"2197","px_5b10d07bc861e0eb","0.00862068965517241","1","1","2","quality_low"
"2198","px_5b10d07bc861e0eb","0.00862068965517241","1","1","2","quality_low"
"2199","px_5b10d07bc861e0eb","0.00862068965517241","1","2","2","quality_low"
"2200","px_5b10d07bc861e0eb","0.00862068965517241","2","2","2","quality_low"
"2201","px_5b10d07bc861e0eb","0.00862068965517241","2","3","2","quality_low"
"2202","px_5b10d07bc861e0eb","0.00862068965517241","3","2","3","quality_low"
"2203","px_5b10d07bc861e0eb","0.00862068965517241","2","2","2","quality_low"
"2204","px_5b10d07bc861e0eb","0.00862068965517241","2","2","2","quality_low"
"2205","px_5b10d07bc861e0eb","0.00862068965517241","2","3","3","quality_low"
"2206","px_5b10d07bc861e0eb","0.00862068965517241","3","2","3","quality_low"
"2207","px_5b10d07bc861e0eb","0.00862068965517241","2","2","3","quality_low"
"2208","px_5b10d07bc861e0eb","0.00862068965517241","2","1","2","quality_low"
"2209","px_5b10d07bc861e0eb","0.00862068965517241","1","2","2","quality_low"
"2210","px_5b10d07bc861e0eb","0.00862068965517241","2","3","2","quality_high"
"2211","px_5b10d07bc861e0eb","0.00862068965517241","3","1","2","quality_low"
"2212","px_5b10d07bc861e0eb","0.00862068965517241","1","2","3","quality_low"
"2213","px_5b10d07bc861e0eb","0.00862068965517241","2","1","3","quality_high"
"2214","px_5b10d07bc861e0eb","0.00862068965517241","1","1","3","quality_low"
"2215","px_5b10d07bc861e0eb","0.00862068965517241","1","1","3","quality_high"
"2216","px_5b10d07bc861e0eb","0.00862068965517241","1","2","2","quality_high"
"2217","px_5b10d07bc861e0eb","0.00862068965517241","2","2","3","quality_high"
"2218","px_5b10d07bc861e0eb","0.00862068965517241","2","2","3","quality_high"
"2219","px_5b10d07bc861e0eb","0.00862068965517241","2","3","3","quality_low"
"2220","px_5b10d07bc861e0eb","0.00862068965517241","3","2","3","quality_high"
"2221","px_5b10d07bc861e0eb","0.00862068965517241","2","1","3","quality_low"
"2222","px_5b10d07bc861e0eb","0.00862068965517241","1","1","2","quality_high"
"2223","px_5b10d07bc861e0eb","0.00862068965517241","1","2","2","quality_high"
"2224","px_5b10d07bc861e0eb","0.00862068965517241","2","1","2","quality_high"
"2225","px_5b10d07bc861e0eb","0.00862068965517241","1","3","2","quality_high"
"2226","px_5b10d07bc861e0eb","0.00862068965517241","3","2","2","quality_high"
"2227","px_5b10d07bc861e0eb","0.00862068965517241","2","1","2","quality_high"
"2228","px_5b10d07bc861e0eb","0.00862068965517241","1","2","2","quality_high"
"2229","px_5b10d07bc861e0eb","0.00862068965517241","2","2","3","quality_low"
"2230","px_5b10d07bc861e0eb","0.00862068965517241","2","3","2","quality_high"
"2231","px_5b10d07bc861e0eb","0.00862068965517241","3","2","3","quality_high"
"2232","px_5b10d07bc861e0eb","0.00862068965517241","2","2","2","quality_low"
"2233","px_5b10d07bc861e0eb","0.00862068965517241","2","1","2","quality_high"
"2234","px_5b10d07bc861e0eb","0.00862068965517241","1","2","1","quality_low"
"2235","px_5b10d07bc861e0eb","0.00862068965517241","2","2","3","quality_high"
"2236","px_5b10d07bc861e0eb","0.00862068965517241","2","3","3","quality_high"
"2237","px_5b10d07bc861e0eb","0.00862068965517241","1","1","2","quality_low"
"2238","px_5b10d07bc861e0eb","0.00862068965517241","1","2","2","quality_high"
"2239","px_5b10d07bc861e0eb","0.00862068965517241","2","1","1","quality_low"
"2240","px_5b10d07bc861e0eb","0.00862068965517241","1","3","2","quality_low"
"2241","px_5b10d07bc861e0eb","0.00862068965517241","3","1","2","quality_low"
"2242","px_5b10d07bc861e0eb","0.00862068965517241","1","1","3","quality_high"
"2243","px_5b10d07bc861e0eb","0.00862068965517241","1","2","3","quality_high"
"2244","px_5b10d07bc861e0eb","0.00862068965517241","2","2","2","quality_low"
"2245","px_5b10d07bc861e0eb","0.00862068965517241","2","1","2","quality_low"
"2246","px_5b10d07bc861e0eb","0.00862068965517241","1","1","2","quality_high"
"2247","px_5b10d07bc861e0eb","0.00862068965517241","1","1","2","quality_high"
"2248","px_5b10d07bc861e0eb","0.00862068965517241","1","3","2","quality_low"
"2249","px_5b10d07bc861e0eb","0.00862068965517241","3","2","2","quality_low"
"2250","px_5b10d07bc861e0eb","0.00862068965517241","2","1","2","quality_high"
"2251","px_5b10d07bc861e0eb","0.00862068965517241","1","1","2","quality_low"
"2252","px_5b10d07bc861e0eb","0.00862068965517241","1","2","2","quality_high"
"2253","px_5b10d07bc861e0eb","0.00862068965517241","2","3","3","quality_high"
"2254","px_5b10d07bc861e0eb","0.00862068965517241","3","1","3","quality_high"
"2255","px_5b10d07bc861e0eb","0.00862068965517241","1","2","3","quality_high"
"2256","px_5b10d07bc861e0eb","0.00862068965517241","2","1","2","quality_low"
"2257","px_5b10d07bc861e0eb","0.00862068965517241","1","2","3","quality_high"
"2258","px_5b10d07bc861e0eb","0.00862068965517241","2","1","2","quality_high"
"2259","px_5b10d07bc861e0eb","0.00862068965517241","1","1","2","quality_high"
"2260","px_5b10d07bc861e0eb","0.00862068965517241","1","2","3","quality_high"
"2261","px_5b10d07bc861e0eb","0.00862068965517241","2","1","3","quality_low"
"2262","px_5b10d07bc861e0eb","0.00862068965517241","1","1","3","quality_high"
"2263","px_5b10d07bc861e0eb","0.00862068965517241","1","2","3","quality_high"
"2264","px_5b10d07bc861e0eb","0.00862068965517241","2","2","2","quality_low"
"2265","px_5b10d07bc861e0eb","0.00862068965517241","2","2","2","quality_low"
"2266","px_5b10d07bc861e0eb","0.00862068965517241","2","2","2","quality_low"
"2267","px_5b10d07bc861e0eb","0.00862068965517241","2","1","2","quality_low"
"2268","px_5b10d07bc861e0eb","0.00862068965517241","1","2","2","quality_low"
"2269","px_5b10d07bc861e0eb","0.00862068965517241","2","2","2","quality_low"
"2270","px_5b10d07bc861e0eb","0.00862068965517241","2","2","2","quality_low"
"2271","px_5b10d07bc861e0eb","0.00862068965517241","2","1","2","quality_high"
"2272","px_5b10d07bc861e0eb","0.00862068965517241","1","1","2","quality_low"
"2273","px_5b10d07bc861e0eb","0.00862068965517241","1","2","2","quality_low"
"2274","px_5b10d07bc861e0eb","0.00862068965517241","2","1","2","quality_low"
"2275","px_5b10d07bc861e0eb","0.00862068965517241","1","3","2","quality_low"
"2276","px_5b10d07bc861e0eb","0.00862068965517241","3","3","2","quality_low"
"2277","px_5b10d07bc861e0eb","0.00862068965517241","2","2","3","quality_high"
"2278","px_5b10d07bc861e0eb","0.00862068965517241","2","3","1","quality_low"
"2279","px_5b10d07bc861e0eb","0.00862068965517241","3","2","2","quality_low"
"2280","px_5b10d07bc861e0eb","0.00862068965517241","2","1","1","quality_low"
"2281","px_5b10d07bc861e0eb","0.00862068965517241","1","1","2","quality_low"
"2282","px_5b10d07bc861e0eb","0.00862068965517241","1","3","3","quality_high"
"2283","px_5b10d07bc861e0eb","0.00862068965517241","3","1","2","quality_low"
"2284","px_5b10d07bc861e0eb","0.00862068965517241","1","2","1","quality_low"
"2285","px_5b10d07bc861e0eb","0.00862068965517241","2","2","2","quality_low"
"2286","px_5b10d07bc861e0eb","0.00862068965517241","2","2","2","quality_low"
"2287","px_5b10d07bc861e0eb","0.00862068965517241","2","1","2","quality_low"
"2288","px_5b10d07bc861e0eb","0.00862068965517241","1","2","3","quality_low"
"2289","px_5b10d07bc861e0eb","0.00862068965517241","2","2","2","quality_low"
"2290","px_5b10d07bc861e0eb","0.00862068965517241","2","2","2","quality_low"
"2291","px_5b10d07bc861e0eb","0.00862068965517241","2","2","2","quality_low"
"2292","px_5b10d07bc861e0eb","0.00862068965517241","2","1","2","quality_low"
"2293","px_5b10d07bc861e0eb","0.00862068965517241","1","1","3","quality_low"
"2294","px_5b10d07bc861e0eb","0.00862068965517241","1","2","2","quality_low"
"2295","px_1d7e59c1343b3fc2","0.00689655172413793","1","2","2","quality_low"
"2296","px_1d7e59c1343b3fc2","0.00689655172413793","2","1","3","quality_low"
"2297","px_1d7e59c1343b3fc2","0.00689655172413793","1","1","3","quality_high"
"2298","px_1d7e59c1343b3fc2","0.00689655172413793","1","2","3","quality_high"
"2299","px_1d7e59c1343b3fc2","0.00689655172413793","2","3","3","quality_low"
"2300","px_1d7e59c1343b3fc2","0.00689655172413793","3","1","3","quality_low"
"2301","px_1d7e59c1343b3fc2","0.00689655172413793","1","1","3","quality_high"
"2302","px_1d7e59c1343b3fc2","0.00689655172413793","1","3","3","quality_high"
"2303","px_1d7e59c1343b3fc2","0.00689655172413793","3","3","3","quality_high"
"2304","px_1d7e59c1343b3fc2","0.00689655172413793","3","2","3","quality_high"
"2305","px_1d7e59c1343b3fc2","0.00689655172413793","2","1","2","quality_low"
"2306","px_1d7e59c1343b3fc2","0.00689655172413793","1","1","3","quality_low"
"2307","px_1d7e59c1343b3fc2","0.00689655172413793","1","1","3","quality_low"
"2308","px_1d7e59c1343b3fc2","0.00689655172413793","1","2","2","quality_high"
"2309","px_1d7e59c1343b3fc2","0.00689655172413793","2","2","3","quality_high"
"2310","px_1d7e59c1343b3fc2","0.00689655172413793","2","3","3","quality_high"
"2311","px_1d7e59c1343b3fc2","0.00689655172413793","3","3","2","quality_high"
"2312","px_1d7e59c1343b3fc2","0.00689655172413793","3","3","3","quality_low"
"2313","px_1d7e59c1343b3fc2","0.00689655172413793","3","3","2","quality_high"
"2314","px_1d7e59c1343b3fc2","0.00689655172413793","3","3","1","quality_low"
"2315","px_1d7e59c1343b3fc2","0.00689655172413793","3","3","1","quality_low"
"2316","px_1d7e59c1343b3fc2","0.00689655172413793","3","3","2","quality_high"
"2317","px_1d7e59c1343b3fc2","0.00689655172413793","3","3","2","quality_high"
"2318","px_1d7e59c1343b3fc2","0.00689655172413793","3","3","2","quality_high"
"2319","px_1d7e59c1343b3fc2","0.00689655172413793","3","2","2","quality_low"
"2320","px_1d7e59c1343b3fc2","0.00689655172413793","2","2","2","quality_high"
"2321","px_1d7e59c1343b3fc2","0.00689655172413793","2","3","3","quality_high"
"2322","px_1d7e59c1343b3fc2","0.00689655172413793","3","3","2","quality_high"
"2323","px_1d7e59c1343b3fc2","0.00689655172413793","3","3","2","quality_high"
"2324","px_1d7e59c1343b3fc2","0.00689655172413793","3","3","2","quality_high"
"2325","px_1d7e59c1343b3fc2","0.00689655172413793","3","3","3","quality_high"
"2326","px_1d7e59c1343b3fc2","0.00689655172413793","3","3","3","quality_high"
"2327","px_1d7e59c1343b3fc2","0.00689655172413793","3","3","2","quality_high"
"2328","px_1d7e59c1343b3fc2","0.00689655172413793","3","3","2","quality_high"
"2329","px_1d7e59c1343b3fc2","0.00689655172413793","3","3","2","quality_high"
"2330","px_1d7e59c1343b3fc2","0.00689655172413793","3","3","2","quality_high"
"2331","px_1d7e59c1343b3fc2","0.00689655172413793","3","3","2","quality_low"
"2332","px_1d7e59c1343b3fc2","0.00689655172413793","3","3","2","quality_high"
"2333","px_1d7e59c1343b3fc2","0.00689655172413793","3","3","2","quality_high"
"2334","px_1d7e59c1343b3fc2","0.00689655172413793","3","3","2","quality_high"
"2335","px_1d7e59c1343b3fc2","0.00689655172413793","3","3","3","quality_high"
"2336","px_1d7e59c1343b3fc2","0.00689655172413793","3","3","3","quality_high"
"2337","px_1d7e59c1343b3fc2","0.00689655172413793","3","3","3","quality_low"
"2338","px_1d7e59c1343b3fc2","0.00689655172413793","3","3","3","quality_high"
"2339","px_1d7e59c1343b3fc2","0.00689655172413793","3","3","2","quality_high"
"2340","px_1d7e59c1343b3fc2","0.00689655172413793","3","3","3","quality_high"
"2341","px_1d7e59c1343b3fc2","0.00689655172413793","3","3","3","quality_low"
"2342","px_1d7e59c1343b3fc2","0.00689655172413793","3","3","2","quality_high"
"2343","px_1d7e59c1343b3fc2","0.00689655172413793","3","3","2","quality_high"
"2344","px_1d7e59c1343b3fc2","0.00689655172413793","3","3","3","quality_high"
"2345","px_1d7e59c1343b3fc2","0.00689655172413793","3","3","1","quality_low"
"2346","px_1d7e59c1343b3fc2","0.00689655172413793","3","3","2","quality_low"
"2347","px_1d7e59c1343b3fc2","0.00689655172413793","3","3","3","quality_high"
"2348","px_1d7e59c1343b3fc2","0.00689655172413793","3","3","3","quality_high"
"2349","px_1d7e59c1343b3fc2","0.00689655172413793","3","3","3","quality_high"
"2350","px_1d7e59c1343b3fc2","0.00689655172413793","3","3","2","quality_high"
"2351","px_1d7e59c1343b3fc2","0.00689655172413793","3","3","2","quality_high"
"2352","px_1d7e59c1343b3fc2","0.00689655172413793","3","3","1","quality_low"
"2353","px_1d7e59c1343b3fc2","0.00689655172413793","3","3","2","quality_low"
"2354","px_1d7e59c1343b3fc2","0.00689655172413793","3","3","2","quality_high"
"2355","px_1d7e59c1343b3fc2","0.00689655172413793","3","3","2","quality_high"
"2356","px_1d7e59c1343b3fc2","0.00689655172413793","3","3","2","quality_high"
"2357","px_1d7e59c1343b3fc2","0.00689655172413793","3","3","2","quality_high"
"2358","px_1d7e59c1343b3fc2","0.00689655172413793","3","3","2","quality_high"
"2359","px_1d7e59c1343b3fc2","0.00689655172413793","3","3","2","quality_high"
"2360","px_1d7e59c1343b3fc2","0.00689655172413793","3","3","2","quality_high"
"2361","px_1d7e59c1343b3fc2","0.00689655172413793","3","3","2","quality_high"
"2362","px_1d7e59c1343b3fc2","0.00689655172413793","3","3","2","quality_high"
"2363","px_1d7e59c1343b3fc2","0.00689655172413793","3","3","2","quality_high"
"2364","px_1d7e59c1343b3fc2","0.00689655172413793","3","3","2","quality_high"
"2365","px_1d7e59c1343b3fc2","0.00689655172413793","3","3","3","quality_high"
"2366","px_1d7e59c1343b3fc2","0.00689655172413793","3","3","2","quality_high"
"2367","px_1d7e59c1343b3fc2","0.00689655172413793","3","3","2","quality_high"
"2368","px_1d7e59c1343b3fc2","0.00689655172413793","3","3","2","quality_high"
"2369","px_1d7e59c1343b3fc2","0.00689655172413793","3","3","2","quality_high"
"2370","px_1d7e59c1343b3fc2","0.00689655172413793","3","3","2","quality_high"
"2371","px_1d7e59c1343b3fc2","0.00689655172413793","3","3","2","quality_high"
"2372","px_1d7e59c1343b3fc2","0.00689655172413793","3","3","2","quality_high"
"2373","px_1d7e59c1343b3fc2","0.00689655172413793","3","3","1","quality_high"
"2374","px_1d7e59c1343b3fc2","0.00689655172413793","3","3","2","quality_high"
"2375","px_1d7e59c1343b3fc2","0.00689655172413793","3","3","2","quality_high"
"2376","px_1d7e59c1343b3fc2","0.00689655172413793","3","3","2","quality_high"
"2377","px_1d7e59c1343b3fc2","0.00689655172413793","3","3","2","quality_high"
"2378","px_1d7e59c1343b3fc2","0.00689655172413793","3","3","2","quality_high"
"2379","px_1d7e59c1343b3fc2","0.00689655172413793","3","3","3","quality_high"
"2380","px_1d7e59c1343b3fc2","0.00689655172413793","3","3","2","quality_high"
"2381","px_1d7e59c1343b3fc2","0.00689655172413793","3","3","2","quality_high"
"2382","px_1d7e59c1343b3fc2","0.00689655172413793","3","3","2","quality_high"
"2383","px_1d7e59c1343b3fc2","0.00689655172413793","3","3","2","quality_high"
"2384","px_1d7e59c1343b3fc2","0.00689655172413793","3","3","3","quality_high"
"2385","px_1d7e59c1343b3fc2","0.00689655172413793","3","3","3","quality_high"
"2386","px_1d7e59c1343b3fc2","0.00689655172413793","3","3","3","quality_high"
"2387","px_1d7e59c1343b3fc2","0.00689655172413793","3","3","2","quality_low"
"2388","px_1d7e59c1343b3fc2","0.00689655172413793","3","3","3","quality_high"
"2389","px_1d7e59c1343b3fc2","0.00689655172413793","3","3","3","quality_high"
"2390","px_1d7e59c1343b3fc2","0.00689655172413793","3","3","3","quality_high"
"2391","px_1d7e59c1343b3fc2","0.00689655172413793","3","3","3","quality_high"
"2392","px_1d7e59c1343b3fc2","0.00689655172413793","3","3","3","quality_high"
"2393","px_1d7e59c1343b3fc2","0.00689655172413793","3","3","2","quality_high"
"2394","px_1d7e59c1343b3fc2","0.00689655172413793","3","3","3","quality_high"
"2395","px_1d7e59c1343b3fc2","0.00689655172413793","3","3","2","quality_high"
"2396","px_1d7e59c1343b3fc2","0.00689655172413793","3","3","2","quality_high"
"2397","px_1d7e59c1343b3fc2","0.00689655172413793","3","3","2","quality_high"
"2398","px_1d7e59c1343b3fc2","0.00689655172413793","3","3","3","quality_high"
"2399","px_1d7e59c1343b3fc2","0.00689655172413793","3","3","3","quality_high"
"2400","px_1d7e59c1343b3fc2","0.00689655172413793","3","3","3","quality_high"
"2401","px_1d7e59c1343b3fc2","0.00689655172413793","3","3","2","quality_high"
"2402","px_1d7e59c1343b3fc2","0.00689655172413793","3","3","2","quality_high"
"2403","px_1d7e59c1343b3fc2","0.00689655172413793","3","3","2","quality_high"
"2404","px_1d7e59c1343b3fc2","0.00689655172413793","3","3","2","quality_high"
"2405","px_1d7e59c1343b3fc2","0.00689655172413793","3","3","2","quality_high"
"2406","px_1d7e59c1343b3fc2","0.00689655172413793","3","3","3","quality_high"
"2407","px_1d7e59c1343b3fc2","0.00689655172413793","3","3","2","quality_high"
"2408","px_1d7e59c1343b3fc2","0.00689655172413793","3","3","2","quality_high"
"2409","px_1d7e59c1343b3fc2","0.00689655172413793","3","3","3","quality_high"
"2410","px_1d7e59c1343b3fc2","0.00689655172413793","3","3","3","quality_high"
"2411","px_1d7e59c1343b3fc2","0.00689655172413793","3","3","3","quality_high"
"2412","px_1d7e59c1343b3fc2","0.00689655172413793","3","3","3","quality_high"
"2413","px_1d7e59c1343b3fc2","0.00689655172413793","3","3","2","quality_high"
"2414","px_1d7e59c1343b3fc2","0.00689655172413793","3","3","3","quality_high"
"2415","px_1d7e59c1343b3fc2","0.00689655172413793","3","3","3","quality_high"
"2416","px_1d7e59c1343b3fc2","0.00689655172413793","3","3","3","quality_high"
"2417","px_1d7e59c1343b3fc2","0.00689655172413793","3","3","2","quality_high"
"2418","px_1d7e59c1343b3fc2","0.00689655172413793","3","3","3","quality_high"
"2419","px_1d7e59c1343b3fc2","0.00689655172413793","3","3","3","quality_high"
"2420","px_1d7e59c1343b3fc2","0.00689655172413793","3","3","3","quality_high"
"2421","px_1d7e59c1343b3fc2","0.00689655172413793","3","3","3","quality_high"
"2422","px_1d7e59c1343b3fc2","0.00689655172413793","3","3","3","quality_high"
"2423","px_1d7e59c1343b3fc2","0.00689655172413793","3","3","2","quality_high"
"2424","px_1d7e59c1343b3fc2","0.00689655172413793","3","3","2","quality_high"
"2425","px_1d7e59c1343b3fc2","0.00689655172413793","3","3","3","quality_high"
"2426","px_1d7e59c1343b3fc2","0.00689655172413793","3","3","2","quality_high"
"2427","px_1d7e59c1343b3fc2","0.00689655172413793","3","3","3","quality_high"
"2428","px_1d7e59c1343b3fc2","0.00689655172413793","3","3","3","quality_high"
"2429","px_1d7e59c1343b3fc2","0.00689655172413793","3","3","3","quality_high"
"2430","px_1d7e59c1343b3fc2","0.00689655172413793","3","3","2","quality_low"
"2431","px_1d7e59c1343b3fc2","0.00689655172413793","3","3","2","quality_high"
"2432","px_1d7e59c1343b3fc2","0.00689655172413793","3","3","2","quality_high"
"2433","px_1d7e59c1343b3fc2","0.00689655172413793","3","2","3","quality_high"
"2434","px_1d7e59c1343b3fc2","0.00689655172413793","2","3","3","quality_high"
"2435","px_1d7e59c1343b3fc2","0.00689655172413793","3","3","2","quality_high"
"2436","px_1d7e59c1343b3fc2","0.00689655172413793","3","3","2","quality_high"
"2437","px_1d7e59c1343b3fc2","0.00689655172413793","3","3","2","quality_high"
"2438","px_1d7e59c1343b3fc2","0.00689655172413793","3","3","2","quality_low"
"2439","px_1d7e59c1343b3fc2","0.00689655172413793","3","3","3","quality_high"
"2440","px_c9f69bff51ec8487","0.0149253731343284","2","2","3","quality_low"
"2441","px_c9f69bff51ec8487","0.0149253731343284","2","1","3","quality_low"
"2442","px_c9f69bff51ec8487","0.0149253731343284","1","1","3","quality_high"
"2443","px_c9f69bff51ec8487","0.0149253731343284","1","2","3","quality_high"
"2444","px_c9f69bff51ec8487","0.0149253731343284","2","1","3","quality_high"
"2445","px_c9f69bff51ec8487","0.0149253731343284","1","1","3","quality_low"
"2446","px_c9f69bff51ec8487","0.0149253731343284","1","1","3","quality_high"
"2447","px_c9f69bff51ec8487","0.0149253731343284","1","1","3","quality_low"
"2448","px_c9f69bff51ec8487","0.0149253731343284","1","1","3","quality_low"
"2449","px_c9f69bff51ec8487","0.0149253731343284","1","1","3","quality_low"
"2450","px_c9f69bff51ec8487","0.0149253731343284","1","1","3","quality_low"
"2451","px_c9f69bff51ec8487","0.0149253731343284","1","1","3","quality_low"
"2452","px_c9f69bff51ec8487","0.0149253731343284","1","1","2","quality_low"
"2453","px_c9f69bff51ec8487","0.0149253731343284","1","1","2","quality_low"
"2454","px_c9f69bff51ec8487","0.0149253731343284","1","1","2","quality_low"
"2455","px_c9f69bff51ec8487","0.0149253731343284","1","1","2","quality_low"
"2456","px_c9f69bff51ec8487","0.0149253731343284","1","1","3","quality_low"
"2457","px_c9f69bff51ec8487","0.0149253731343284","1","1","3","quality_low"
"2458","px_c9f69bff51ec8487","0.0149253731343284","1","1","3","quality_low"
"2459","px_c9f69bff51ec8487","0.0149253731343284","1","1","3","quality_low"
"2460","px_c9f69bff51ec8487","0.0149253731343284","1","1","3","quality_low"
"2461","px_c9f69bff51ec8487","0.0149253731343284","1","1","3","quality_low"
"2462","px_c9f69bff51ec8487","0.0149253731343284","1","1","3","quality_low"
"2463","px_c9f69bff51ec8487","0.0149253731343284","1","1","3","quality_low"
"2464","px_c9f69bff51ec8487","0.0149253731343284","1","1","2","quality_low"
"2465","px_c9f69bff51ec8487","0.0149253731343284","1","1","3","quality_low"
"2466","px_c9f69bff51ec8487","0.0149253731343284","1","1","3","quality_low"
"2467","px_c9f69bff51ec8487","0.0149253731343284","1","1","3","quality_low"
"2468","px_c9f69bff51ec8487","0.0149253731343284","1","1","3","quality_low"
"2469","px_c9f69bff51ec8487","0.0149253731343284","1","1","3","quality_low"
"2470","px_c9f69bff51ec8487","0.0149253731343284","1","1","3","quality_high"
"2471","px_c9f69bff51ec8487","0.0149253731343284","1","1","3","quality_high"
"2472","px_c9f69bff51ec8487","0.0149253731343284","1","1","3","quality_high"
"2473","px_c9f69bff51ec8487","0.0149253731343284","1","1","3","quality_high"
"2474","px_c9f69bff51ec8487","0.0149253731343284","1","1","3","quality_high"
"2475","px_c9f69bff51ec8487","0.0149253731343284","1","1","3","quality_high"
"2476","px_c9f69bff51ec8487","0.0149253731343284","1","2","3","quality_high"
"2477","px_c9f69bff51ec8487","0.0149253731343284","2","3","3","quality_low"
"2478","px_c9f69bff51ec8487","0.0149253731343284","3","1","3","quality_high"
"2479","px_c9f69bff51ec8487","0.0149253731343284","1","2","3","quality_high"
"2480","px_c9f69bff51ec8487","0.0149253731343284","2","1","3","quality_low"
"2481","px_c9f69bff51ec8487","0.0149253731343284","1","1","3","quality_low"
"2482","px_c9f69bff51ec8487","0.0149253731343284","1","1","3","quality_low"
"2483","px_c9f69bff51ec8487","0.0149253731343284","1","1","3","quality_low"
"2484","px_c9f69bff51ec8487","0.0149253731343284","1","1","3","quality_low"
"2485","px_c9f69bff51ec8487","0.0149253731343284","1","1","3","quality_low"
"2486","px_c9f69bff51ec8487","0.0149253731343284","1","1","3","quality_low"
"2487","px_c9f69bff51ec8487","0.0149253731343284","1","1","3","quality_low"
"2488","px_c9f69bff51ec8487","0.0149253731343284","1","1","3","quality_low"
"2489","px_c9f69bff51ec8487","0.0149253731343284","1","1","3","quality_low"
"2490","px_c9f69bff51ec8487","0.0149253731343284","1","1","3","quality_low"
"2491","px_c9f69bff51ec8487","0.0149253731343284","1","1","3","quality_low"
"2492","px_c9f69bff51ec8487","0.0149253731343284","1","1","3","quality_low"
"2493","px_c9f69bff51ec8487","0.0149253731343284","1","2","3","quality_low"
"2494","px_c9f69bff51ec8487","0.0149253731343284","2","2","3","quality_low"
"2495","px_c9f69bff51ec8487","0.0149253731343284","2","1","3","quality_low"
"2496","px_c9f69bff51ec8487","0.0149253731343284","1","1","3","quality_low"
"2497","px_c9f69bff51ec8487","0.0149253731343284","1","1","3","quality_high"
"2498","px_c9f69bff51ec8487","0.0149253731343284","1","1","3","quality_high"
"2499","px_c9f69bff51ec8487","0.0149253731343284","1","1","3","quality_high"
"2500","px_c9f69bff51ec8487","0.0149253731343284","1","1","3","quality_low"
"2501","px_c9f69bff51ec8487","0.0149253731343284","1","1","3","quality_low"
"2502","px_c9f69bff51ec8487","0.0149253731343284","1","1","3","quality_low"
"2503","px_c9f69bff51ec8487","0.0149253731343284","1","1","3","quality_high"
"2504","px_c9f69bff51ec8487","0.0149253731343284","1","1","3","quality_low"
"2505","px_c9f69bff51ec8487","0.0149253731343284","1","1","3","quality_low"
"2506","px_c9f69bff51ec8487","0.0149253731343284","1","2","3","quality_low"
"2507","px_508213c539221bf8","0.0147058823529412","1","2","2","quality_low"
"2508","px_508213c539221bf8","0.0147058823529412","2","1","2","quality_low"
"2509","px_508213c539221bf8","0.0147058823529412","1","3","2","quality_high"
"2510","px_508213c539221bf8","0.0147058823529412","3","1","2","quality_high"
"2511","px_508213c539221bf8","0.0147058823529412","1","1","2","quality_low"
"2512","px_508213c539221bf8","0.0147058823529412","1","1","2","quality_low"
"2513","px_508213c539221bf8","0.0147058823529412","1","1","2","quality_low"
"2514","px_508213c539221bf8","0.0147058823529412","1","1","2","quality_low"
"2515","px_508213c539221bf8","0.0147058823529412","1","1","1","quality_low"
"2516","px_508213c539221bf8","0.0147058823529412","1","2","1","quality_low"
"2517","px_508213c539221bf8","0.0147058823529412","2","1","1","quality_low"
"2518","px_508213c539221bf8","0.0147058823529412","1","1","2","quality_low"
"2519","px_508213c539221bf8","0.0147058823529412","1","1","3","quality_high"
"2520","px_508213c539221bf8","0.0147058823529412","1","2","2","quality_high"
"2521","px_508213c539221bf8","0.0147058823529412","2","1","2","quality_low"
"2522","px_508213c539221bf8","0.0147058823529412","1","1","2","quality_high"
"2523","px_508213c539221bf8","0.0147058823529412","1","1","2","quality_high"
"2524","px_508213c539221bf8","0.0147058823529412","1","1","2","quality_high"
"2525","px_508213c539221bf8","0.0147058823529412","1","1","2","quality_high"
"2526","px_508213c539221bf8","0.0147058823529412","1","2","2","quality_low"
"2527","px_508213c539221bf8","0.0147058823529412","2","1","2","quality_low"
"2528","px_508213c539221bf8","0.0147058823529412","1","1","2","quality_low"
"2529","px_508213c539221bf8","0.0147058823529412","1","2","1","quality_high"
"2530","px_508213c539221bf8","0.0147058823529412","2","1","1","quality_low"
"2531","px_508213c539221bf8","0.0147058823529412","1","1","1","quality_low"
"2532","px_508213c539221bf8","0.0147058823529412","1","3","2","quality_low"
"2533","px_508213c539221bf8","0.0147058823529412","3","1","1","quality_high"
"2534","px_508213c539221bf8","0.0147058823529412","1","2","1","quality_high"
"2535","px_508213c539221bf8","0.0147058823529412","2","1","1","quality_low"
"2536","px_508213c539221bf8","0.0147058823529412","1","2","1","quality_high"
"2537","px_508213c539221bf8","0.0147058823529412","2","2","1","quality_high"
"2538","px_508213c539221bf8","0.0147058823529412","2","2","1","quality_high"
"2539","px_508213c539221bf8","0.0147058823529412","2","2","1","quality_high"
"2540","px_508213c539221bf8","0.0147058823529412","2","1","1","quality_high"
"2541","px_508213c539221bf8","0.0147058823529412","1","1","1","quality_high"
"2542","px_508213c539221bf8","0.0147058823529412","1","3","1","quality_high"
"2543","px_508213c539221bf8","0.0147058823529412","3","1","2","quality_high"
"2544","px_508213c539221bf8","0.0147058823529412","1","1","1","quality_high"
"2545","px_508213c539221bf8","0.0147058823529412","1","2","1","quality_low"
"2546","px_508213c539221bf8","0.0147058823529412","2","1","1","quality_low"
"2547","px_508213c539221bf8","0.0147058823529412","1","2","1","quality_low"
"2548","px_508213c539221bf8","0.0147058823529412","2","1","1","quality_high"
"2549","px_508213c539221bf8","0.0147058823529412","1","2","1","quality_high"
"2550","px_508213c539221bf8","0.0147058823529412","2","1","1","quality_high"
"2551","px_508213c539221bf8","0.0147058823529412","1","1","1","quality_high"
"2552","px_508213c539221bf8","0.0147058823529412","1","2","1","quality_high"
"2553","px_508213c539221bf8","0.0147058823529412","2","2","1","quality_high"
"2554","px_508213c539221bf8","0.0147058823529412","2","1","1","quality_high"
"2555","px_508213c539221bf8","0.0147058823529412","1","2","1","quality_low"
"2556","px_508213c539221bf8","0.0147058823529412","2","1","3","quality_low"
"2557","px_508213c539221bf8","0.0147058823529412","1","1","1","quality_high"
"2558","px_508213c539221bf8","0.0147058823529412","1","1","1","quality_low"
"2559","px_508213c539221bf8","0.0147058823529412","1","1","1","quality_low"
"2560","px_508213c539221bf8","0.0147058823529412","1","1","2","quality_low"
"2561","px_508213c539221bf8","0.0147058823529412","1","2","2","quality_high"
"2562","px_508213c539221bf8","0.0147058823529412","2","1","2","quality_high"
"2563","px_508213c539221bf8","0.0147058823529412","1","1","1","quality_high"
"2564","px_508213c539221bf8","0.0147058823529412","1","1","1","quality_high"
"2565","px_508213c539221bf8","0.0147058823529412","1","1","1","quality_high"
"2566","px_508213c539221bf8","0.0147058823529412","1","1","1","quality_low"
"2567","px_508213c539221bf8","0.0147058823529412","1","1","1","quality_high"
"2568","px_508213c539221bf8","0.0147058823529412","1","1","1","quality_high"
"2569","px_508213c539221bf8","0.0147058823529412","1","2","1","quality_low"
"2570","px_508213c539221bf8","0.0147058823529412","2","1","1","quality_low"
"2571","px_508213c539221bf8","0.0147058823529412","1","1","2","quality_low"
"2572","px_508213c539221bf8","0.0147058823529412","1","1","2","quality_low"
"2573","px_508213c539221bf8","0.0147058823529412","1","1","1","quality_high"
"2574","px_508213c539221bf8","0.0147058823529412","1","1","2","quality_low"
"2575","px_73dc08c05078d49e","0.008","2","3","3","quality_low"
"2576","px_73dc08c05078d49e","0.008","3","2","2","quality_high"
"2577","px_73dc08c05078d49e","0.008","2","1","3","quality_high"
"2578","px_73dc08c05078d49e","0.008","1","1","3","quality_high"
"2579","px_73dc08c05078d49e","0.008","1","2","3","quality_high"
"2580","px_73dc08c05078d49e","0.008","2","2","3","quality_high"
"2581","px_73dc08c05078d49e","0.008","2","2","3","quality_high"
"2582","px_73dc08c05078d49e","0.008","2","2","3","quality_high"
"2583","px_73dc08c05078d49e","0.008","2","3","3","quality_high"
"2584","px_73dc08c05078d49e","0.008","3","3","3","quality_high"
"2585","px_73dc08c05078d49e","0.008","3","3","3","quality_high"
"2586","px_73dc08c05078d49e","0.008","3","2","2","quality_high"
"2587","px_73dc08c05078d49e","0.008","2","2","3","quality_high"
"2588","px_73dc08c05078d49e","0.008","2","3","3","quality_high"
"2589","px_73dc08c05078d49e","0.008","3","3","3","quality_high"
"2590","px_73dc08c05078d49e","0.008","3","3","3","quality_high"
"2591","px_73dc08c05078d49e","0.008","3","2","3","quality_high"
"2592","px_73dc08c05078d49e","0.008","2","1","2","quality_high"
"2593","px_73dc08c05078d49e","0.008","1","2","2","quality_high"
"2594","px_73dc08c05078d49e","0.008","2","2","3","quality_high"
"2595","px_73dc08c05078d49e","0.008","2","2","3","quality_high"
"2596","px_73dc08c05078d49e","0.008","2","2","3","quality_high"
"2597","px_73dc08c05078d49e","0.008","2","2","2","quality_high"
"2598","px_73dc08c05078d49e","0.008","2","2","2","quality_high"
"2599","px_73dc08c05078d49e","0.008","2","2","3","quality_high"
"2600","px_73dc08c05078d49e","0.008","2","2","1","quality_low"
"2601","px_73dc08c05078d49e","0.008","2","2","2","quality_low"
"2602","px_73dc08c05078d49e","0.008","2","2","2","quality_low"
"2603","px_73dc08c05078d49e","0.008","2","2","1","quality_low"
"2604","px_73dc08c05078d49e","0.008","2","2","2","quality_low"
"2605","px_73dc08c05078d49e","0.008","2","2","2","quality_high"
"2606","px_73dc08c05078d49e","0.008","2","2","2","quality_low"
"2607","px_73dc08c05078d49e","0.008","2","2","1","quality_low"
"2608","px_73dc08c05078d49e","0.008","2","2","3","quality_high"
"2609","px_73dc08c05078d49e","0.008","2","2","3","quality_high"
"2610","px_73dc08c05078d49e","0.008","2","1","2","quality_low"
"2611","px_73dc08c05078d49e","0.008","1","2","2","quality_high"
"2612","px_73dc08c05078d49e","0.008","2","2","3","quality_high"
"2613","px_73dc08c05078d49e","0.008","2","2","3","quality_low"
"2614","px_73dc08c05078d49e","0.008","2","2","2","quality_low"
"2615","px_73dc08c05078d49e","0.008","2","1","3","quality_low"
"2616","px_73dc08c05078d49e","0.008","1","2","2","quality_low"
"2617","px_73dc08c05078d49e","0.008","2","3","3","quality_high"
"2618","px_73dc08c05078d49e","0.008","3","1","3","quality_high"
"2619","px_73dc08c05078d49e","0.008","1","1","3","quality_high"
"2620","px_73dc08c05078d49e","0.008","1","1","3","quality_high"
"2621","px_73dc08c05078d49e","0.008","1","3","2","quality_high"
"2622","px_73dc08c05078d49e","0.008","3","2","2","quality_low"
"2623","px_73dc08c05078d49e","0.008","2","2","3","quality_low"
"2624","px_73dc08c05078d49e","0.008","2","2","3","quality_high"
"2625","px_73dc08c05078d49e","0.008","2","2","3","quality_high"
"2626","px_73dc08c05078d49e","0.008","2","2","3","quality_high"
"2627","px_73dc08c05078d49e","0.008","2","2","3","quality_low"
"2628","px_73dc08c05078d49e","0.008","2","2","3","quality_high"
"2629","px_73dc08c05078d49e","0.008","2","2","3","quality_high"
"2630","px_73dc08c05078d49e","0.008","2","2","3","quality_low"
"2631","px_73dc08c05078d49e","0.008","2","1","3","quality_high"
"2632","px_73dc08c05078d49e","0.008","1","3","3","quality_high"
"2633","px_73dc08c05078d49e","0.008","3","2","3","quality_low"
"2634","px_73dc08c05078d49e","0.008","2","3","2","quality_low"
"2635","px_73dc08c05078d49e","0.008","3","2","3","quality_low"
"2636","px_73dc08c05078d49e","0.008","2","2","3","quality_low"
"2637","px_73dc08c05078d49e","0.008","2","2","2","quality_high"
"2638","px_73dc08c05078d49e","0.008","2","2","2","quality_low"
"2639","px_73dc08c05078d49e","0.008","2","2","3","quality_high"
"2640","px_73dc08c05078d49e","0.008","2","3","3","quality_high"
"2641","px_73dc08c05078d49e","0.008","3","2","3","quality_low"
"2642","px_73dc08c05078d49e","0.008","2","2","3","quality_high"
"2643","px_73dc08c05078d49e","0.008","2","2","2","quality_high"
"2644","px_73dc08c05078d49e","0.008","2","2","2","quality_low"
"2645","px_73dc08c05078d49e","0.008","2","2","2","quality_low"
"2646","px_73dc08c05078d49e","0.008","2","2","2","quality_high"
"2647","px_73dc08c05078d49e","0.008","2","2","2","quality_high"
"2648","px_73dc08c05078d49e","0.008","2","3","2","quality_low"
"2649","px_73dc08c05078d49e","0.008","3","2","2","quality_low"
"2650","px_73dc08c05078d49e","0.008","2","2","3","quality_low"
"2651","px_73dc08c05078d49e","0.008","2","2","1","quality_low"
"2652","px_73dc08c05078d49e","0.008","2","2","2","quality_low"
"2653","px_73dc08c05078d49e","0.008","2","2","3","quality_high"
"2654","px_73dc08c05078d49e","0.008","2","2","3","quality_high"
"2655","px_73dc08c05078d49e","0.008","2","2","2","quality_high"
"2656","px_73dc08c05078d49e","0.008","2","2","3","quality_high"
"2657","px_73dc08c05078d49e","0.008","2","1","3","quality_high"
"2658","px_73dc08c05078d49e","0.008","1","3","3","quality_high"
"2659","px_73dc08c05078d49e","0.008","3","2","3","quality_high"
"2660","px_73dc08c05078d49e","0.008","2","1","3","quality_high"
"2661","px_73dc08c05078d49e","0.008","1","1","3","quality_high"
"2662","px_73dc08c05078d49e","0.008","1","1","3","quality_high"
"2663","px_73dc08c05078d49e","0.008","1","2","3","quality_high"
"2664","px_73dc08c05078d49e","0.008","2","2","1","quality_low"
"2665","px_73dc08c05078d49e","0.008","2","1","3","quality_low"
"2666","px_73dc08c05078d49e","0.008","1","1","3","quality_high"
"2667","px_73dc08c05078d49e","0.008","1","3","3","quality_high"
"2668","px_73dc08c05078d49e","0.008","3","2","3","quality_low"
"2669","px_73dc08c05078d49e","0.008","2","1","3","quality_high"
"2670","px_73dc08c05078d49e","0.008","1","1","3","quality_low"
"2671","px_73dc08c05078d49e","0.008","1","2","3","quality_high"
"2672","px_73dc08c05078d49e","0.008","2","1","2","quality_low"
"2673","px_73dc08c05078d49e","0.008","1","2","2","quality_high"
"2674","px_73dc08c05078d49e","0.008","2","2","1","quality_low"
"2675","px_73dc08c05078d49e","0.008","2","1","3","quality_high"
"2676","px_73dc08c05078d49e","0.008","1","1","2","quality_high"
"2677","px_73dc08c05078d49e","0.008","1","1","2","quality_high"
"2678","px_73dc08c05078d49e","0.008","1","1","2","quality_low"
"2679","px_73dc08c05078d49e","0.008","1","2","1","quality_low"
"2680","px_73dc08c05078d49e","0.008","2","1","2","quality_high"
"2681","px_73dc08c05078d49e","0.008","1","2","2","quality_high"
"2682","px_73dc08c05078d49e","0.008","2","2","2","quality_high"
"2683","px_73dc08c05078d49e","0.008","2","2","2","quality_low"
"2684","px_73dc08c05078d49e","0.008","2","2","2","quality_low"
"2685","px_73dc08c05078d49e","0.008","2","2","2","quality_low"
"2686","px_73dc08c05078d49e","0.008","2","1","2","quality_high"
"2687","px_73dc08c05078d49e","0.008","1","1","2","quality_low"
"2688","px_73dc08c05078d49e","0.008","1","1","2","quality_low"
"2689","px_73dc08c05078d49e","0.008","1","1","3","quality_high"
"2690","px_73dc08c05078d49e","0.008","1","1","3","quality_high"
"2691","px_73dc08c05078d49e","0.008","1","2","3","quality_low"
"2692","px_73dc08c05078d49e","0.008","2","1","3","quality_high"
"2693","px_73dc08c05078d49e","0.008","1","1","3","quality_low"
"2694","px_73dc08c05078d49e","0.008","1","1","3","quality_low"
"2695","px_73dc08c05078d49e","0.008","1","2","3","quality_high"
"2696","px_73dc08c05078d49e","0.008","2","1","3","quality_low"
"2697","px_73dc08c05078d49e","0.008","1","1","3","quality_low"
"2698","px_73dc08c05078d49e","0.008","1","1","2","quality_low"
"2699","px_73dc08c05078d49e","0.008","1","1","3","quality_high"
"2700","px_c32a4ff040331d96","0.142857142857143","2","2","2","quality_high"
"2701","px_c32a4ff040331d96","0.142857142857143","2","3","2","quality_high"
"2702","px_c32a4ff040331d96","0.142857142857143","3","3","2","quality_high"
"2703","px_c32a4ff040331d96","0.142857142857143","3","3","2","quality_high"
"2704","px_c32a4ff040331d96","0.142857142857143","3","3","2","quality_high"
"2705","px_c32a4ff040331d96","0.142857142857143","3","3","2","quality_low"
"2706","px_c32a4ff040331d96","0.142857142857143","3","3","2","quality_high"
"2707","px_cb148164d1ea2a7d","0.0625","1","1","1","quality_low"
"2708","px_cb148164d1ea2a7d","0.0625","1","1","1","quality_low"
"2709","px_cb148164d1ea2a7d","0.0625","1","1","1","quality_low"
"2710","px_cb148164d1ea2a7d","0.0625","1","1","1","quality_low"
"2711","px_cb148164d1ea2a7d","0.0625","1","1","1","quality_low"
"2712","px_cb148164d1ea2a7d","0.0625","1","1","1","quality_low"
"2713","px_cb148164d1ea2a7d","0.0625","1","1","1","quality_low"
"2714","px_cb148164d1ea2a7d","0.0625","1","1","1","quality_low"
"2715","px_cb148164d1ea2a7d","0.0625","1","1","1","quality_low"
"2716","px_cb148164d1ea2a7d","0.0625","1","1","2","quality_low"
"2717","px_cb148164d1ea2a7d","0.0625","1","1","1","quality_low"
"2718","px_cb148164d1ea2a7d","0.0625","1","1","1","quality_low"
"2719","px_cb148164d1ea2a7d","0.0625","1","1","1","quality_low"
"2720","px_cb148164d1ea2a7d","0.0625","1","1","1","quality_high"
"2721","px_cb148164d1ea2a7d","0.0625","1","1","1","quality_low"
"2722","px_cb148164d1ea2a7d","0.0625","1","1","1","quality_low"
"2723","px_d35358f7c5d39742","0.0108695652173913","1","2","2","quality_low"
"2724","px_d35358f7c5d39742","0.0108695652173913","2","1","3","quality_high"
"2725","px_d35358f7c5d39742","0.0108695652173913","1","2","2","quality_low"
"2726","px_d35358f7c5d39742","0.0108695652173913","2","2","3","quality_low"
"2727","px_d35358f7c5d39742","0.0108695652173913","2","1","3","quality_low"
"2728","px_d35358f7c5d39742","0.0108695652173913","1","2","3","quality_low"
"2729","px_d35358f7c5d39742","0.0108695652173913","2","2","2","quality_low"
"2730","px_d35358f7c5d39742","0.0108695652173913","2","1","3","quality_low"
"2731","px_d35358f7c5d39742","0.0108695652173913","1","2","3","quality_low"
"2732","px_d35358f7c5d39742","0.0108695652173913","2","2","3","quality_low"
"2733","px_d35358f7c5d39742","0.0108695652173913","2","2","3","quality_low"
"2734","px_d35358f7c5d39742","0.0108695652173913","2","2","3","quality_low"
"2735","px_d35358f7c5d39742","0.0108695652173913","2","2","3","quality_low"
"2736","px_d35358f7c5d39742","0.0108695652173913","2","1","2","quality_low"
"2737","px_d35358f7c5d39742","0.0108695652173913","1","2","3","quality_low"
"2738","px_d35358f7c5d39742","0.0108695652173913","2","1","2","quality_low"
"2739","px_d35358f7c5d39742","0.0108695652173913","1","2","2","quality_low"
"2740","px_d35358f7c5d39742","0.0108695652173913","2","2","1","quality_low"
"2741","px_d35358f7c5d39742","0.0108695652173913","2","2","2","quality_low"
"2742","px_d35358f7c5d39742","0.0108695652173913","2","2","2","quality_low"
"2743","px_d35358f7c5d39742","0.0108695652173913","2","1","2","quality_low"
"2744","px_d35358f7c5d39742","0.0108695652173913","1","1","2","quality_low"
"2745","px_d35358f7c5d39742","0.0108695652173913","1","2","3","quality_low"
"2746","px_d35358f7c5d39742","0.0108695652173913","2","2","3","quality_low"
"2747","px_d35358f7c5d39742","0.0108695652173913","2","2","3","quality_low"
"2748","px_d35358f7c5d39742","0.0108695652173913","2","2","3","quality_low"
"2749","px_d35358f7c5d39742","0.0108695652173913","2","3","2","quality_low"
"2750","px_d35358f7c5d39742","0.0108695652173913","3","2","3","quality_low"
"2751","px_d35358f7c5d39742","0.0108695652173913","2","3","3","quality_low"
"2752","px_d35358f7c5d39742","0.0108695652173913","3","2","3","quality_low"
"2753","px_d35358f7c5d39742","0.0108695652173913","2","2","3","quality_low"
"2754","px_d35358f7c5d39742","0.0108695652173913","2","2","3","quality_low"
"2755","px_d35358f7c5d39742","0.0108695652173913","2","2","3","quality_low"
"2756","px_d35358f7c5d39742","0.0108695652173913","2","2","3","quality_low"
"2757","px_d35358f7c5d39742","0.0108695652173913","2","1","3","quality_low"
"2758","px_d35358f7c5d39742","0.0108695652173913","1","1","2","quality_low"
"2759","px_d35358f7c5d39742","0.0108695652173913","1","1","3","quality_low"
"2760","px_d35358f7c5d39742","0.0108695652173913","1","1","2","quality_low"
"2761","px_d35358f7c5d39742","0.0108695652173913","1","2","3","quality_low"
"2762","px_d35358f7c5d39742","0.0108695652173913","2","1","1","quality_low"
"2763","px_d35358f7c5d39742","0.0108695652173913","1","1","2","quality_low"
"2764","px_d35358f7c5d39742","0.0108695652173913","1","2","2","quality_low"
"2765","px_d35358f7c5d39742","0.0108695652173913","2","1","3","quality_low"
"2766","px_d35358f7c5d39742","0.0108695652173913","1","1","3","quality_low"
"2767","px_d35358f7c5d39742","0.0108695652173913","1","1","3","quality_low"
"2768","px_d35358f7c5d39742","0.0108695652173913","1","2","3","quality_low"
"2769","px_d35358f7c5d39742","0.0108695652173913","2","1","3","quality_low"
"2770","px_d35358f7c5d39742","0.0108695652173913","1","1","3","quality_low"
"2771","px_d35358f7c5d39742","0.0108695652173913","1","2","3","quality_low"
"2772","px_d35358f7c5d39742","0.0108695652173913","2","1","2","quality_low"
"2773","px_d35358f7c5d39742","0.0108695652173913","1","1","3","quality_low"
"2774","px_d35358f7c5d39742","0.0108695652173913","1","1","3","quality_low"
"2775","px_d35358f7c5d39742","0.0108695652173913","1","1","3","quality_low"
"2776","px_d35358f7c5d39742","0.0108695652173913","1","2","3","quality_low"
"2777","px_d35358f7c5d39742","0.0108695652173913","2","1","3","quality_low"
"2778","px_d35358f7c5d39742","0.0108695652173913","2","1","3","quality_low"
"2779","px_d35358f7c5d39742","0.0108695652173913","1","2","3","quality_low"
"2780","px_d35358f7c5d39742","0.0108695652173913","2","1","2","quality_low"
"2781","px_d35358f7c5d39742","0.0108695652173913","1","1","3","quality_low"
"2782","px_d35358f7c5d39742","0.0108695652173913","1","1","3","quality_low"
"2783","px_d35358f7c5d39742","0.0108695652173913","1","1","3","quality_low"
"2784","px_d35358f7c5d39742","0.0108695652173913","1","1","2","quality_low"
"2785","px_d35358f7c5d39742","0.0108695652173913","1","1","3","quality_low"
"2786","px_d35358f7c5d39742","0.0108695652173913","1","1","2","quality_low"
"2787","px_d35358f7c5d39742","0.0108695652173913","1","3","3","quality_low"
"2788","px_d35358f7c5d39742","0.0108695652173913","3","3","3","quality_low"
"2789","px_d35358f7c5d39742","0.0108695652173913","1","1","3","quality_low"
"2790","px_d35358f7c5d39742","0.0108695652173913","1","1","3","quality_low"
"2791","px_d35358f7c5d39742","0.0108695652173913","1","2","3","quality_low"
"2792","px_d35358f7c5d39742","0.0108695652173913","2","1","3","quality_low"
"2793","px_d35358f7c5d39742","0.0108695652173913","1","1","3","quality_low"
"2794","px_d35358f7c5d39742","0.0108695652173913","1","3","3","quality_low"
"2795","px_d35358f7c5d39742","0.0108695652173913","3","1","3","quality_low"
"2796","px_d35358f7c5d39742","0.0108695652173913","1","1","3","quality_low"
"2797","px_d35358f7c5d39742","0.0108695652173913","1","1","3","quality_low"
"2798","px_d35358f7c5d39742","0.0108695652173913","1","2","3","quality_low"
"2799","px_d35358f7c5d39742","0.0108695652173913","2","1","3","quality_low"
"2800","px_d35358f7c5d39742","0.0108695652173913","1","1","3","quality_low"
"2801","px_d35358f7c5d39742","0.0108695652173913","1","1","3","quality_high"
"2802","px_d35358f7c5d39742","0.0108695652173913","1","1","3","quality_low"
"2803","px_d35358f7c5d39742","0.0108695652173913","1","1","3","quality_low"
"2804","px_d35358f7c5d39742","0.0108695652173913","1","1","3","quality_high"
"2805","px_d35358f7c5d39742","0.0108695652173913","1","3","3","quality_high"
"2806","px_d35358f7c5d39742","0.0108695652173913","3","1","3","quality_high"
"2807","px_d35358f7c5d39742","0.0108695652173913","1","1","3","quality_high"
"2808","px_d35358f7c5d39742","0.0108695652173913","1","1","3","quality_low"
"2809","px_d35358f7c5d39742","0.0108695652173913","1","1","3","quality_low"
"2810","px_d35358f7c5d39742","0.0108695652173913","1","1","3","quality_low"
"2811","px_d35358f7c5d39742","0.0108695652173913","1","1","3","quality_high"
"2812","px_d35358f7c5d39742","0.0108695652173913","1","1","3","quality_low"
"2813","px_d35358f7c5d39742","0.0108695652173913","1","2","3","quality_low"
"2814","px_d35358f7c5d39742","0.0108695652173913","2","1","3","quality_low"
"2815","px_37831cdb12725bf3","0.166666666666667","3","1","2","quality_high"
"2816","px_37831cdb12725bf3","0.166666666666667","1","1","2","quality_low"
"2817","px_37831cdb12725bf3","0.166666666666667","1","2","1","quality_low"
"2818","px_37831cdb12725bf3","0.166666666666667","2","2","1","quality_high"
"2819","px_37831cdb12725bf3","0.166666666666667","2","2","1","quality_high"
"2820","px_37831cdb12725bf3","0.166666666666667","2","1","1","quality_high"
"2821","px_2c724a52eb656f17","0.00833333333333333","2","2","1","quality_low"
"2822","px_2c724a52eb656f17","0.00833333333333333","2","3","1","quality_low"
"2823","px_2c724a52eb656f17","0.00833333333333333","3","2","1","quality_high"
"2824","px_2c724a52eb656f17","0.00833333333333333","2","2","1","quality_high"
"2825","px_2c724a52eb656f17","0.00833333333333333","2","2","1","quality_high"
"2826","px_2c724a52eb656f17","0.00833333333333333","2","2","2","quality_low"
"2827","px_2c724a52eb656f17","0.00833333333333333","2","2","1","quality_low"
"2828","px_2c724a52eb656f17","0.00833333333333333","2","2","1","quality_low"
"2829","px_2c724a52eb656f17","0.00833333333333333","2","2","1","quality_high"
"2830","px_2c724a52eb656f17","0.00833333333333333","2","2","1","quality_low"
"2831","px_2c724a52eb656f17","0.00833333333333333","2","2","1","quality_high"
"2832","px_2c724a52eb656f17","0.00833333333333333","2","2","1","quality_high"
"2833","px_2c724a52eb656f17","0.00833333333333333","2","2","1","quality_high"
"2834","px_2c724a52eb656f17","0.00833333333333333","2","2","2","quality_low"
"2835","px_2c724a52eb656f17","0.00833333333333333","2","2","1","quality_low"
"2836","px_2c724a52eb656f17","0.00833333333333333","2","2","1","quality_low"
"2837","px_2c724a52eb656f17","0.00833333333333333","2","2","1","quality_low"
"2838","px_2c724a52eb656f17","0.00833333333333333","2","2","1","quality_low"
"2839","px_2c724a52eb656f17","0.00833333333333333","2","2","1","quality_low"
"2840","px_2c724a52eb656f17","0.00833333333333333","2","2","1","quality_low"
"2841","px_2c724a52eb656f17","0.00833333333333333","2","2","1","quality_low"
"2842","px_2c724a52eb656f17","0.00833333333333333","2","2","1","quality_low"
"2843","px_2c724a52eb656f17","0.00833333333333333","2","2","1","quality_low"
"2844","px_2c724a52eb656f17","0.00833333333333333","2","2","1","quality_low"
"2845","px_2c724a52eb656f17","0.00833333333333333","2","2","1","quality_low"
"2846","px_2c724a52eb656f17","0.00833333333333333","2","2","1","quality_low"
"2847","px_2c724a52eb656f17","0.00833333333333333","2","2","1","quality_low"
"2848","px_2c724a52eb656f17","0.00833333333333333","2","2","1","quality_low"
"2849","px_2c724a52eb656f17","0.00833333333333333","2","2","1","quality_low"
"2850","px_2c724a52eb656f17","0.00833333333333333","2","3","1","quality_low"
"2851","px_2c724a52eb656f17","0.00833333333333333","3","2","1","quality_low"
"2852","px_2c724a52eb656f17","0.00833333333333333","2","2","1","quality_low"
"2853","px_2c724a52eb656f17","0.00833333333333333","2","2","1","quality_low"
"2854","px_2c724a52eb656f17","0.00833333333333333","2","2","1","quality_low"
"2855","px_2c724a52eb656f17","0.00833333333333333","2","2","1","quality_low"
"2856","px_2c724a52eb656f17","0.00833333333333333","2","2","1","quality_low"
"2857","px_2c724a52eb656f17","0.00833333333333333","2","2","1","quality_low"
"2858","px_2c724a52eb656f17","0.00833333333333333","2","2","1","quality_low"
"2859","px_2c724a52eb656f17","0.00833333333333333","2","2","1","quality_low"
"2860","px_2c724a52eb656f17","0.00833333333333333","2","2","1","quality_low"
"2861","px_2c724a52eb656f17","0.00833333333333333","2","2","1","quality_low"
"2862","px_2c724a52eb656f17","0.00833333333333333","2","2","1","quality_low"
"2863","px_2c724a52eb656f17","0.00833333333333333","2","2","1","quality_low"
"2864","px_2c724a52eb656f17","0.00833333333333333","2","2","1","quality_low"
"2865","px_2c724a52eb656f17","0.00833333333333333","2","2","1","quality_low"
"2866","px_2c724a52eb656f17","0.00833333333333333","2","2","1","quality_low"
"2867","px_2c724a52eb656f17","0.00833333333333333","2","2","2","quality_high"
"2868","px_2c724a52eb656f17","0.00833333333333333","2","2","1","quality_low"
"2869","px_2c724a52eb656f17","0.00833333333333333","2","2","1","quality_low"
"2870","px_2c724a52eb656f17","0.00833333333333333","2","2","1","quality_high"
"2871","px_2c724a52eb656f17","0.00833333333333333","2","2","1","quality_high"
"2872","px_2c724a52eb656f17","0.00833333333333333","2","2","1","quality_low"
"2873","px_2c724a52eb656f17","0.00833333333333333","2","3","2","quality_high"
"2874","px_2c724a52eb656f17","0.00833333333333333","3","2","1","quality_high"
"2875","px_2c724a52eb656f17","0.00833333333333333","2","2","1","quality_high"
"2876","px_2c724a52eb656f17","0.00833333333333333","2","2","1","quality_high"
"2877","px_2c724a52eb656f17","0.00833333333333333","2","2","1","quality_high"
"2878","px_2c724a52eb656f17","0.00833333333333333","2","2","1","quality_high"
"2879","px_2c724a52eb656f17","0.00833333333333333","2","2","1","quality_high"
"2880","px_2c724a52eb656f17","0.00833333333333333","2","2","1","quality_high"
"2881","px_2c724a52eb656f17","0.00833333333333333","2","2","1","quality_high"
"2882","px_2c724a52eb656f17","0.00833333333333333","2","2","1","quality_high"
"2883","px_2c724a52eb656f17","0.00833333333333333","2","2","1","quality_high"
"2884","px_2c724a52eb656f17","0.00833333333333333","2","2","1","quality_high"
"2885","px_2c724a52eb656f17","0.00833333333333333","2","2","1","quality_high"
"2886","px_2c724a52eb656f17","0.00833333333333333","2","2","1","quality_high"
"2887","px_2c724a52eb656f17","0.00833333333333333","2","2","1","quality_high"
"2888","px_2c724a52eb656f17","0.00833333333333333","2","2","1","quality_high"
"2889","px_2c724a52eb656f17","0.00833333333333333","2","2","1","quality_high"
"2890","px_2c724a52eb656f17","0.00833333333333333","2","2","1","quality_high"
"2891","px_2c724a52eb656f17","0.00833333333333333","2","3","2","quality_high"
"2892","px_2c724a52eb656f17","0.00833333333333333","3","2","1","quality_high"
"2893","px_2c724a52eb656f17","0.00833333333333333","2","2","1","quality_high"
"2894","px_2c724a52eb656f17","0.00833333333333333","2","2","1","quality_high"
"2895","px_2c724a52eb656f17","0.00833333333333333","2","2","1","quality_high"
"2896","px_2c724a52eb656f17","0.00833333333333333","2","2","1","quality_high"
"2897","px_2c724a52eb656f17","0.00833333333333333","2","3","1","quality_high"
"2898","px_2c724a52eb656f17","0.00833333333333333","3","2","1","quality_low"
"2899","px_2c724a52eb656f17","0.00833333333333333","2","3","1","quality_high"
"2900","px_2c724a52eb656f17","0.00833333333333333","3","2","1","quality_high"
"2901","px_2c724a52eb656f17","0.00833333333333333","2","2","1","quality_high"
"2902","px_2c724a52eb656f17","0.00833333333333333","2","2","1","quality_high"
"2903","px_2c724a52eb656f17","0.00833333333333333","2","2","1","quality_high"
"2904","px_2c724a52eb656f17","0.00833333333333333","2","2","1","quality_high"
"2905","px_2c724a52eb656f17","0.00833333333333333","2","2","1","quality_high"
"2906","px_2c724a52eb656f17","0.00833333333333333","2","2","1","quality_high"
"2907","px_2c724a52eb656f17","0.00833333333333333","2","2","1","quality_high"
"2908","px_2c724a52eb656f17","0.00833333333333333","2","2","1","quality_high"
"2909","px_2c724a52eb656f17","0.00833333333333333","2","2","1","quality_high"
"2910","px_2c724a52eb656f17","0.00833333333333333","2","2","1","quality_high"
"2911","px_2c724a52eb656f17","0.00833333333333333","2","2","2","quality_high"
"2912","px_2c724a52eb656f17","0.00833333333333333","2","2","1","quality_high"
"2913","px_2c724a52eb656f17","0.00833333333333333","2","2","1","quality_high"
"2914","px_2c724a52eb656f17","0.00833333333333333","2","2","1","quality_high"
"2915","px_2c724a52eb656f17","0.00833333333333333","2","2","1","quality_high"
"2916","px_2c724a52eb656f17","0.00833333333333333","2","2","1","quality_high"
"2917","px_2c724a52eb656f17","0.00833333333333333","2","2","1","quality_high"
"2918","px_2c724a52eb656f17","0.00833333333333333","2","2","1","quality_high"
"2919","px_2c724a52eb656f17","0.00833333333333333","2","2","1","quality_high"
"2920","px_2c724a52eb656f17","0.00833333333333333","2","2","1","quality_high"
"2921","px_2c724a52eb656f17","0.00833333333333333","2","2","1","quality_high"
"2922","px_2c724a52eb656f17","0.00833333333333333","2","2","1","quality_high"
"2923","px_2c724a52eb656f17","0.00833333333333333","2","2","1","quality_high"
"2924","px_2c724a52eb656f17","0.00833333333333333","2","2","1","quality_high"
"2925","px_2c724a52eb656f17","0.00833333333333333","2","2","1","quality_high"
"2926","px_2c724a52eb656f17","0.00833333333333333","2","2","1","quality_high"
"2927","px_2c724a52eb656f17","0.00833333333333333","2","2","1","quality_high"
"2928","px_2c724a52eb656f17","0.00833333333333333","2","2","2","quality_high"
"2929","px_2c724a52eb656f17","0.00833333333333333","2","2","2","quality_high"
"2930","px_2c724a52eb656f17","0.00833333333333333","2","2","1","quality_high"
"2931","px_2c724a52eb656f17","0.00833333333333333","2","2","1","quality_high"
"2932","px_2c724a52eb656f17","0.00833333333333333","2","2","1","quality_high"
"2933","px_2c724a52eb656f17","0.00833333333333333","2","2","1","quality_high"
"2934","px_2c724a52eb656f17","0.00833333333333333","2","2","1","quality_high"
"2935","px_2c724a52eb656f17","0.00833333333333333","2","2","1","quality_high"
"2936","px_2c724a52eb656f17","0.00833333333333333","2","2","1","quality_high"
"2937","px_2c724a52eb656f17","0.00833333333333333","2","2","1","quality_high"
"2938","px_2c724a52eb656f17","0.00833333333333333","2","2","1","quality_high"
"2939","px_2c724a52eb656f17","0.00833333333333333","2","3","1","quality_high"
"2940","px_2c724a52eb656f17","0.00833333333333333","3","3","1","quality_high"
"2941","px_cd4f07bd900fc8d4","0.0238095238095238","3","3","1","quality_low"
"2942","px_cd4f07bd900fc8d4","0.0238095238095238","3","3","1","quality_high"
"2943","px_cd4f07bd900fc8d4","0.0238095238095238","3","3","2","quality_low"
"2944","px_cd4f07bd900fc8d4","0.0238095238095238","3","3","1","quality_low"
"2945","px_cd4f07bd900fc8d4","0.0238095238095238","3","3","1","quality_low"
"2946","px_cd4f07bd900fc8d4","0.0238095238095238","3","3","1","quality_low"
"2947","px_cd4f07bd900fc8d4","0.0238095238095238","3","1","1","quality_low"
"2948","px_cd4f07bd900fc8d4","0.0238095238095238","1","1","2","quality_low"
"2949","px_cd4f07bd900fc8d4","0.0238095238095238","1","3","2","quality_low"
"2950","px_cd4f07bd900fc8d4","0.0238095238095238","3","3","2","quality_low"
"2951","px_cd4f07bd900fc8d4","0.0238095238095238","3","3","2","quality_low"
"2952","px_cd4f07bd900fc8d4","0.0238095238095238","3","3","2","quality_low"
"2953","px_cd4f07bd900fc8d4","0.0238095238095238","3","3","2","quality_low"
"2954","px_cd4f07bd900fc8d4","0.0238095238095238","3","3","2","quality_low"
"2955","px_cd4f07bd900fc8d4","0.0238095238095238","3","2","2","quality_high"
"2956","px_cd4f07bd900fc8d4","0.0238095238095238","2","3","1","quality_low"
"2957","px_cd4f07bd900fc8d4","0.0238095238095238","3","2","2","quality_low"
"2958","px_cd4f07bd900fc8d4","0.0238095238095238","2","3","2","quality_low"
"2959","px_cd4f07bd900fc8d4","0.0238095238095238","3","2","1","quality_low"
"2960","px_cd4f07bd900fc8d4","0.0238095238095238","2","2","2","quality_low"
"2961","px_cd4f07bd900fc8d4","0.0238095238095238","2","3","2","quality_high"
"2962","px_cd4f07bd900fc8d4","0.0238095238095238","3","3","1","quality_high"
"2963","px_cd4f07bd900fc8d4","0.0238095238095238","3","3","2","quality_high"
"2964","px_cd4f07bd900fc8d4","0.0238095238095238","3","2","2","quality_high"
"2965","px_cd4f07bd900fc8d4","0.0238095238095238","2","3","1","quality_high"
"2966","px_cd4f07bd900fc8d4","0.0238095238095238","3","3","1","quality_low"
"2967","px_cd4f07bd900fc8d4","0.0238095238095238","2","2","1","quality_low"
"2968","px_cd4f07bd900fc8d4","0.0238095238095238","2","2","1","quality_low"
"2969","px_cd4f07bd900fc8d4","0.0238095238095238","2","2","1","quality_high"
"2970","px_cd4f07bd900fc8d4","0.0238095238095238","2","2","1","quality_high"
"2971","px_cd4f07bd900fc8d4","0.0238095238095238","2","2","1","quality_low"
"2972","px_cd4f07bd900fc8d4","0.0238095238095238","3","3","1","quality_low"
"2973","px_cd4f07bd900fc8d4","0.0238095238095238","3","3","1","quality_low"
"2974","px_cd4f07bd900fc8d4","0.0238095238095238","2","3","2","quality_low"
"2975","px_cd4f07bd900fc8d4","0.0238095238095238","3","2","2","quality_low"
"2976","px_cd4f07bd900fc8d4","0.0238095238095238","2","3","3","quality_low"
"2977","px_cd4f07bd900fc8d4","0.0238095238095238","2","2","1","quality_low"
"2978","px_cd4f07bd900fc8d4","0.0238095238095238","2","2","1","quality_low"
"2979","px_cd4f07bd900fc8d4","0.0238095238095238","3","2","1","quality_low"
"2980","px_cd4f07bd900fc8d4","0.0238095238095238","2","2","1","quality_low"
"2981","px_cd4f07bd900fc8d4","0.0238095238095238","2","3","2","quality_low"
"2982","px_cd4f07bd900fc8d4","0.0238095238095238","3","1","2","quality_low"
"2983","px_20d65a45feb30256","0.0087719298245614","2","3","3","quality_low"
"2984","px_20d65a45feb30256","0.0087719298245614","3","2","3","quality_low"
"2985","px_20d65a45feb30256","0.0087719298245614","2","1","2","quality_low"
"2986","px_20d65a45feb30256","0.0087719298245614","1","2","3","quality_low"
"2987","px_20d65a45feb30256","0.0087719298245614","2","1","2","quality_low"
"2988","px_20d65a45feb30256","0.0087719298245614","1","1","2","quality_low"
"2989","px_20d65a45feb30256","0.0087719298245614","1","2","2","quality_low"
"2990","px_20d65a45feb30256","0.0087719298245614","2","2","2","quality_low"
"2991","px_20d65a45feb30256","0.0087719298245614","2","3","2","quality_low"
"2992","px_20d65a45feb30256","0.0087719298245614","3","2","3","quality_low"
"2993","px_20d65a45feb30256","0.0087719298245614","2","2","2","quality_low"
"2994","px_20d65a45feb30256","0.0087719298245614","2","3","2","quality_low"
"2995","px_20d65a45feb30256","0.0087719298245614","2","1","1","quality_low"
"2996","px_20d65a45feb30256","0.0087719298245614","1","2","2","quality_high"
"2997","px_20d65a45feb30256","0.0087719298245614","2","2","2","quality_high"
"2998","px_20d65a45feb30256","0.0087719298245614","2","1","2","quality_high"
"2999","px_20d65a45feb30256","0.0087719298245614","1","2","2","quality_low"
"3000","px_20d65a45feb30256","0.0087719298245614","2","2","1","quality_low"
"3001","px_20d65a45feb30256","0.0087719298245614","2","1","1","quality_high"
"3002","px_20d65a45feb30256","0.0087719298245614","1","2","2","quality_high"
"3003","px_20d65a45feb30256","0.0087719298245614","2","1","3","quality_low"
"3004","px_20d65a45feb30256","0.0087719298245614","1","1","2","quality_high"
"3005","px_20d65a45feb30256","0.0087719298245614","1","1","2","quality_high"
"3006","px_20d65a45feb30256","0.0087719298245614","1","1","2","quality_high"
"3007","px_20d65a45feb30256","0.0087719298245614","1","1","1","quality_low"
"3008","px_20d65a45feb30256","0.0087719298245614","1","1","2","quality_low"
"3009","px_20d65a45feb30256","0.0087719298245614","1","1","2","quality_high"
"3010","px_20d65a45feb30256","0.0087719298245614","1","2","2","quality_high"
"3011","px_20d65a45feb30256","0.0087719298245614","2","1","2","quality_high"
"3012","px_20d65a45feb30256","0.0087719298245614","1","2","3","quality_high"
"3013","px_20d65a45feb30256","0.0087719298245614","2","1","2","quality_high"
"3014","px_20d65a45feb30256","0.0087719298245614","1","1","3","quality_high"
"3015","px_20d65a45feb30256","0.0087719298245614","1","1","2","quality_high"
"3016","px_20d65a45feb30256","0.0087719298245614","1","1","2","quality_high"
"3017","px_20d65a45feb30256","0.0087719298245614","1","2","3","quality_low"
"3018","px_20d65a45feb30256","0.0087719298245614","2","1","3","quality_low"
"3019","px_20d65a45feb30256","0.0087719298245614","1","2","2","quality_low"
"3020","px_20d65a45feb30256","0.0087719298245614","2","1","3","quality_high"
"3021","px_20d65a45feb30256","0.0087719298245614","1","1","3","quality_high"
"3022","px_20d65a45feb30256","0.0087719298245614","1","1","3","quality_high"
"3023","px_20d65a45feb30256","0.0087719298245614","1","2","3","quality_high"
"3024","px_20d65a45feb30256","0.0087719298245614","2","1","3","quality_low"
"3025","px_20d65a45feb30256","0.0087719298245614","1","1","2","quality_low"
"3026","px_20d65a45feb30256","0.0087719298245614","1","1","3","quality_high"
"3027","px_20d65a45feb30256","0.0087719298245614","1","1","2","quality_low"
"3028","px_20d65a45feb30256","0.0087719298245614","1","1","3","quality_high"
"3029","px_20d65a45feb30256","0.0087719298245614","1","1","3","quality_low"
"3030","px_20d65a45feb30256","0.0087719298245614","1","2","3","quality_low"
"3031","px_20d65a45feb30256","0.0087719298245614","2","1","3","quality_low"
"3032","px_20d65a45feb30256","0.0087719298245614","1","2","3","quality_low"
"3033","px_20d65a45feb30256","0.0087719298245614","2","1","2","quality_high"
"3034","px_20d65a45feb30256","0.0087719298245614","1","2","2","quality_high"
"3035","px_20d65a45feb30256","0.0087719298245614","2","1","2","quality_high"
"3036","px_20d65a45feb30256","0.0087719298245614","1","1","2","quality_high"
"3037","px_20d65a45feb30256","0.0087719298245614","1","2","2","quality_high"
"3038","px_20d65a45feb30256","0.0087719298245614","2","2","3","quality_high"
"3039","px_20d65a45feb30256","0.0087719298245614","2","2","3","quality_high"
"3040","px_20d65a45feb30256","0.0087719298245614","2","3","3","quality_high"
"3041","px_20d65a45feb30256","0.0087719298245614","3","2","3","quality_high"
"3042","px_20d65a45feb30256","0.0087719298245614","2","3","2","quality_high"
"3043","px_20d65a45feb30256","0.0087719298245614","3","2","2","quality_high"
"3044","px_20d65a45feb30256","0.0087719298245614","2","2","3","quality_high"
"3045","px_20d65a45feb30256","0.0087719298245614","2","2","2","quality_low"
"3046","px_20d65a45feb30256","0.0087719298245614","2","2","2","quality_low"
"3047","px_20d65a45feb30256","0.0087719298245614","2","2","3","quality_high"
"3048","px_20d65a45feb30256","0.0087719298245614","2","2","3","quality_high"
"3049","px_20d65a45feb30256","0.0087719298245614","2","3","3","quality_high"
"3050","px_20d65a45feb30256","0.0087719298245614","3","2","3","quality_high"
"3051","px_20d65a45feb30256","0.0087719298245614","2","2","2","quality_high"
"3052","px_20d65a45feb30256","0.0087719298245614","2","2","3","quality_high"
"3053","px_20d65a45feb30256","0.0087719298245614","2","2","3","quality_high"
"3054","px_20d65a45feb30256","0.0087719298245614","2","2","3","quality_high"
"3055","px_20d65a45feb30256","0.0087719298245614","2","2","3","quality_high"
"3056","px_20d65a45feb30256","0.0087719298245614","2","2","3","quality_high"
"3057","px_20d65a45feb30256","0.0087719298245614","2","2","2","quality_high"
"3058","px_20d65a45feb30256","0.0087719298245614","2","2","2","quality_high"
"3059","px_20d65a45feb30256","0.0087719298245614","2","2","3","quality_high"
"3060","px_20d65a45feb30256","0.0087719298245614","2","2","3","quality_high"
"3061","px_20d65a45feb30256","0.0087719298245614","2","2","2","quality_high"
"3062","px_20d65a45feb30256","0.0087719298245614","2","2","1","quality_high"
"3063","px_20d65a45feb30256","0.0087719298245614","2","2","3","quality_low"
"3064","px_20d65a45feb30256","0.0087719298245614","2","2","2","quality_low"
"3065","px_20d65a45feb30256","0.0087719298245614","2","2","2","quality_low"
"3066","px_20d65a45feb30256","0.0087719298245614","2","2","2","quality_low"
"3067","px_20d65a45feb30256","0.0087719298245614","2","2","2","quality_high"
"3068","px_20d65a45feb30256","0.0087719298245614","2","2","2","quality_high"
"3069","px_20d65a45feb30256","0.0087719298245614","2","2","2","quality_low"
"3070","px_20d65a45feb30256","0.0087719298245614","2","2","2","quality_low"
"3071","px_20d65a45feb30256","0.0087719298245614","2","2","3","quality_low"
"3072","px_20d65a45feb30256","0.0087719298245614","2","2","2","quality_high"
"3073","px_20d65a45feb30256","0.0087719298245614","2","2","2","quality_low"
"3074","px_20d65a45feb30256","0.0087719298245614","2","2","2","quality_low"
"3075","px_20d65a45feb30256","0.0087719298245614","2","2","3","quality_low"
"3076","px_20d65a45feb30256","0.0087719298245614","2","2","3","quality_low"
"3077","px_20d65a45feb30256","0.0087719298245614","2","2","2","quality_high"
"3078","px_20d65a45feb30256","0.0087719298245614","2","2","3","quality_low"
"3079","px_20d65a45feb30256","0.0087719298245614","2","2","2","quality_high"
"3080","px_20d65a45feb30256","0.0087719298245614","2","2","2","quality_high"
"3081","px_20d65a45feb30256","0.0087719298245614","2","2","3","quality_high"
"3082","px_20d65a45feb30256","0.0087719298245614","2","2","3","quality_high"
"3083","px_20d65a45feb30256","0.0087719298245614","2","2","2","quality_high"
"3084","px_20d65a45feb30256","0.0087719298245614","2","2","2","quality_high"
"3085","px_20d65a45feb30256","0.0087719298245614","2","2","3","quality_high"
"3086","px_20d65a45feb30256","0.0087719298245614","2","2","3","quality_high"
"3087","px_20d65a45feb30256","0.0087719298245614","2","1","2","quality_high"
"3088","px_20d65a45feb30256","0.0087719298245614","1","2","3","quality_high"
"3089","px_20d65a45feb30256","0.0087719298245614","2","2","2","quality_high"
"3090","px_20d65a45feb30256","0.0087719298245614","2","2","3","quality_high"
"3091","px_20d65a45feb30256","0.0087719298245614","2","1","3","quality_high"
"3092","px_20d65a45feb30256","0.0087719298245614","1","2","3","quality_high"
"3093","px_20d65a45feb30256","0.0087719298245614","2","2","3","quality_high"
"3094","px_20d65a45feb30256","0.0087719298245614","2","2","3","quality_high"
"3095","px_20d65a45feb30256","0.0087719298245614","2","2","2","quality_high"
"3096","px_20d65a45feb30256","0.0087719298245614","2","2","3","quality_high"
"3097","px_e69a59ee8840e6c0","0.05","3","3","1","quality_low"
"3098","px_e69a59ee8840e6c0","0.05","3","2","1","quality_low"
"3099","px_e69a59ee8840e6c0","0.05","3","2","1","quality_low"
"3100","px_e69a59ee8840e6c0","0.05","2","2","1","quality_high"
"3101","px_e69a59ee8840e6c0","0.05","2","2","1","quality_high"
"3102","px_e69a59ee8840e6c0","0.05","2","2","2","quality_high"
"3103","px_e69a59ee8840e6c0","0.05","2","2","2","quality_high"
"3104","px_e69a59ee8840e6c0","0.05","2","2","2","quality_high"
"3105","px_e69a59ee8840e6c0","0.05","2","2","1","quality_high"
"3106","px_e69a59ee8840e6c0","0.05","2","3","1","quality_high"
"3107","px_e69a59ee8840e6c0","0.05","3","2","1","quality_high"
"3108","px_e69a59ee8840e6c0","0.05","2","3","1","quality_high"
"3109","px_e69a59ee8840e6c0","0.05","3","2","1","quality_high"
"3110","px_e69a59ee8840e6c0","0.05","2","2","1","quality_high"
"3111","px_e69a59ee8840e6c0","0.05","2","2","1","quality_high"
"3112","px_e69a59ee8840e6c0","0.05","2","2","1","quality_high"
"3113","px_e69a59ee8840e6c0","0.05","3","2","1","quality_low"
"3114","px_e69a59ee8840e6c0","0.05","2","2","1","quality_low"
"3115","px_e69a59ee8840e6c0","0.05","3","3","1","quality_high"
"3116","px_e69a59ee8840e6c0","0.05","3","2","1","quality_high"
"3117","px_a044ec47aa95fb45","0.0142857142857143","2","1","1","quality_low"
"3118","px_a044ec47aa95fb45","0.0142857142857143","1","1","1","quality_low"
"3119","px_a044ec47aa95fb45","0.0142857142857143","1","1","1","quality_high"
"3120","px_a044ec47aa95fb45","0.0142857142857143","1","2","1","quality_low"
"3121","px_a044ec47aa95fb45","0.0142857142857143","2","2","1","quality_low"
"3122","px_a044ec47aa95fb45","0.0142857142857143","2","1","1","quality_high"
"3123","px_a044ec47aa95fb45","0.0142857142857143","1","1","1","quality_low"
"3124","px_a044ec47aa95fb45","0.0142857142857143","1","1","1","quality_low"
"3125","px_a044ec47aa95fb45","0.0142857142857143","1","1","1","quality_low"
"3126","px_a044ec47aa95fb45","0.0142857142857143","1","1","1","quality_low"
"3127","px_a044ec47aa95fb45","0.0142857142857143","1","1","1","quality_low"
"3128","px_a044ec47aa95fb45","0.0142857142857143","1","1","1","quality_high"
"3129","px_a044ec47aa95fb45","0.0142857142857143","1","1","1","quality_low"
"3130","px_a044ec47aa95fb45","0.0142857142857143","1","1","1","quality_low"
"3131","px_a044ec47aa95fb45","0.0142857142857143","1","1","1","quality_high"
"3132","px_a044ec47aa95fb45","0.0142857142857143","1","1","1","quality_high"
"3133","px_a044ec47aa95fb45","0.0142857142857143","1","1","1","quality_high"
"3134","px_a044ec47aa95fb45","0.0142857142857143","1","1","1","quality_low"
"3135","px_a044ec47aa95fb45","0.0142857142857143","1","1","2","quality_high"
"3136","px_a044ec47aa95fb45","0.0142857142857143","1","1","2","quality_high"
"3137","px_a044ec47aa95fb45","0.0142857142857143","1","1","1","quality_low"
"3138","px_a044ec47aa95fb45","0.0142857142857143","1","1","2","quality_low"
"3139","px_a044ec47aa95fb45","0.0142857142857143","1","1","1","quality_high"
"3140","px_a044ec47aa95fb45","0.0142857142857143","1","1","1","quality_low"
"3141","px_a044ec47aa95fb45","0.0142857142857143","1","1","1","quality_high"
"3142","px_a044ec47aa95fb45","0.0142857142857143","1","1","2","quality_high"
"3143","px_a044ec47aa95fb45","0.0142857142857143","1","1","2","quality_high"
"3144","px_a044ec47aa95fb45","0.0142857142857143","1","1","1","quality_high"
"3145","px_a044ec47aa95fb45","0.0142857142857143","1","1","1","quality_low"
"3146","px_a044ec47aa95fb45","0.0142857142857143","1","1","2","quality_low"
"3147","px_a044ec47aa95fb45","0.0142857142857143","1","1","1","quality_low"
"3148","px_a044ec47aa95fb45","0.0142857142857143","1","1","1","quality_low"
"3149","px_a044ec47aa95fb45","0.0142857142857143","1","1","1","quality_low"
"3150","px_a044ec47aa95fb45","0.0142857142857143","1","1","1","quality_low"
"3151","px_a044ec47aa95fb45","0.0142857142857143","1","1","1","quality_low"
"3152","px_a044ec47aa95fb45","0.0142857142857143","1","1","1","quality_high"
"3153","px_a044ec47aa95fb45","0.0142857142857143","1","1","1","quality_high"
"3154","px_a044ec47aa95fb45","0.0142857142857143","1","1","1","quality_low"
"3155","px_a044ec47aa95fb45","0.0142857142857143","1","2","1","quality_low"
"3156","px_a044ec47aa95fb45","0.0142857142857143","2","1","2","quality_low"
"3157","px_a044ec47aa95fb45","0.0142857142857143","1","1","1","quality_low"
"3158","px_a044ec47aa95fb45","0.0142857142857143","1","1","1","quality_low"
"3159","px_a044ec47aa95fb45","0.0142857142857143","1","3","1","quality_low"
"3160","px_a044ec47aa95fb45","0.0142857142857143","3","3","2","quality_low"
"3161","px_a044ec47aa95fb45","0.0142857142857143","3","3","2","quality_low"
"3162","px_a044ec47aa95fb45","0.0142857142857143","3","1","3","quality_low"
"3163","px_a044ec47aa95fb45","0.0142857142857143","1","1","2","quality_high"
"3164","px_a044ec47aa95fb45","0.0142857142857143","1","1","1","quality_high"
"3165","px_a044ec47aa95fb45","0.0142857142857143","1","1","1","quality_low"
"3166","px_a044ec47aa95fb45","0.0142857142857143","1","1","1","quality_high"
"3167","px_a044ec47aa95fb45","0.0142857142857143","1","1","1","quality_high"
"3168","px_a044ec47aa95fb45","0.0142857142857143","1","1","1","quality_high"
"3169","px_a044ec47aa95fb45","0.0142857142857143","1","1","2","quality_low"
"3170","px_a044ec47aa95fb45","0.0142857142857143","1","1","2","quality_low"
"3171","px_a044ec47aa95fb45","0.0142857142857143","1","1","2","quality_low"
"3172","px_a044ec47aa95fb45","0.0142857142857143","1","1","1","quality_low"
"3173","px_a044ec47aa95fb45","0.0142857142857143","1","1","1","quality_high"
"3174","px_a044ec47aa95fb45","0.0142857142857143","1","1","1","quality_low"
"3175","px_a044ec47aa95fb45","0.0142857142857143","1","1","1","quality_low"
"3176","px_a044ec47aa95fb45","0.0142857142857143","1","3","3","quality_low"
"3177","px_a044ec47aa95fb45","0.0142857142857143","3","1","1","quality_low"
"3178","px_a044ec47aa95fb45","0.0142857142857143","1","1","2","quality_low"
"3179","px_a044ec47aa95fb45","0.0142857142857143","1","1","2","quality_low"
"3180","px_a044ec47aa95fb45","0.0142857142857143","1","1","1","quality_low"
"3181","px_a044ec47aa95fb45","0.0142857142857143","1","1","1","quality_high"
"3182","px_a044ec47aa95fb45","0.0142857142857143","1","1","1","quality_low"
"3183","px_a044ec47aa95fb45","0.0142857142857143","1","1","1","quality_low"
"3184","px_a044ec47aa95fb45","0.0142857142857143","1","1","2","quality_low"
"3185","px_a044ec47aa95fb45","0.0142857142857143","1","1","2","quality_low"
"3186","px_a044ec47aa95fb45","0.0142857142857143","1","1","3","quality_low"
"3187","px_1074de27ebb5f3bc","0.00793650793650794","2","3","3","quality_low"
"3188","px_1074de27ebb5f3bc","0.00793650793650794","3","2","3","quality_low"
"3189","px_1074de27ebb5f3bc","0.00793650793650794","2","3","3","quality_high"
"3190","px_1074de27ebb5f3bc","0.00793650793650794","3","3","3","quality_low"
"3191","px_1074de27ebb5f3bc","0.00793650793650794","3","3","3","quality_low"
"3192","px_1074de27ebb5f3bc","0.00793650793650794","3","3","3","quality_low"
"3193","px_1074de27ebb5f3bc","0.00793650793650794","3","3","3","quality_low"
"3194","px_1074de27ebb5f3bc","0.00793650793650794","3","3","3","quality_high"
"3195","px_1074de27ebb5f3bc","0.00793650793650794","3","3","2","quality_low"
"3196","px_1074de27ebb5f3bc","0.00793650793650794","3","2","3","quality_high"
"3197","px_1074de27ebb5f3bc","0.00793650793650794","2","2","2","quality_high"
"3198","px_1074de27ebb5f3bc","0.00793650793650794","2","2","3","quality_high"
"3199","px_1074de27ebb5f3bc","0.00793650793650794","2","2","2","quality_high"
"3200","px_1074de27ebb5f3bc","0.00793650793650794","2","2","2","quality_high"
"3201","px_1074de27ebb5f3bc","0.00793650793650794","2","2","3","quality_low"
"3202","px_1074de27ebb5f3bc","0.00793650793650794","2","2","3","quality_low"
"3203","px_1074de27ebb5f3bc","0.00793650793650794","2","2","2","quality_low"
"3204","px_1074de27ebb5f3bc","0.00793650793650794","2","1","3","quality_low"
"3205","px_1074de27ebb5f3bc","0.00793650793650794","1","1","3","quality_high"
"3206","px_1074de27ebb5f3bc","0.00793650793650794","1","2","3","quality_high"
"3207","px_1074de27ebb5f3bc","0.00793650793650794","2","1","3","quality_high"
"3208","px_1074de27ebb5f3bc","0.00793650793650794","1","1","3","quality_high"
"3209","px_1074de27ebb5f3bc","0.00793650793650794","1","1","3","quality_high"
"3210","px_1074de27ebb5f3bc","0.00793650793650794","1","1","3","quality_high"
"3211","px_1074de27ebb5f3bc","0.00793650793650794","1","1","3","quality_high"
"3212","px_1074de27ebb5f3bc","0.00793650793650794","1","1","3","quality_high"
"3213","px_1074de27ebb5f3bc","0.00793650793650794","1","1","2","quality_high"
"3214","px_1074de27ebb5f3bc","0.00793650793650794","1","1","3","quality_high"
"3215","px_1074de27ebb5f3bc","0.00793650793650794","1","2","3","quality_high"
"3216","px_1074de27ebb5f3bc","0.00793650793650794","2","1","3","quality_high"
"3217","px_1074de27ebb5f3bc","0.00793650793650794","1","1","3","quality_high"
"3218","px_1074de27ebb5f3bc","0.00793650793650794","1","1","3","quality_high"
"3219","px_1074de27ebb5f3bc","0.00793650793650794","1","1","3","quality_high"
"3220","px_1074de27ebb5f3bc","0.00793650793650794","1","1","3","quality_high"
"3221","px_1074de27ebb5f3bc","0.00793650793650794","1","2","3","quality_high"
"3222","px_1074de27ebb5f3bc","0.00793650793650794","2","2","3","quality_high"
"3223","px_1074de27ebb5f3bc","0.00793650793650794","2","1","3","quality_high"
"3224","px_1074de27ebb5f3bc","0.00793650793650794","1","2","3","quality_high"
"3225","px_1074de27ebb5f3bc","0.00793650793650794","2","3","3","quality_high"
"3226","px_1074de27ebb5f3bc","0.00793650793650794","3","2","3","quality_high"
"3227","px_1074de27ebb5f3bc","0.00793650793650794","2","2","3","quality_high"
"3228","px_1074de27ebb5f3bc","0.00793650793650794","2","2","3","quality_high"
"3229","px_1074de27ebb5f3bc","0.00793650793650794","2","1","3","quality_high"
"3230","px_1074de27ebb5f3bc","0.00793650793650794","1","1","3","quality_high"
"3231","px_1074de27ebb5f3bc","0.00793650793650794","1","1","3","quality_high"
"3232","px_1074de27ebb5f3bc","0.00793650793650794","1","1","3","quality_high"
"3233","px_1074de27ebb5f3bc","0.00793650793650794","1","3","3","quality_high"
"3234","px_1074de27ebb5f3bc","0.00793650793650794","3","2","3","quality_high"
"3235","px_1074de27ebb5f3bc","0.00793650793650794","2","3","3","quality_high"
"3236","px_1074de27ebb5f3bc","0.00793650793650794","3","3","3","quality_high"
"3237","px_1074de27ebb5f3bc","0.00793650793650794","3","3","3","quality_high"
"3238","px_1074de27ebb5f3bc","0.00793650793650794","3","2","3","quality_high"
"3239","px_1074de27ebb5f3bc","0.00793650793650794","2","3","3","quality_low"
"3240","px_1074de27ebb5f3bc","0.00793650793650794","3","3","3","quality_high"
"3241","px_1074de27ebb5f3bc","0.00793650793650794","3","3","3","quality_high"
"3242","px_1074de27ebb5f3bc","0.00793650793650794","3","1","3","quality_high"
"3243","px_1074de27ebb5f3bc","0.00793650793650794","1","1","3","quality_high"
"3244","px_1074de27ebb5f3bc","0.00793650793650794","1","3","3","quality_high"
"3245","px_1074de27ebb5f3bc","0.00793650793650794","3","1","3","quality_high"
"3246","px_1074de27ebb5f3bc","0.00793650793650794","1","3","3","quality_high"
"3247","px_1074de27ebb5f3bc","0.00793650793650794","3","3","3","quality_high"
"3248","px_1074de27ebb5f3bc","0.00793650793650794","3","2","3","quality_low"
"3249","px_1074de27ebb5f3bc","0.00793650793650794","2","3","3","quality_low"
"3250","px_1074de27ebb5f3bc","0.00793650793650794","3","3","3","quality_high"
"3251","px_1074de27ebb5f3bc","0.00793650793650794","3","3","3","quality_high"
"3252","px_1074de27ebb5f3bc","0.00793650793650794","3","2","3","quality_high"
"3253","px_1074de27ebb5f3bc","0.00793650793650794","2","2","3","quality_low"
"3254","px_1074de27ebb5f3bc","0.00793650793650794","2","2","3","quality_low"
"3255","px_1074de27ebb5f3bc","0.00793650793650794","2","2","3","quality_low"
"3256","px_1074de27ebb5f3bc","0.00793650793650794","2","2","3","quality_high"
"3257","px_1074de27ebb5f3bc","0.00793650793650794","2","2","3","quality_low"
"3258","px_1074de27ebb5f3bc","0.00793650793650794","2","2","3","quality_high"
"3259","px_1074de27ebb5f3bc","0.00793650793650794","2","2","3","quality_high"
"3260","px_1074de27ebb5f3bc","0.00793650793650794","2","2","3","quality_high"
"3261","px_1074de27ebb5f3bc","0.00793650793650794","2","2","3","quality_high"
"3262","px_1074de27ebb5f3bc","0.00793650793650794","2","3","3","quality_high"
"3263","px_1074de27ebb5f3bc","0.00793650793650794","3","3","3","quality_low"
"3264","px_1074de27ebb5f3bc","0.00793650793650794","3","2","3","quality_low"
"3265","px_1074de27ebb5f3bc","0.00793650793650794","2","3","3","quality_high"
"3266","px_1074de27ebb5f3bc","0.00793650793650794","3","3","3","quality_low"
"3267","px_1074de27ebb5f3bc","0.00793650793650794","3","2","3","quality_high"
"3268","px_1074de27ebb5f3bc","0.00793650793650794","2","2","3","quality_high"
"3269","px_1074de27ebb5f3bc","0.00793650793650794","2","3","3","quality_high"
"3270","px_1074de27ebb5f3bc","0.00793650793650794","3","1","3","quality_high"
"3271","px_1074de27ebb5f3bc","0.00793650793650794","1","1","3","quality_high"
"3272","px_1074de27ebb5f3bc","0.00793650793650794","1","1","3","quality_low"
"3273","px_1074de27ebb5f3bc","0.00793650793650794","1","2","3","quality_high"
"3274","px_1074de27ebb5f3bc","0.00793650793650794","2","2","3","quality_high"
"3275","px_1074de27ebb5f3bc","0.00793650793650794","2","2","3","quality_high"
"3276","px_1074de27ebb5f3bc","0.00793650793650794","2","1","3","quality_high"
"3277","px_1074de27ebb5f3bc","0.00793650793650794","1","3","3","quality_high"
"3278","px_1074de27ebb5f3bc","0.00793650793650794","3","1","3","quality_high"
"3279","px_1074de27ebb5f3bc","0.00793650793650794","1","2","3","quality_high"
"3280","px_1074de27ebb5f3bc","0.00793650793650794","2","2","3","quality_low"
"3281","px_1074de27ebb5f3bc","0.00793650793650794","2","1","3","quality_high"
"3282","px_1074de27ebb5f3bc","0.00793650793650794","1","2","3","quality_high"
"3283","px_1074de27ebb5f3bc","0.00793650793650794","2","1","3","quality_high"
"3284","px_1074de27ebb5f3bc","0.00793650793650794","1","1","3","quality_low"
"3285","px_1074de27ebb5f3bc","0.00793650793650794","1","1","3","quality_high"
"3286","px_1074de27ebb5f3bc","0.00793650793650794","1","1","3","quality_high"
"3287","px_1074de27ebb5f3bc","0.00793650793650794","1","1","3","quality_high"
"3288","px_1074de27ebb5f3bc","0.00793650793650794","1","1","3","quality_low"
"3289","px_1074de27ebb5f3bc","0.00793650793650794","1","1","3","quality_low"
"3290","px_1074de27ebb5f3bc","0.00793650793650794","1","1","3","quality_low"
"3291","px_1074de27ebb5f3bc","0.00793650793650794","1","1","3","quality_low"
"3292","px_1074de27ebb5f3bc","0.00793650793650794","1","1","3","quality_low"
"3293","px_1074de27ebb5f3bc","0.00793650793650794","1","1","3","quality_low"
"3294","px_1074de27ebb5f3bc","0.00793650793650794","1","1","3","quality_low"
"3295","px_1074de27ebb5f3bc","0.00793650793650794","1","1","3","quality_high"
"3296","px_1074de27ebb5f3bc","0.00793650793650794","1","1","3","quality_low"
"3297","px_1074de27ebb5f3bc","0.00793650793650794","1","1","3","quality_high"
"3298","px_1074de27ebb5f3bc","0.00793650793650794","1","1","3","quality_high"
"3299","px_1074de27ebb5f3bc","0.00793650793650794","1","1","3","quality_low"
"3300","px_1074de27ebb5f3bc","0.00793650793650794","1","1","3","quality_high"
"3301","px_1074de27ebb5f3bc","0.00793650793650794","1","1","3","quality_high"
"3302","px_1074de27ebb5f3bc","0.00793650793650794","1","1","3","quality_high"
"3303","px_1074de27ebb5f3bc","0.00793650793650794","1","1","3","quality_high"
"3304","px_1074de27ebb5f3bc","0.00793650793650794","1","1","3","quality_high"
"3305","px_1074de27ebb5f3bc","0.00793650793650794","1","1","3","quality_low"
"3306","px_1074de27ebb5f3bc","0.00793650793650794","1","1","3","quality_high"
"3307","px_1074de27ebb5f3bc","0.00793650793650794","1","1","3","quality_low"
"3308","px_1074de27ebb5f3bc","0.00793650793650794","1","1","3","quality_high"
"3309","px_1074de27ebb5f3bc","0.00793650793650794","1","1","3","quality_high"
"3310","px_1074de27ebb5f3bc","0.00793650793650794","1","1","3","quality_low"
"3311","px_1074de27ebb5f3bc","0.00793650793650794","1","2","3","quality_high"
"3312","px_1074de27ebb5f3bc","0.00793650793650794","2","1","3","quality_high"
"3313","px_50271f422759373d","0.027027027027027","3","3","1","quality_low"
"3314","px_50271f422759373d","0.027027027027027","3","3","1","quality_low"
"3315","px_50271f422759373d","0.027027027027027","3","3","1","quality_low"
"3316","px_50271f422759373d","0.027027027027027","3","3","2","quality_high"
"3317","px_50271f422759373d","0.027027027027027","3","3","2","quality_low"
"3318","px_50271f422759373d","0.027027027027027","3","3","2","quality_low"
"3319","px_50271f422759373d","0.027027027027027","3","3","2","quality_low"
"3320","px_50271f422759373d","0.027027027027027","3","3","3","quality_low"
"3321","px_50271f422759373d","0.027027027027027","3","3","2","quality_high"
"3322","px_50271f422759373d","0.027027027027027","3","3","3","quality_high"
"3323","px_50271f422759373d","0.027027027027027","3","3","2","quality_high"
"3324","px_50271f422759373d","0.027027027027027","3","3","2","quality_high"
"3325","px_50271f422759373d","0.027027027027027","3","3","1","quality_low"
"3326","px_50271f422759373d","0.027027027027027","3","3","2","quality_high"
"3327","px_50271f422759373d","0.027027027027027","3","3","2","quality_low"
"3328","px_50271f422759373d","0.027027027027027","3","3","3","quality_high"
"3329","px_50271f422759373d","0.027027027027027","3","3","3","quality_high"
"3330","px_50271f422759373d","0.027027027027027","3","3","2","quality_high"
"3331","px_50271f422759373d","0.027027027027027","3","3","3","quality_high"
"3332","px_50271f422759373d","0.027027027027027","3","3","2","quality_high"
"3333","px_50271f422759373d","0.027027027027027","3","3","2","quality_low"
"3334","px_50271f422759373d","0.027027027027027","3","3","1","quality_low"
"3335","px_50271f422759373d","0.027027027027027","3","2","2","quality_high"
"3336","px_50271f422759373d","0.027027027027027","2","3","2","quality_high"
"3337","px_50271f422759373d","0.027027027027027","3","3","2","quality_high"
"3338","px_50271f422759373d","0.027027027027027","3","3","3","quality_high"
"3339","px_50271f422759373d","0.027027027027027","3","3","2","quality_high"
"3340","px_50271f422759373d","0.027027027027027","3","3","1","quality_low"
"3341","px_50271f422759373d","0.027027027027027","3","3","2","quality_high"
"3342","px_50271f422759373d","0.027027027027027","3","3","2","quality_low"
"3343","px_50271f422759373d","0.027027027027027","3","3","2","quality_low"
"3344","px_50271f422759373d","0.027027027027027","3","3","2","quality_high"
"3345","px_50271f422759373d","0.027027027027027","3","3","2","quality_high"
"3346","px_50271f422759373d","0.027027027027027","3","3","2","quality_low"
"3347","px_50271f422759373d","0.027027027027027","3","3","2","quality_low"
"3348","px_50271f422759373d","0.027027027027027","3","3","1","quality_low"
"3349","px_50271f422759373d","0.027027027027027","3","3","1","quality_low"
"3350","px_c79ffba2b35395a0","0.00714285714285714","2","2","1","quality_high"
"3351","px_c79ffba2b35395a0","0.00714285714285714","2","2","1","quality_high"
"3352","px_c79ffba2b35395a0","0.00714285714285714","2","2","1","quality_high"
"3353","px_c79ffba2b35395a0","0.00714285714285714","2","2","2","quality_high"
"3354","px_c79ffba2b35395a0","0.00714285714285714","2","2","2","quality_low"
"3355","px_c79ffba2b35395a0","0.00714285714285714","2","2","2","quality_low"
"3356","px_c79ffba2b35395a0","0.00714285714285714","2","2","2","quality_low"
"3357","px_c79ffba2b35395a0","0.00714285714285714","2","1","2","quality_low"
"3358","px_c79ffba2b35395a0","0.00714285714285714","1","2","2","quality_high"
"3359","px_c79ffba2b35395a0","0.00714285714285714","2","2","1","quality_high"
"3360","px_c79ffba2b35395a0","0.00714285714285714","2","2","2","quality_low"
"3361","px_c79ffba2b35395a0","0.00714285714285714","2","2","2","quality_low"
"3362","px_c79ffba2b35395a0","0.00714285714285714","2","2","2","quality_high"
"3363","px_c79ffba2b35395a0","0.00714285714285714","2","2","2","quality_low"
"3364","px_c79ffba2b35395a0","0.00714285714285714","2","2","2","quality_low"
"3365","px_c79ffba2b35395a0","0.00714285714285714","2","2","2","quality_low"
"3366","px_c79ffba2b35395a0","0.00714285714285714","2","2","2","quality_high"
"3367","px_c79ffba2b35395a0","0.00714285714285714","2","2","2","quality_high"
"3368","px_c79ffba2b35395a0","0.00714285714285714","2","2","2","quality_high"
"3369","px_c79ffba2b35395a0","0.00714285714285714","2","2","2","quality_high"
"3370","px_c79ffba2b35395a0","0.00714285714285714","2","2","2","quality_high"
"3371","px_c79ffba2b35395a0","0.00714285714285714","2","3","2","quality_low"
"3372","px_c79ffba2b35395a0","0.00714285714285714","3","2","2","quality_high"
"3373","px_c79ffba2b35395a0","0.00714285714285714","2","3","3","quality_low"
"3374","px_c79ffba2b35395a0","0.00714285714285714","3","2","2","quality_low"
"3375","px_c79ffba2b35395a0","0.00714285714285714","2","2","2","quality_high"
"3376","px_c79ffba2b35395a0","0.00714285714285714","2","2","2","quality_high"
"3377","px_c79ffba2b35395a0","0.00714285714285714","2","2","1","quality_low"
"3378","px_c79ffba2b35395a0","0.00714285714285714","2","3","1","quality_low"
"3379","px_c79ffba2b35395a0","0.00714285714285714","3","3","2","quality_high"
"3380","px_c79ffba2b35395a0","0.00714285714285714","3","3","1","quality_high"
"3381","px_c79ffba2b35395a0","0.00714285714285714","3","2","1","quality_low"
"3382","px_c79ffba2b35395a0","0.00714285714285714","2","2","2","quality_low"
"3383","px_c79ffba2b35395a0","0.00714285714285714","2","2","1","quality_low"
"3384","px_c79ffba2b35395a0","0.00714285714285714","2","3","2","quality_high"
"3385","px_c79ffba2b35395a0","0.00714285714285714","3","2","3","quality_high"
"3386","px_c79ffba2b35395a0","0.00714285714285714","2","3","2","quality_high"
"3387","px_c79ffba2b35395a0","0.00714285714285714","3","3","1","quality_high"
"3388","px_c79ffba2b35395a0","0.00714285714285714","3","2","1","quality_high"
"3389","px_c79ffba2b35395a0","0.00714285714285714","2","3","1","quality_high"
"3390","px_c79ffba2b35395a0","0.00714285714285714","3","3","1","quality_high"
"3391","px_c79ffba2b35395a0","0.00714285714285714","3","2","2","quality_high"
"3392","px_c79ffba2b35395a0","0.00714285714285714","2","2","2","quality_high"
"3393","px_c79ffba2b35395a0","0.00714285714285714","2","2","2","quality_high"
"3394","px_c79ffba2b35395a0","0.00714285714285714","2","3","2","quality_high"
"3395","px_c79ffba2b35395a0","0.00714285714285714","3","3","2","quality_high"
"3396","px_c79ffba2b35395a0","0.00714285714285714","3","3","2","quality_low"
"3397","px_c79ffba2b35395a0","0.00714285714285714","3","3","2","quality_high"
"3398","px_c79ffba2b35395a0","0.00714285714285714","3","2","2","quality_high"
"3399","px_c79ffba2b35395a0","0.00714285714285714","2","3","2","quality_high"
"3400","px_c79ffba2b35395a0","0.00714285714285714","3","3","2","quality_high"
"3401","px_c79ffba2b35395a0","0.00714285714285714","3","3","1","quality_high"
"3402","px_c79ffba2b35395a0","0.00714285714285714","3","3","2","quality_high"
"3403","px_c79ffba2b35395a0","0.00714285714285714","3","3","2","quality_high"
"3404","px_c79ffba2b35395a0","0.00714285714285714","3","3","3","quality_high"
"3405","px_c79ffba2b35395a0","0.00714285714285714","3","3","2","quality_low"
"3406","px_c79ffba2b35395a0","0.00714285714285714","3","3","2","quality_high"
"3407","px_c79ffba2b35395a0","0.00714285714285714","3","3","1","quality_high"
"3408","px_c79ffba2b35395a0","0.00714285714285714","3","2","2","quality_high"
"3409","px_c79ffba2b35395a0","0.00714285714285714","2","3","3","quality_low"
"3410","px_c79ffba2b35395a0","0.00714285714285714","3","3","2","quality_low"
"3411","px_c79ffba2b35395a0","0.00714285714285714","3","3","2","quality_low"
"3412","px_c79ffba2b35395a0","0.00714285714285714","3","3","3","quality_low"
"3413","px_c79ffba2b35395a0","0.00714285714285714","3","2","2","quality_high"
"3414","px_c79ffba2b35395a0","0.00714285714285714","2","3","2","quality_high"
"3415","px_c79ffba2b35395a0","0.00714285714285714","3","3","2","quality_low"
"3416","px_c79ffba2b35395a0","0.00714285714285714","3","3","3","quality_low"
"3417","px_c79ffba2b35395a0","0.00714285714285714","3","3","3","quality_low"
"3418","px_c79ffba2b35395a0","0.00714285714285714","3","3","2","quality_high"
"3419","px_c79ffba2b35395a0","0.00714285714285714","3","2","3","quality_high"
"3420","px_c79ffba2b35395a0","0.00714285714285714","2","3","3","quality_high"
"3421","px_c79ffba2b35395a0","0.00714285714285714","3","2","2","quality_high"
"3422","px_c79ffba2b35395a0","0.00714285714285714","2","3","2","quality_high"
"3423","px_c79ffba2b35395a0","0.00714285714285714","3","2","3","quality_high"
"3424","px_c79ffba2b35395a0","0.00714285714285714","2","2","2","quality_low"
"3425","px_c79ffba2b35395a0","0.00714285714285714","2","2","2","quality_low"
"3426","px_c79ffba2b35395a0","0.00714285714285714","2","3","3","quality_high"
"3427","px_c79ffba2b35395a0","0.00714285714285714","3","2","3","quality_high"
"3428","px_c79ffba2b35395a0","0.00714285714285714","2","3","2","quality_high"
"3429","px_c79ffba2b35395a0","0.00714285714285714","3","3","3","quality_high"
"3430","px_c79ffba2b35395a0","0.00714285714285714","3","3","3","quality_high"
"3431","px_c79ffba2b35395a0","0.00714285714285714","3","2","3","quality_high"
"3432","px_c79ffba2b35395a0","0.00714285714285714","2","2","3","quality_high"
"3433","px_c79ffba2b35395a0","0.00714285714285714","2","3","3","quality_high"
"3434","px_c79ffba2b35395a0","0.00714285714285714","3","3","3","quality_high"
"3435","px_c79ffba2b35395a0","0.00714285714285714","3","3","3","quality_high"
"3436","px_c79ffba2b35395a0","0.00714285714285714","3","3","3","quality_low"
"3437","px_c79ffba2b35395a0","0.00714285714285714","3","3","3","quality_high"
"3438","px_c79ffba2b35395a0","0.00714285714285714","3","3","3","quality_high"
"3439","px_c79ffba2b35395a0","0.00714285714285714","3","3","3","quality_high"
"3440","px_c79ffba2b35395a0","0.00714285714285714","3","3","3","quality_high"
"3441","px_c79ffba2b35395a0","0.00714285714285714","3","2","3","quality_high"
"3442","px_c79ffba2b35395a0","0.00714285714285714","2","2","2","quality_high"
"3443","px_c79ffba2b35395a0","0.00714285714285714","2","2","2","quality_high"
"3444","px_c79ffba2b35395a0","0.00714285714285714","2","2","2","quality_high"
"3445","px_c79ffba2b35395a0","0.00714285714285714","2","2","3","quality_high"
"3446","px_c79ffba2b35395a0","0.00714285714285714","2","2","3","quality_high"
"3447","px_c79ffba2b35395a0","0.00714285714285714","2","2","3","quality_high"
"3448","px_c79ffba2b35395a0","0.00714285714285714","2","2","3","quality_high"
"3449","px_c79ffba2b35395a0","0.00714285714285714","2","2","3","quality_high"
"3450","px_c79ffba2b35395a0","0.00714285714285714","2","2","3","quality_low"
"3451","px_c79ffba2b35395a0","0.00714285714285714","2","2","3","quality_low"
"3452","px_c79ffba2b35395a0","0.00714285714285714","2","2","3","quality_low"
"3453","px_c79ffba2b35395a0","0.00714285714285714","2","2","2","quality_low"
"3454","px_c79ffba2b35395a0","0.00714285714285714","2","2","2","quality_low"
"3455","px_c79ffba2b35395a0","0.00714285714285714","2","2","2","quality_low"
"3456","px_c79ffba2b35395a0","0.00714285714285714","2","3","3","quality_high"
"3457","px_c79ffba2b35395a0","0.00714285714285714","3","3","2","quality_high"
"3458","px_c79ffba2b35395a0","0.00714285714285714","3","3","2","quality_high"
"3459","px_c79ffba2b35395a0","0.00714285714285714","3","2","2","quality_high"
"3460","px_c79ffba2b35395a0","0.00714285714285714","2","2","2","quality_high"
"3461","px_c79ffba2b35395a0","0.00714285714285714","2","2","2","quality_high"
"3462","px_c79ffba2b35395a0","0.00714285714285714","2","3","2","quality_high"
"3463","px_c79ffba2b35395a0","0.00714285714285714","3","2","2","quality_high"
"3464","px_c79ffba2b35395a0","0.00714285714285714","2","2","3","quality_high"
"3465","px_c79ffba2b35395a0","0.00714285714285714","2","3","2","quality_high"
"3466","px_c79ffba2b35395a0","0.00714285714285714","3","2","3","quality_high"
"3467","px_c79ffba2b35395a0","0.00714285714285714","2","2","2","quality_high"
"3468","px_c79ffba2b35395a0","0.00714285714285714","2","2","3","quality_high"
"3469","px_c79ffba2b35395a0","0.00714285714285714","2","2","2","quality_high"
"3470","px_c79ffba2b35395a0","0.00714285714285714","2","3","2","quality_high"
"3471","px_c79ffba2b35395a0","0.00714285714285714","3","3","2","quality_high"
"3472","px_c79ffba2b35395a0","0.00714285714285714","3","2","2","quality_low"
"3473","px_c79ffba2b35395a0","0.00714285714285714","2","3","2","quality_high"
"3474","px_c79ffba2b35395a0","0.00714285714285714","3","2","2","quality_high"
"3475","px_c79ffba2b35395a0","0.00714285714285714","2","3","2","quality_low"
"3476","px_c79ffba2b35395a0","0.00714285714285714","3","2","1","quality_low"
"3477","px_c79ffba2b35395a0","0.00714285714285714","2","2","2","quality_low"
"3478","px_c79ffba2b35395a0","0.00714285714285714","2","2","2","quality_low"
"3479","px_c79ffba2b35395a0","0.00714285714285714","2","2","2","quality_low"
"3480","px_c79ffba2b35395a0","0.00714285714285714","2","2","2","quality_low"
"3481","px_c79ffba2b35395a0","0.00714285714285714","2","3","1","quality_low"
"3482","px_c79ffba2b35395a0","0.00714285714285714","3","2","2","quality_high"
"3483","px_c79ffba2b35395a0","0.00714285714285714","2","2","2","quality_high"
"3484","px_c79ffba2b35395a0","0.00714285714285714","2","3","3","quality_high"
"3485","px_c79ffba2b35395a0","0.00714285714285714","3","2","2","quality_high"
"3486","px_c79ffba2b35395a0","0.00714285714285714","2","3","2","quality_high"
"3487","px_c79ffba2b35395a0","0.00714285714285714","3","3","3","quality_high"
"3488","px_c79ffba2b35395a0","0.00714285714285714","3","2","2","quality_high"
"3489","px_c79ffba2b35395a0","0.00714285714285714","2","3","2","quality_high"
"3490","px_469c127362008ed9","0.0106382978723404","2","2","1","quality_low"
"3491","px_469c127362008ed9","0.0106382978723404","2","2","1","quality_low"
"3492","px_469c127362008ed9","0.0106382978723404","2","2","1","quality_low"
"3493","px_469c127362008ed9","0.0106382978723404","2","2","1","quality_low"
"3494","px_469c127362008ed9","0.0106382978723404","2","2","1","quality_low"
"3495","px_469c127362008ed9","0.0106382978723404","2","2","1","quality_low"
"3496","px_469c127362008ed9","0.0106382978723404","2","1","2","quality_low"
"3497","px_469c127362008ed9","0.0106382978723404","1","2","2","quality_low"
"3498","px_469c127362008ed9","0.0106382978723404","2","2","2","quality_low"
"3499","px_469c127362008ed9","0.0106382978723404","2","2","3","quality_low"
"3500","px_469c127362008ed9","0.0106382978723404","2","1","3","quality_low"
"3501","px_469c127362008ed9","0.0106382978723404","1","2","2","quality_high"
"3502","px_469c127362008ed9","0.0106382978723404","2","2","2","quality_high"
"3503","px_469c127362008ed9","0.0106382978723404","2","1","2","quality_high"
"3504","px_469c127362008ed9","0.0106382978723404","1","2","2","quality_low"
"3505","px_469c127362008ed9","0.0106382978723404","2","1","3","quality_high"
"3506","px_469c127362008ed9","0.0106382978723404","1","1","3","quality_high"
"3507","px_469c127362008ed9","0.0106382978723404","1","1","3","quality_high"
"3508","px_469c127362008ed9","0.0106382978723404","1","1","2","quality_low"
"3509","px_469c127362008ed9","0.0106382978723404","1","3","3","quality_low"
"3510","px_469c127362008ed9","0.0106382978723404","3","3","2","quality_low"
"3511","px_469c127362008ed9","0.0106382978723404","3","2","2","quality_high"
"3512","px_469c127362008ed9","0.0106382978723404","2","2","3","quality_high"
"3513","px_469c127362008ed9","0.0106382978723404","2","2","3","quality_high"
"3514","px_469c127362008ed9","0.0106382978723404","2","2","3","quality_high"
"3515","px_469c127362008ed9","0.0106382978723404","2","1","3","quality_high"
"3516","px_469c127362008ed9","0.0106382978723404","1","2","3","quality_low"
"3517","px_469c127362008ed9","0.0106382978723404","2","2","3","quality_high"
"3518","px_469c127362008ed9","0.0106382978723404","2","3","3","quality_high"
"3519","px_469c127362008ed9","0.0106382978723404","3","1","3","quality_low"
"3520","px_469c127362008ed9","0.0106382978723404","1","2","3","quality_high"
"3521","px_469c127362008ed9","0.0106382978723404","2","1","2","quality_high"
"3522","px_469c127362008ed9","0.0106382978723404","1","1","2","quality_low"
"3523","px_469c127362008ed9","0.0106382978723404","1","1","2","quality_low"
"3524","px_469c127362008ed9","0.0106382978723404","1","3","3","quality_high"
"3525","px_469c127362008ed9","0.0106382978723404","3","1","3","quality_high"
"3526","px_469c127362008ed9","0.0106382978723404","1","2","3","quality_high"
"3527","px_469c127362008ed9","0.0106382978723404","2","1","3","quality_low"
"3528","px_469c127362008ed9","0.0106382978723404","1","1","3","quality_low"
"3529","px_469c127362008ed9","0.0106382978723404","1","1","2","quality_low"
"3530","px_469c127362008ed9","0.0106382978723404","1","3","2","quality_low"
"3531","px_469c127362008ed9","0.0106382978723404","3","1","3","quality_low"
"3532","px_469c127362008ed9","0.0106382978723404","1","3","3","quality_high"
"3533","px_469c127362008ed9","0.0106382978723404","3","3","3","quality_low"
"3534","px_469c127362008ed9","0.0106382978723404","3","3","3","quality_high"
"3535","px_469c127362008ed9","0.0106382978723404","3","1","3","quality_low"
"3536","px_469c127362008ed9","0.0106382978723404","1","1","2","quality_low"
"3537","px_469c127362008ed9","0.0106382978723404","1","2","3","quality_high"
"3538","px_469c127362008ed9","0.0106382978723404","2","1","2","quality_high"
"3539","px_469c127362008ed9","0.0106382978723404","1","1","3","quality_high"
"3540","px_469c127362008ed9","0.0106382978723404","1","3","3","quality_high"
"3541","px_469c127362008ed9","0.0106382978723404","3","2","3","quality_high"
"3542","px_469c127362008ed9","0.0106382978723404","2","1","3","quality_high"
"3543","px_469c127362008ed9","0.0106382978723404","1","1","3","quality_high"
"3544","px_469c127362008ed9","0.0106382978723404","1","2","3","quality_high"
"3545","px_469c127362008ed9","0.0106382978723404","2","1","2","quality_high"
"3546","px_469c127362008ed9","0.0106382978723404","1","3","3","quality_high"
"3547","px_469c127362008ed9","0.0106382978723404","3","1","3","quality_high"
"3548","px_469c127362008ed9","0.0106382978723404","1","3","2","quality_high"
"3549","px_469c127362008ed9","0.0106382978723404","3","1","2","quality_high"
"3550","px_469c127362008ed9","0.0106382978723404","1","1","3","quality_high"
"3551","px_469c127362008ed9","0.0106382978723404","1","1","3","quality_high"
"3552","px_469c127362008ed9","0.0106382978723404","1","1","3","quality_high"
"3553","px_469c127362008ed9","0.0106382978723404","1","1","2","quality_high"
"3554","px_469c127362008ed9","0.0106382978723404","1","1","2","quality_high"
"3555","px_469c127362008ed9","0.0106382978723404","1","3","1","quality_high"
"3556","px_469c127362008ed9","0.0106382978723404","3","3","2","quality_high"
"3557","px_469c127362008ed9","0.0106382978723404","3","1","2","quality_high"
"3558","px_469c127362008ed9","0.0106382978723404","1","2","1","quality_high"
"3559","px_469c127362008ed9","0.0106382978723404","2","1","1","quality_high"
"3560","px_469c127362008ed9","0.0106382978723404","1","3","2","quality_high"
"3561","px_469c127362008ed9","0.0106382978723404","3","1","2","quality_high"
"3562","px_469c127362008ed9","0.0106382978723404","1","1","3","quality_low"
"3563","px_469c127362008ed9","0.0106382978723404","1","1","3","quality_high"
"3564","px_469c127362008ed9","0.0106382978723404","1","3","2","quality_high"
"3565","px_469c127362008ed9","0.0106382978723404","3","1","3","quality_high"
"3566","px_469c127362008ed9","0.0106382978723404","1","3","2","quality_low"
"3567","px_469c127362008ed9","0.0106382978723404","3","2","2","quality_low"
"3568","px_469c127362008ed9","0.0106382978723404","2","1","2","quality_low"
"3569","px_469c127362008ed9","0.0106382978723404","1","1","1","quality_low"
"3570","px_469c127362008ed9","0.0106382978723404","1","1","2","quality_low"
"3571","px_469c127362008ed9","0.0106382978723404","1","1","1","quality_low"
"3572","px_469c127362008ed9","0.0106382978723404","1","1","1","quality_low"
"3573","px_469c127362008ed9","0.0106382978723404","1","2","2","quality_high"
"3574","px_469c127362008ed9","0.0106382978723404","2","3","1","quality_high"
"3575","px_469c127362008ed9","0.0106382978723404","3","3","1","quality_high"
"3576","px_469c127362008ed9","0.0106382978723404","3","3","1","quality_low"
"3577","px_469c127362008ed9","0.0106382978723404","3","3","2","quality_high"
"3578","px_469c127362008ed9","0.0106382978723404","3","3","1","quality_high"
"3579","px_469c127362008ed9","0.0106382978723404","3","2","1","quality_high"
"3580","px_469c127362008ed9","0.0106382978723404","2","3","1","quality_high"
"3581","px_469c127362008ed9","0.0106382978723404","3","2","1","quality_high"
"3582","px_469c127362008ed9","0.0106382978723404","3","1","1","quality_low"
"3583","px_469c127362008ed9","0.0106382978723404","1","3","1","quality_low"
"3584","px_e51d771c3d5181c9","0.0166666666666667","1","1","2","quality_low"
"3585","px_e51d771c3d5181c9","0.0166666666666667","1","1","2","quality_high"
"3586","px_e51d771c3d5181c9","0.0166666666666667","1","1","2","quality_high"
"3587","px_e51d771c3d5181c9","0.0166666666666667","1","1","2","quality_high"
"3588","px_e51d771c3d5181c9","0.0166666666666667","1","1","1","quality_low"
"3589","px_e51d771c3d5181c9","0.0166666666666667","1","1","1","quality_high"
"3590","px_e51d771c3d5181c9","0.0166666666666667","1","1","2","quality_high"
"3591","px_e51d771c3d5181c9","0.0166666666666667","1","1","2","quality_low"
"3592","px_e51d771c3d5181c9","0.0166666666666667","1","1","1","quality_high"
"3593","px_e51d771c3d5181c9","0.0166666666666667","1","1","1","quality_low"
"3594","px_e51d771c3d5181c9","0.0166666666666667","1","1","1","quality_low"
"3595","px_e51d771c3d5181c9","0.0166666666666667","1","3","2","quality_low"
"3596","px_e51d771c3d5181c9","0.0166666666666667","3","1","2","quality_low"
"3597","px_e51d771c3d5181c9","0.0166666666666667","1","1","2","quality_high"
"3598","px_e51d771c3d5181c9","0.0166666666666667","1","3","2","quality_low"
"3599","px_e51d771c3d5181c9","0.0166666666666667","3","3","2","quality_high"
"3600","px_e51d771c3d5181c9","0.0166666666666667","3","1","3","quality_low"
"3601","px_e51d771c3d5181c9","0.0166666666666667","1","1","2","quality_high"
"3602","px_e51d771c3d5181c9","0.0166666666666667","1","1","1","quality_high"
"3603","px_e51d771c3d5181c9","0.0166666666666667","1","1","2","quality_high"
"3604","px_e51d771c3d5181c9","0.0166666666666667","1","1","3","quality_low"
"3605","px_e51d771c3d5181c9","0.0166666666666667","1","1","2","quality_low"
"3606","px_e51d771c3d5181c9","0.0166666666666667","1","1","2","quality_low"
"3607","px_e51d771c3d5181c9","0.0166666666666667","1","1","1","quality_low"
"3608","px_e51d771c3d5181c9","0.0166666666666667","1","1","2","quality_high"
"3609","px_e51d771c3d5181c9","0.0166666666666667","1","1","1","quality_high"
"3610","px_e51d771c3d5181c9","0.0166666666666667","1","1","1","quality_high"
"3611","px_e51d771c3d5181c9","0.0166666666666667","1","1","1","quality_high"
"3612","px_e51d771c3d5181c9","0.0166666666666667","1","3","1","quality_low"
"3613","px_e51d771c3d5181c9","0.0166666666666667","3","1","1","quality_low"
"3614","px_e51d771c3d5181c9","0.0166666666666667","1","1","2","quality_low"
"3615","px_e51d771c3d5181c9","0.0166666666666667","1","1","1","quality_low"
"3616","px_e51d771c3d5181c9","0.0166666666666667","1","1","2","quality_low"
"3617","px_e51d771c3d5181c9","0.0166666666666667","1","1","1","quality_low"
"3618","px_e51d771c3d5181c9","0.0166666666666667","1","1","1","quality_low"
"3619","px_e51d771c3d5181c9","0.0166666666666667","1","1","2","quality_high"
"3620","px_e51d771c3d5181c9","0.0166666666666667","2","1","2","quality_low"
"3621","px_e51d771c3d5181c9","0.0166666666666667","1","1","3","quality_low"
"3622","px_e51d771c3d5181c9","0.0166666666666667","1","1","2","quality_high"
"3623","px_e51d771c3d5181c9","0.0166666666666667","1","3","3","quality_high"
"3624","px_e51d771c3d5181c9","0.0166666666666667","3","1","2","quality_low"
"3625","px_e51d771c3d5181c9","0.0166666666666667","1","1","2","quality_low"
"3626","px_e51d771c3d5181c9","0.0166666666666667","1","1","2","quality_low"
"3627","px_e51d771c3d5181c9","0.0166666666666667","1","1","2","quality_low"
"3628","px_e51d771c3d5181c9","0.0166666666666667","1","1","2","quality_low"
"3629","px_e51d771c3d5181c9","0.0166666666666667","1","1","3","quality_high"
"3630","px_e51d771c3d5181c9","0.0166666666666667","1","1","3","quality_low"
"3631","px_e51d771c3d5181c9","0.0166666666666667","1","1","2","quality_low"
"3632","px_e51d771c3d5181c9","0.0166666666666667","1","1","3","quality_low"
"3633","px_e51d771c3d5181c9","0.0166666666666667","1","1","3","quality_low"
"3634","px_e51d771c3d5181c9","0.0166666666666667","1","1","3","quality_low"
"3635","px_e51d771c3d5181c9","0.0166666666666667","1","1","3","quality_low"
"3636","px_e51d771c3d5181c9","0.0166666666666667","1","1","3","quality_low"
"3637","px_e51d771c3d5181c9","0.0166666666666667","1","1","3","quality_low"
"3638","px_e51d771c3d5181c9","0.0166666666666667","1","1","2","quality_low"
"3639","px_e51d771c3d5181c9","0.0166666666666667","1","1","3","quality_low"
"3640","px_e51d771c3d5181c9","0.0166666666666667","1","2","3","quality_low"
"3641","px_e51d771c3d5181c9","0.0166666666666667","2","1","3","quality_low"
"3642","px_e51d771c3d5181c9","0.0166666666666667","1","1","3","quality_low"
"3643","px_e51d771c3d5181c9","0.0166666666666667","1","1","3","quality_high"
"3644","px_5ae369085fc47376","0.00746268656716418","1","1","1","quality_high"
"3645","px_5ae369085fc47376","0.00746268656716418","1","1","1","quality_low"
"3646","px_5ae369085fc47376","0.00746268656716418","1","1","1","quality_high"
"3647","px_5ae369085fc47376","0.00746268656716418","1","1","1","quality_high"
"3648","px_5ae369085fc47376","0.00746268656716418","1","1","1","quality_high"
"3649","px_5ae369085fc47376","0.00746268656716418","1","1","1","quality_high"
"3650","px_5ae369085fc47376","0.00746268656716418","1","1","1","quality_high"
"3651","px_5ae369085fc47376","0.00746268656716418","1","1","1","quality_low"
"3652","px_5ae369085fc47376","0.00746268656716418","1","1","1","quality_high"
"3653","px_5ae369085fc47376","0.00746268656716418","1","1","1","quality_high"
"3654","px_5ae369085fc47376","0.00746268656716418","1","1","1","quality_high"
"3655","px_5ae369085fc47376","0.00746268656716418","1","1","1","quality_high"
"3656","px_5ae369085fc47376","0.00746268656716418","1","1","2","quality_high"
"3657","px_5ae369085fc47376","0.00746268656716418","1","1","1","quality_high"
"3658","px_5ae369085fc47376","0.00746268656716418","1","1","1","quality_high"
"3659","px_5ae369085fc47376","0.00746268656716418","1","1","2","quality_high"
"3660","px_5ae369085fc47376","0.00746268656716418","1","1","2","quality_low"
"3661","px_5ae369085fc47376","0.00746268656716418","1","1","3","quality_high"
"3662","px_5ae369085fc47376","0.00746268656716418","1","1","3","quality_high"
"3663","px_5ae369085fc47376","0.00746268656716418","1","1","3","quality_high"
"3664","px_5ae369085fc47376","0.00746268656716418","1","1","3","quality_high"
"3665","px_5ae369085fc47376","0.00746268656716418","1","1","3","quality_low"
"3666","px_5ae369085fc47376","0.00746268656716418","1","1","3","quality_high"
"3667","px_5ae369085fc47376","0.00746268656716418","1","1","3","quality_high"
"3668","px_5ae369085fc47376","0.00746268656716418","1","1","3","quality_high"
"3669","px_5ae369085fc47376","0.00746268656716418","1","1","3","quality_high"
"3670","px_5ae369085fc47376","0.00746268656716418","1","1","3","quality_high"
"3671","px_5ae369085fc47376","0.00746268656716418","1","1","3","quality_high"
"3672","px_5ae369085fc47376","0.00746268656716418","1","1","3","quality_high"
"3673","px_5ae369085fc47376","0.00746268656716418","1","1","3","quality_low"
"3674","px_5ae369085fc47376","0.00746268656716418","1","1","3","quality_high"
"3675","px_5ae369085fc47376","0.00746268656716418","1","1","3","quality_high"
"3676","px_5ae369085fc47376","0.00746268656716418","1","1","3","quality_high"
"3677","px_5ae369085fc47376","0.00746268656716418","1","1","3","quality_high"
"3678","px_5ae369085fc47376","0.00746268656716418","1","1","3","quality_high"
"3679","px_5ae369085fc47376","0.00746268656716418","1","1","3","quality_high"
"3680","px_5ae369085fc47376","0.00746268656716418","1","1","3","quality_high"
"3681","px_5ae369085fc47376","0.00746268656716418","1","1","3","quality_high"
"3682","px_5ae369085fc47376","0.00746268656716418","1","1","3","quality_high"
"3683","px_5ae369085fc47376","0.00746268656716418","1","1","3","quality_high"
"3684","px_5ae369085fc47376","0.00746268656716418","1","1","3","quality_high"
"3685","px_5ae369085fc47376","0.00746268656716418","1","1","3","quality_high"
"3686","px_5ae369085fc47376","0.00746268656716418","1","1","2","quality_high"
"3687","px_5ae369085fc47376","0.00746268656716418","1","1","3","quality_high"
"3688","px_5ae369085fc47376","0.00746268656716418","1","1","3","quality_high"
"3689","px_5ae369085fc47376","0.00746268656716418","1","1","3","quality_high"
"3690","px_5ae369085fc47376","0.00746268656716418","1","1","3","quality_high"
"3691","px_5ae369085fc47376","0.00746268656716418","1","1","3","quality_high"
"3692","px_5ae369085fc47376","0.00746268656716418","1","1","3","quality_high"
"3693","px_5ae369085fc47376","0.00746268656716418","1","1","3","quality_high"
"3694","px_5ae369085fc47376","0.00746268656716418","1","1","3","quality_high"
"3695","px_5ae369085fc47376","0.00746268656716418","1","1","3","quality_high"
"3696","px_5ae369085fc47376","0.00746268656716418","1","1","3","quality_high"
"3697","px_5ae369085fc47376","0.00746268656716418","1","3","3","quality_low"
"3698","px_5ae369085fc47376","0.00746268656716418","3","1","3","quality_low"
"3699","px_5ae369085fc47376","0.00746268656716418","1","1","3","quality_high"
"3700","px_5ae369085fc47376","0.00746268656716418","1","1","3","quality_low"
"3701","px_5ae369085fc47376","0.00746268656716418","1","1","3","quality_low"
"3702","px_5ae369085fc47376","0.00746268656716418","1","1","3","quality_low"
"3703","px_5ae369085fc47376","0.00746268656716418","1","1","3","quality_high"
"3704","px_5ae369085fc47376","0.00746268656716418","1","1","3","quality_high"
"3705","px_5ae369085fc47376","0.00746268656716418","1","1","3","quality_high"
"3706","px_5ae369085fc47376","0.00746268656716418","1","1","3","quality_high"
"3707","px_5ae369085fc47376","0.00746268656716418","1","1","3","quality_high"
"3708","px_5ae369085fc47376","0.00746268656716418","1","1","3","quality_high"
"3709","px_5ae369085fc47376","0.00746268656716418","1","1","3","quality_high"
"3710","px_5ae369085fc47376","0.00746268656716418","1","1","3","quality_high"
"3711","px_5ae369085fc47376","0.00746268656716418","1","1","3","quality_high"
"3712","px_5ae369085fc47376","0.00746268656716418","1","1","3","quality_high"
"3713","px_5ae369085fc47376","0.00746268656716418","1","1","3","quality_high"
"3714","px_5ae369085fc47376","0.00746268656716418","1","1","3","quality_high"
"3715","px_5ae369085fc47376","0.00746268656716418","1","1","3","quality_high"
"3716","px_5ae369085fc47376","0.00746268656716418","1","1","3","quality_high"
"3717","px_5ae369085fc47376","0.00746268656716418","1","1","3","quality_high"
"3718","px_5ae369085fc47376","0.00746268656716418","1","1","3","quality_high"
"3719","px_5ae369085fc47376","0.00746268656716418","1","1","3","quality_high"
"3720","px_5ae369085fc47376","0.00746268656716418","1","1","3","quality_high"
"3721","px_5ae369085fc47376","0.00746268656716418","1","1","3","quality_high"
"3722","px_5ae369085fc47376","0.00746268656716418","1","1","3","quality_high"
"3723","px_5ae369085fc47376","0.00746268656716418","1","1","3","quality_high"
"3724","px_5ae369085fc47376","0.00746268656716418","1","1","3","quality_high"
"3725","px_5ae369085fc47376","0.00746268656716418","1","1","3","quality_high"
"3726","px_5ae369085fc47376","0.00746268656716418","1","1","3","quality_high"
"3727","px_5ae369085fc47376","0.00746268656716418","1","1","3","quality_high"
"3728","px_5ae369085fc47376","0.00746268656716418","1","1","3","quality_high"
"3729","px_5ae369085fc47376","0.00746268656716418","1","1","3","quality_high"
"3730","px_5ae369085fc47376","0.00746268656716418","1","1","3","quality_high"
"3731","px_5ae369085fc47376","0.00746268656716418","1","1","3","quality_high"
"3732","px_5ae369085fc47376","0.00746268656716418","1","1","3","quality_high"
"3733","px_5ae369085fc47376","0.00746268656716418","1","1","3","quality_high"
"3734","px_5ae369085fc47376","0.00746268656716418","1","1","3","quality_low"
"3735","px_5ae369085fc47376","0.00746268656716418","1","1","3","quality_high"
"3736","px_5ae369085fc47376","0.00746268656716418","1","1","3","quality_high"
"3737","px_5ae369085fc47376","0.00746268656716418","1","1","3","quality_high"
"3738","px_5ae369085fc47376","0.00746268656716418","1","1","3","quality_high"
"3739","px_5ae369085fc47376","0.00746268656716418","1","1","3","quality_high"
"3740","px_5ae369085fc47376","0.00746268656716418","1","1","3","quality_high"
"3741","px_5ae369085fc47376","0.00746268656716418","1","1","3","quality_low"
"3742","px_5ae369085fc47376","0.00746268656716418","1","1","3","quality_low"
"3743","px_5ae369085fc47376","0.00746268656716418","1","1","3","quality_low"
"3744","px_5ae369085fc47376","0.00746268656716418","1","1","3","quality_high"
"3745","px_5ae369085fc47376","0.00746268656716418","1","1","3","quality_high"
"3746","px_5ae369085fc47376","0.00746268656716418","1","1","3","quality_high"
"3747","px_5ae369085fc47376","0.00746268656716418","1","1","3","quality_high"
"3748","px_5ae369085fc47376","0.00746268656716418","1","1","3","quality_high"
"3749","px_5ae369085fc47376","0.00746268656716418","1","1","3","quality_high"
"3750","px_5ae369085fc47376","0.00746268656716418","1","1","2","quality_low"
"3751","px_5ae369085fc47376","0.00746268656716418","1","1","3","quality_low"
"3752","px_5ae369085fc47376","0.00746268656716418","1","1","3","quality_low"
"3753","px_5ae369085fc47376","0.00746268656716418","1","1","2","quality_low"
"3754","px_5ae369085fc47376","0.00746268656716418","1","1","1","quality_low"
"3755","px_5ae369085fc47376","0.00746268656716418","1","1","3","quality_high"
"3756","px_5ae369085fc47376","0.00746268656716418","1","1","2","quality_high"
"3757","px_5ae369085fc47376","0.00746268656716418","1","1","2","quality_high"
"3758","px_5ae369085fc47376","0.00746268656716418","1","1","2","quality_high"
"3759","px_5ae369085fc47376","0.00746268656716418","1","1","2","quality_high"
"3760","px_5ae369085fc47376","0.00746268656716418","1","1","2","quality_high"
"3761","px_5ae369085fc47376","0.00746268656716418","1","1","2","quality_low"
"3762","px_5ae369085fc47376","0.00746268656716418","1","1","3","quality_low"
"3763","px_5ae369085fc47376","0.00746268656716418","1","1","3","quality_high"
"3764","px_5ae369085fc47376","0.00746268656716418","1","1","2","quality_low"
"3765","px_5ae369085fc47376","0.00746268656716418","1","1","2","quality_high"
"3766","px_5ae369085fc47376","0.00746268656716418","1","1","2","quality_low"
"3767","px_5ae369085fc47376","0.00746268656716418","1","1","1","quality_high"
"3768","px_5ae369085fc47376","0.00746268656716418","1","1","2","quality_low"
"3769","px_5ae369085fc47376","0.00746268656716418","1","1","2","quality_low"
"3770","px_5ae369085fc47376","0.00746268656716418","1","1","2","quality_low"
"3771","px_5ae369085fc47376","0.00746268656716418","1","1","2","quality_high"
"3772","px_5ae369085fc47376","0.00746268656716418","1","1","2","quality_low"
"3773","px_5ae369085fc47376","0.00746268656716418","1","1","1","quality_high"
"3774","px_5ae369085fc47376","0.00746268656716418","1","1","2","quality_low"
"3775","px_5ae369085fc47376","0.00746268656716418","1","1","2","quality_high"
"3776","px_5ae369085fc47376","0.00746268656716418","1","1","3","quality_high"
"3777","px_5ae369085fc47376","0.00746268656716418","1","1","3","quality_high"
"3778","px_172293ff0e0f480c","0.0075187969924812","2","2","1","quality_high"
"3779","px_172293ff0e0f480c","0.0075187969924812","2","2","1","quality_high"
"3780","px_172293ff0e0f480c","0.0075187969924812","2","2","1","quality_high"
"3781","px_172293ff0e0f480c","0.0075187969924812","2","2","1","quality_high"
"3782","px_172293ff0e0f480c","0.0075187969924812","2","2","1","quality_high"
"3783","px_172293ff0e0f480c","0.0075187969924812","2","2","2","quality_high"
"3784","px_172293ff0e0f480c","0.0075187969924812","2","2","1","quality_high"
"3785","px_172293ff0e0f480c","0.0075187969924812","2","3","1","quality_high"
"3786","px_172293ff0e0f480c","0.0075187969924812","3","2","1","quality_high"
"3787","px_172293ff0e0f480c","0.0075187969924812","2","2","1","quality_high"
"3788","px_172293ff0e0f480c","0.0075187969924812","2","2","1","quality_high"
"3789","px_172293ff0e0f480c","0.0075187969924812","2","2","1","quality_high"
"3790","px_172293ff0e0f480c","0.0075187969924812","2","2","1","quality_high"
"3791","px_172293ff0e0f480c","0.0075187969924812","2","2","1","quality_high"
"3792","px_172293ff0e0f480c","0.0075187969924812","2","2","1","quality_high"
"3793","px_172293ff0e0f480c","0.0075187969924812","2","2","1","quality_high"
"3794","px_172293ff0e0f480c","0.0075187969924812","2","2","1","quality_high"
"3795","px_172293ff0e0f480c","0.0075187969924812","2","2","1","quality_high"
"3796","px_172293ff0e0f480c","0.0075187969924812","2","2","1","quality_low"
"3797","px_172293ff0e0f480c","0.0075187969924812","2","2","1","quality_high"
"3798","px_172293ff0e0f480c","0.0075187969924812","2","2","1","quality_high"
"3799","px_172293ff0e0f480c","0.0075187969924812","2","2","1","quality_high"
"3800","px_172293ff0e0f480c","0.0075187969924812","2","2","1","quality_high"
"3801","px_172293ff0e0f480c","0.0075187969924812","2","2","1","quality_high"
"3802","px_172293ff0e0f480c","0.0075187969924812","2","2","1","quality_high"
"3803","px_172293ff0e0f480c","0.0075187969924812","2","2","1","quality_high"
"3804","px_172293ff0e0f480c","0.0075187969924812","2","2","1","quality_high"
"3805","px_172293ff0e0f480c","0.0075187969924812","2","2","1","quality_high"
"3806","px_172293ff0e0f480c","0.0075187969924812","2","2","1","quality_high"
"3807","px_172293ff0e0f480c","0.0075187969924812","2","2","1","quality_high"
"3808","px_172293ff0e0f480c","0.0075187969924812","2","2","1","quality_low"
"3809","px_172293ff0e0f480c","0.0075187969924812","2","2","2","quality_low"
"3810","px_172293ff0e0f480c","0.0075187969924812","2","2","2","quality_high"
"3811","px_172293ff0e0f480c","0.0075187969924812","2","2","1","quality_high"
"3812","px_172293ff0e0f480c","0.0075187969924812","2","2","1","quality_low"
"3813","px_172293ff0e0f480c","0.0075187969924812","2","2","2","quality_high"
"3814","px_172293ff0e0f480c","0.0075187969924812","2","2","1","quality_high"
"3815","px_172293ff0e0f480c","0.0075187969924812","2","2","1","quality_high"
"3816","px_172293ff0e0f480c","0.0075187969924812","2","2","1","quality_high"
"3817","px_172293ff0e0f480c","0.0075187969924812","2","2","2","quality_high"
"3818","px_172293ff0e0f480c","0.0075187969924812","2","2","2","quality_high"
"3819","px_172293ff0e0f480c","0.0075187969924812","2","2","1","quality_high"
"3820","px_172293ff0e0f480c","0.0075187969924812","2","2","1","quality_high"
"3821","px_172293ff0e0f480c","0.0075187969924812","2","2","1","quality_high"
"3822","px_172293ff0e0f480c","0.0075187969924812","2","2","2","quality_high"
"3823","px_172293ff0e0f480c","0.0075187969924812","2","2","2","quality_high"
"3824","px_172293ff0e0f480c","0.0075187969924812","2","2","3","quality_high"
"3825","px_172293ff0e0f480c","0.0075187969924812","2","2","2","quality_high"
"3826","px_172293ff0e0f480c","0.0075187969924812","2","2","3","quality_high"
"3827","px_172293ff0e0f480c","0.0075187969924812","2","2","3","quality_high"
"3828","px_172293ff0e0f480c","0.0075187969924812","2","2","3","quality_high"
"3829","px_172293ff0e0f480c","0.0075187969924812","2","2","2","quality_high"
"3830","px_172293ff0e0f480c","0.0075187969924812","2","2","2","quality_high"
"3831","px_172293ff0e0f480c","0.0075187969924812","2","2","2","quality_high"
"3832","px_172293ff0e0f480c","0.0075187969924812","2","2","2","quality_low"
"3833","px_172293ff0e0f480c","0.0075187969924812","2","2","3","quality_high"
"3834","px_172293ff0e0f480c","0.0075187969924812","2","2","2","quality_high"
"3835","px_172293ff0e0f480c","0.0075187969924812","2","2","2","quality_high"
"3836","px_172293ff0e0f480c","0.0075187969924812","2","2","2","quality_high"
"3837","px_172293ff0e0f480c","0.0075187969924812","2","2","3","quality_high"
"3838","px_172293ff0e0f480c","0.0075187969924812","2","2","2","quality_high"
"3839","px_172293ff0e0f480c","0.0075187969924812","2","2","3","quality_high"
"3840","px_172293ff0e0f480c","0.0075187969924812","2","2","3","quality_high"
"3841","px_172293ff0e0f480c","0.0075187969924812","2","2","3","quality_high"
"3842","px_172293ff0e0f480c","0.0075187969924812","2","2","2","quality_high"
"3843","px_172293ff0e0f480c","0.0075187969924812","2","2","2","quality_high"
"3844","px_172293ff0e0f480c","0.0075187969924812","2","3","2","quality_low"
"3845","px_172293ff0e0f480c","0.0075187969924812","3","2","2","quality_low"
"3846","px_172293ff0e0f480c","0.0075187969924812","2","3","2","quality_high"
"3847","px_172293ff0e0f480c","0.0075187969924812","3","2","2","quality_high"
"3848","px_172293ff0e0f480c","0.0075187969924812","2","2","2","quality_high"
"3849","px_172293ff0e0f480c","0.0075187969924812","2","2","1","quality_high"
"3850","px_172293ff0e0f480c","0.0075187969924812","2","2","2","quality_low"
"3851","px_172293ff0e0f480c","0.0075187969924812","2","2","1","quality_low"
"3852","px_172293ff0e0f480c","0.0075187969924812","2","2","2","quality_low"
"3853","px_172293ff0e0f480c","0.0075187969924812","2","2","2","quality_high"
"3854","px_172293ff0e0f480c","0.0075187969924812","2","2","1","quality_high"
"3855","px_172293ff0e0f480c","0.0075187969924812","2","2","1","quality_high"
"3856","px_172293ff0e0f480c","0.0075187969924812","2","2","1","quality_high"
"3857","px_172293ff0e0f480c","0.0075187969924812","2","2","1","quality_high"
"3858","px_172293ff0e0f480c","0.0075187969924812","2","3","1","quality_high"
"3859","px_172293ff0e0f480c","0.0075187969924812","3","3","1","quality_high"
"3860","px_172293ff0e0f480c","0.0075187969924812","3","3","1","quality_high"
"3861","px_172293ff0e0f480c","0.0075187969924812","3","2","1","quality_high"
"3862","px_172293ff0e0f480c","0.0075187969924812","2","2","1","quality_high"
"3863","px_172293ff0e0f480c","0.0075187969924812","2","2","1","quality_high"
"3864","px_172293ff0e0f480c","0.0075187969924812","2","3","1","quality_high"
"3865","px_172293ff0e0f480c","0.0075187969924812","3","2","2","quality_high"
"3866","px_172293ff0e0f480c","0.0075187969924812","2","3","1","quality_high"
"3867","px_172293ff0e0f480c","0.0075187969924812","3","2","1","quality_high"
"3868","px_172293ff0e0f480c","0.0075187969924812","2","2","1","quality_high"
"3869","px_172293ff0e0f480c","0.0075187969924812","2","2","1","quality_high"
"3870","px_172293ff0e0f480c","0.0075187969924812","2","2","1","quality_high"
"3871","px_172293ff0e0f480c","0.0075187969924812","2","3","2","quality_high"
"3872","px_172293ff0e0f480c","0.0075187969924812","3","2","2","quality_high"
"3873","px_172293ff0e0f480c","0.0075187969924812","2","2","2","quality_high"
"3874","px_172293ff0e0f480c","0.0075187969924812","2","2","2","quality_low"
"3875","px_172293ff0e0f480c","0.0075187969924812","2","2","2","quality_high"
"3876","px_172293ff0e0f480c","0.0075187969924812","2","2","2","quality_high"
"3877","px_172293ff0e0f480c","0.0075187969924812","2","2","2","quality_high"
"3878","px_172293ff0e0f480c","0.0075187969924812","2","2","2","quality_high"
"3879","px_172293ff0e0f480c","0.0075187969924812","2","3","2","quality_high"
"3880","px_172293ff0e0f480c","0.0075187969924812","3","2","2","quality_high"
"3881","px_172293ff0e0f480c","0.0075187969924812","2","2","1","quality_high"
"3882","px_172293ff0e0f480c","0.0075187969924812","2","2","1","quality_high"
"3883","px_172293ff0e0f480c","0.0075187969924812","2","2","2","quality_high"
"3884","px_172293ff0e0f480c","0.0075187969924812","2","2","1","quality_high"
"3885","px_172293ff0e0f480c","0.0075187969924812","2","2","2","quality_high"
"3886","px_172293ff0e0f480c","0.0075187969924812","2","2","2","quality_high"
"3887","px_172293ff0e0f480c","0.0075187969924812","2","2","1","quality_high"
"3888","px_172293ff0e0f480c","0.0075187969924812","2","2","2","quality_high"
"3889","px_172293ff0e0f480c","0.0075187969924812","2","2","2","quality_high"
"3890","px_172293ff0e0f480c","0.0075187969924812","2","2","2","quality_high"
"3891","px_172293ff0e0f480c","0.0075187969924812","2","2","2","quality_high"
"3892","px_172293ff0e0f480c","0.0075187969924812","2","2","2","quality_high"
"3893","px_172293ff0e0f480c","0.0075187969924812","2","2","2","quality_high"
"3894","px_172293ff0e0f480c","0.0075187969924812","2","2","1","quality_low"
"3895","px_172293ff0e0f480c","0.0075187969924812","2","2","1","quality_low"
"3896","px_172293ff0e0f480c","0.0075187969924812","2","2","2","quality_high"
"3897","px_172293ff0e0f480c","0.0075187969924812","2","2","2","quality_low"
"3898","px_172293ff0e0f480c","0.0075187969924812","2","2","2","quality_high"
"3899","px_172293ff0e0f480c","0.0075187969924812","2","2","2","quality_high"
"3900","px_172293ff0e0f480c","0.0075187969924812","2","2","2","quality_high"
"3901","px_172293ff0e0f480c","0.0075187969924812","2","2","3","quality_high"
"3902","px_172293ff0e0f480c","0.0075187969924812","2","2","3","quality_high"
"3903","px_172293ff0e0f480c","0.0075187969924812","2","2","2","quality_high"
"3904","px_172293ff0e0f480c","0.0075187969924812","2","2","2","quality_high"
"3905","px_172293ff0e0f480c","0.0075187969924812","2","2","2","quality_high"
"3906","px_172293ff0e0f480c","0.0075187969924812","2","2","2","quality_high"
"3907","px_172293ff0e0f480c","0.0075187969924812","2","2","2","quality_high"
"3908","px_172293ff0e0f480c","0.0075187969924812","2","2","2","quality_high"
"3909","px_172293ff0e0f480c","0.0075187969924812","2","2","3","quality_high"
"3910","px_172293ff0e0f480c","0.0075187969924812","2","2","2","quality_high"
"3911","px_9f9b55e10e617e3f","0.0303030303030303","1","3","1","quality_low"
"3912","px_9f9b55e10e617e3f","0.0303030303030303","3","1","2","quality_low"
"3913","px_9f9b55e10e617e3f","0.0303030303030303","1","2","2","quality_low"
"3914","px_9f9b55e10e617e3f","0.0303030303030303","2","1","1","quality_low"
"3915","px_9f9b55e10e617e3f","0.0303030303030303","1","1","3","quality_high"
"3916","px_9f9b55e10e617e3f","0.0303030303030303","1","2","3","quality_high"
"3917","px_9f9b55e10e617e3f","0.0303030303030303","2","1","1","quality_low"
"3918","px_9f9b55e10e617e3f","0.0303030303030303","1","1","3","quality_high"
"3919","px_9f9b55e10e617e3f","0.0303030303030303","1","1","2","quality_high"
"3920","px_9f9b55e10e617e3f","0.0303030303030303","1","3","3","quality_low"
"3921","px_9f9b55e10e617e3f","0.0303030303030303","3","1","3","quality_low"
"3922","px_9f9b55e10e617e3f","0.0303030303030303","1","1","3","quality_low"
"3923","px_9f9b55e10e617e3f","0.0303030303030303","1","1","3","quality_low"
"3924","px_9f9b55e10e617e3f","0.0303030303030303","1","1","3","quality_high"
"3925","px_9f9b55e10e617e3f","0.0303030303030303","1","2","3","quality_low"
"3926","px_9f9b55e10e617e3f","0.0303030303030303","2","3","3","quality_high"
"3927","px_9f9b55e10e617e3f","0.0303030303030303","3","3","3","quality_high"
"3928","px_9f9b55e10e617e3f","0.0303030303030303","3","3","3","quality_high"
"3929","px_9f9b55e10e617e3f","0.0303030303030303","3","1","3","quality_high"
"3930","px_9f9b55e10e617e3f","0.0303030303030303","1","3","3","quality_high"
"3931","px_9f9b55e10e617e3f","0.0303030303030303","3","3","3","quality_high"
"3932","px_9f9b55e10e617e3f","0.0303030303030303","3","3","3","quality_high"
"3933","px_9f9b55e10e617e3f","0.0303030303030303","3","3","3","quality_high"
"3934","px_9f9b55e10e617e3f","0.0303030303030303","3","3","3","quality_high"
"3935","px_9f9b55e10e617e3f","0.0303030303030303","2","2","2","quality_low"
"3936","px_9f9b55e10e617e3f","0.0303030303030303","2","2","3","quality_high"
"3937","px_9f9b55e10e617e3f","0.0303030303030303","2","2","3","quality_low"
"3938","px_9f9b55e10e617e3f","0.0303030303030303","2","3","3","quality_high"
"3939","px_9f9b55e10e617e3f","0.0303030303030303","3","1","2","quality_low"
"3940","px_9f9b55e10e617e3f","0.0303030303030303","1","3","3","quality_low"
"3941","px_9f9b55e10e617e3f","0.0303030303030303","3","3","3","quality_low"
"3942","px_9f9b55e10e617e3f","0.0303030303030303","3","3","2","quality_low"
"3943","px_9f9b55e10e617e3f","0.0303030303030303","3","3","3","quality_low"
"3944","px_a009a088f7116de6","0.0163934426229508","2","2","3","quality_low"
"3945","px_a009a088f7116de6","0.0163934426229508","2","2","3","quality_low"
"3946","px_a009a088f7116de6","0.0163934426229508","2","2","2","quality_low"
"3947","px_a009a088f7116de6","0.0163934426229508","2","2","1","quality_high"
"3948","px_a009a088f7116de6","0.0163934426229508","2","3","2","quality_low"
"3949","px_a009a088f7116de6","0.0163934426229508","3","2","1","quality_low"
"3950","px_a009a088f7116de6","0.0163934426229508","3","3","1","quality_high"
"3951","px_a009a088f7116de6","0.0163934426229508","3","1","1","quality_high"
"3952","px_a009a088f7116de6","0.0163934426229508","1","1","1","quality_low"
"3953","px_a009a088f7116de6","0.0163934426229508","1","3","1","quality_low"
"3954","px_a009a088f7116de6","0.0163934426229508","3","1","1","quality_low"
"3955","px_a009a088f7116de6","0.0163934426229508","1","1","1","quality_low"
"3956","px_a009a088f7116de6","0.0163934426229508","1","1","1","quality_low"
"3957","px_a009a088f7116de6","0.0163934426229508","1","1","1","quality_low"
"3958","px_a009a088f7116de6","0.0163934426229508","1","1","1","quality_low"
"3959","px_a009a088f7116de6","0.0163934426229508","1","1","1","quality_low"
"3960","px_a009a088f7116de6","0.0163934426229508","1","1","1","quality_low"
"3961","px_a009a088f7116de6","0.0163934426229508","1","2","2","quality_low"
"3962","px_a009a088f7116de6","0.0163934426229508","2","1","2","quality_low"
"3963","px_a009a088f7116de6","0.0163934426229508","1","1","1","quality_low"
"3964","px_a009a088f7116de6","0.0163934426229508","1","2","1","quality_low"
"3965","px_a009a088f7116de6","0.0163934426229508","2","1","1","quality_low"
"3966","px_a009a088f7116de6","0.0163934426229508","1","1","1","quality_low"
"3967","px_a009a088f7116de6","0.0163934426229508","1","1","2","quality_low"
"3968","px_a009a088f7116de6","0.0163934426229508","1","1","1","quality_high"
"3969","px_a009a088f7116de6","0.0163934426229508","1","2","1","quality_high"
"3970","px_a009a088f7116de6","0.0163934426229508","2","1","2","quality_low"
"3971","px_a009a088f7116de6","0.0163934426229508","1","1","2","quality_high"
"3972","px_a009a088f7116de6","0.0163934426229508","1","1","1","quality_low"
"3973","px_a009a088f7116de6","0.0163934426229508","1","1","1","quality_low"
"3974","px_a009a088f7116de6","0.0163934426229508","1","1","1","quality_low"
"3975","px_a009a088f7116de6","0.0163934426229508","1","2","1","quality_low"
"3976","px_a009a088f7116de6","0.0163934426229508","2","1","1","quality_low"
"3977","px_a009a088f7116de6","0.0163934426229508","1","1","1","quality_low"
"3978","px_a009a088f7116de6","0.0163934426229508","1","1","1","quality_low"
"3979","px_a009a088f7116de6","0.0163934426229508","1","1","1","quality_high"
"3980","px_a009a088f7116de6","0.0163934426229508","1","2","1","quality_high"
"3981","px_a009a088f7116de6","0.0163934426229508","2","1","1","quality_high"
"3982","px_a009a088f7116de6","0.0163934426229508","1","2","1","quality_high"
"3983","px_a009a088f7116de6","0.0163934426229508","2","2","1","quality_low"
"3984","px_a009a088f7116de6","0.0163934426229508","2","2","1","quality_low"
"3985","px_a009a088f7116de6","0.0163934426229508","2","2","1","quality_high"
"3986","px_a009a088f7116de6","0.0163934426229508","2","2","1","quality_low"
"3987","px_a009a088f7116de6","0.0163934426229508","2","2","1","quality_high"
"3988","px_a009a088f7116de6","0.0163934426229508","2","3","1","quality_high"
"3989","px_a009a088f7116de6","0.0163934426229508","3","2","1","quality_high"
"3990","px_a009a088f7116de6","0.0163934426229508","2","2","1","quality_high"
"3991","px_a009a088f7116de6","0.0163934426229508","2","3","3","quality_low"
"3992","px_a009a088f7116de6","0.0163934426229508","3","2","3","quality_low"
"3993","px_a009a088f7116de6","0.0163934426229508","2","3","1","quality_low"
"3994","px_a009a088f7116de6","0.0163934426229508","3","2","1","quality_low"
"3995","px_a009a088f7116de6","0.0163934426229508","2","2","1","quality_high"
"3996","px_a009a088f7116de6","0.0163934426229508","2","2","1","quality_high"
"3997","px_a009a088f7116de6","0.0163934426229508","2","2","1","quality_high"
"3998","px_a009a088f7116de6","0.0163934426229508","2","3","1","quality_low"
"3999","px_a009a088f7116de6","0.0163934426229508","3","2","1","quality_low"
"4000","px_a009a088f7116de6","0.0163934426229508","2","3","1","quality_low"
"4001","px_a009a088f7116de6","0.0163934426229508","3","2","1","quality_low"
"4002","px_a009a088f7116de6","0.0163934426229508","2","3","1","quality_low"
"4003","px_a009a088f7116de6","0.0163934426229508","3","3","1","quality_low"
"4004","px_a009a088f7116de6","0.0163934426229508","3","2","1","quality_low"
"4005","px_cd74f0e1c3a5b9a0","0.010989010989011","3","3","1","quality_low"
"4006","px_cd74f0e1c3a5b9a0","0.010989010989011","3","3","1","quality_low"
"4007","px_cd74f0e1c3a5b9a0","0.010989010989011","3","3","1","quality_low"
"4008","px_cd74f0e1c3a5b9a0","0.010989010989011","3","3","1","quality_high"
"4009","px_cd74f0e1c3a5b9a0","0.010989010989011","3","3","1","quality_high"
"4010","px_cd74f0e1c3a5b9a0","0.010989010989011","3","3","1","quality_high"
"4011","px_cd74f0e1c3a5b9a0","0.010989010989011","3","3","1","quality_high"
"4012","px_cd74f0e1c3a5b9a0","0.010989010989011","3","3","1","quality_high"
"4013","px_cd74f0e1c3a5b9a0","0.010989010989011","3","3","1","quality_high"
"4014","px_cd74f0e1c3a5b9a0","0.010989010989011","3","3","1","quality_high"
"4015","px_cd74f0e1c3a5b9a0","0.010989010989011","3","3","1","quality_high"
"4016","px_cd74f0e1c3a5b9a0","0.010989010989011","3","3","1","quality_high"
"4017","px_cd74f0e1c3a5b9a0","0.010989010989011","3","3","1","quality_high"
"4018","px_cd74f0e1c3a5b9a0","0.010989010989011","3","3","1","quality_high"
"4019","px_cd74f0e1c3a5b9a0","0.010989010989011","3","3","1","quality_high"
"4020","px_cd74f0e1c3a5b9a0","0.010989010989011","3","3","1","quality_high"
"4021","px_cd74f0e1c3a5b9a0","0.010989010989011","3","3","1","quality_high"
"4022","px_cd74f0e1c3a5b9a0","0.010989010989011","3","3","1","quality_high"
"4023","px_cd74f0e1c3a5b9a0","0.010989010989011","3","3","1","quality_high"
"4024","px_cd74f0e1c3a5b9a0","0.010989010989011","3","3","1","quality_high"
"4025","px_cd74f0e1c3a5b9a0","0.010989010989011","3","3","1","quality_high"
"4026","px_cd74f0e1c3a5b9a0","0.010989010989011","3","3","2","quality_low"
"4027","px_cd74f0e1c3a5b9a0","0.010989010989011","3","3","1","quality_low"
"4028","px_cd74f0e1c3a5b9a0","0.010989010989011","3","3","1","quality_high"
"4029","px_cd74f0e1c3a5b9a0","0.010989010989011","3","3","1","quality_high"
"4030","px_cd74f0e1c3a5b9a0","0.010989010989011","3","3","1","quality_high"
"4031","px_cd74f0e1c3a5b9a0","0.010989010989011","3","3","1","quality_high"
"4032","px_cd74f0e1c3a5b9a0","0.010989010989011","3","3","1","quality_high"
"4033","px_cd74f0e1c3a5b9a0","0.010989010989011","3","3","1","quality_high"
"4034","px_cd74f0e1c3a5b9a0","0.010989010989011","3","3","1","quality_high"
"4035","px_cd74f0e1c3a5b9a0","0.010989010989011","3","3","1","quality_high"
"4036","px_cd74f0e1c3a5b9a0","0.010989010989011","3","3","1","quality_high"
"4037","px_cd74f0e1c3a5b9a0","0.010989010989011","3","3","1","quality_high"
"4038","px_cd74f0e1c3a5b9a0","0.010989010989011","3","3","1","quality_high"
"4039","px_cd74f0e1c3a5b9a0","0.010989010989011","3","3","1","quality_low"
"4040","px_cd74f0e1c3a5b9a0","0.010989010989011","3","3","1","quality_low"
"4041","px_cd74f0e1c3a5b9a0","0.010989010989011","3","3","1","quality_high"
"4042","px_cd74f0e1c3a5b9a0","0.010989010989011","3","2","1","quality_high"
"4043","px_cd74f0e1c3a5b9a0","0.010989010989011","2","3","1","quality_high"
"4044","px_cd74f0e1c3a5b9a0","0.010989010989011","3","3","1","quality_high"
"4045","px_cd74f0e1c3a5b9a0","0.010989010989011","3","3","1","quality_high"
"4046","px_cd74f0e1c3a5b9a0","0.010989010989011","3","3","1","quality_high"
"4047","px_cd74f0e1c3a5b9a0","0.010989010989011","3","3","1","quality_high"
"4048","px_cd74f0e1c3a5b9a0","0.010989010989011","3","3","1","quality_low"
"4049","px_cd74f0e1c3a5b9a0","0.010989010989011","3","3","1","quality_low"
"4050","px_cd74f0e1c3a5b9a0","0.010989010989011","3","3","1","quality_high"
"4051","px_cd74f0e1c3a5b9a0","0.010989010989011","3","3","1","quality_high"
"4052","px_cd74f0e1c3a5b9a0","0.010989010989011","3","3","1","quality_high"
"4053","px_cd74f0e1c3a5b9a0","0.010989010989011","3","2","1","quality_high"
"4054","px_cd74f0e1c3a5b9a0","0.010989010989011","2","3","1","quality_high"
"4055","px_cd74f0e1c3a5b9a0","0.010989010989011","3","3","1","quality_high"
"4056","px_cd74f0e1c3a5b9a0","0.010989010989011","3","3","1","quality_high"
"4057","px_cd74f0e1c3a5b9a0","0.010989010989011","3","3","1","quality_high"
"4058","px_cd74f0e1c3a5b9a0","0.010989010989011","3","3","1","quality_high"
"4059","px_cd74f0e1c3a5b9a0","0.010989010989011","3","2","1","quality_high"
"4060","px_cd74f0e1c3a5b9a0","0.010989010989011","2","3","1","quality_high"
"4061","px_cd74f0e1c3a5b9a0","0.010989010989011","3","3","1","quality_high"
"4062","px_cd74f0e1c3a5b9a0","0.010989010989011","3","3","1","quality_high"
"4063","px_cd74f0e1c3a5b9a0","0.010989010989011","3","3","1","quality_high"
"4064","px_cd74f0e1c3a5b9a0","0.010989010989011","3","3","1","quality_high"
"4065","px_cd74f0e1c3a5b9a0","0.010989010989011","3","3","1","quality_high"
"4066","px_cd74f0e1c3a5b9a0","0.010989010989011","3","3","1","quality_high"
"4067","px_cd74f0e1c3a5b9a0","0.010989010989011","3","3","1","quality_high"
"4068","px_cd74f0e1c3a5b9a0","0.010989010989011","3","3","1","quality_low"
"4069","px_cd74f0e1c3a5b9a0","0.010989010989011","3","3","1","quality_high"
"4070","px_cd74f0e1c3a5b9a0","0.010989010989011","3","3","1","quality_high"
"4071","px_cd74f0e1c3a5b9a0","0.010989010989011","3","3","1","quality_high"
"4072","px_cd74f0e1c3a5b9a0","0.010989010989011","3","3","1","quality_high"
"4073","px_cd74f0e1c3a5b9a0","0.010989010989011","3","3","1","quality_high"
"4074","px_cd74f0e1c3a5b9a0","0.010989010989011","3","3","1","quality_high"
"4075","px_cd74f0e1c3a5b9a0","0.010989010989011","3","3","1","quality_low"
"4076","px_cd74f0e1c3a5b9a0","0.010989010989011","3","3","1","quality_high"
"4077","px_cd74f0e1c3a5b9a0","0.010989010989011","3","3","1","quality_high"
"4078","px_cd74f0e1c3a5b9a0","0.010989010989011","3","3","1","quality_high"
"4079","px_cd74f0e1c3a5b9a0","0.010989010989011","3","3","1","quality_high"
"4080","px_cd74f0e1c3a5b9a0","0.010989010989011","3","3","1","quality_high"
"4081","px_cd74f0e1c3a5b9a0","0.010989010989011","3","3","1","quality_high"
"4082","px_cd74f0e1c3a5b9a0","0.010989010989011","3","3","1","quality_high"
"4083","px_cd74f0e1c3a5b9a0","0.010989010989011","3","3","1","quality_high"
"4084","px_cd74f0e1c3a5b9a0","0.010989010989011","3","3","1","quality_high"
"4085","px_cd74f0e1c3a5b9a0","0.010989010989011","3","3","1","quality_low"
"4086","px_cd74f0e1c3a5b9a0","0.010989010989011","3","3","1","quality_high"
"4087","px_cd74f0e1c3a5b9a0","0.010989010989011","3","3","1","quality_low"
"4088","px_cd74f0e1c3a5b9a0","0.010989010989011","3","3","1","quality_high"
"4089","px_cd74f0e1c3a5b9a0","0.010989010989011","3","3","1","quality_high"
"4090","px_cd74f0e1c3a5b9a0","0.010989010989011","3","3","1","quality_high"
"4091","px_cd74f0e1c3a5b9a0","0.010989010989011","3","3","1","quality_high"
"4092","px_cd74f0e1c3a5b9a0","0.010989010989011","3","3","1","quality_high"
"4093","px_cd74f0e1c3a5b9a0","0.010989010989011","3","3","1","quality_high"
"4094","px_cd74f0e1c3a5b9a0","0.010989010989011","3","3","1","quality_high"
"4095","px_cd74f0e1c3a5b9a0","0.010989010989011","3","3","1","quality_high"
"4096","px_cfcec6fed85f5ff0","0.00689655172413793","2","2","1","quality_low"
"4097","px_cfcec6fed85f5ff0","0.00689655172413793","2","2","1","quality_low"
"4098","px_cfcec6fed85f5ff0","0.00689655172413793","2","3","2","quality_high"
"4099","px_cfcec6fed85f5ff0","0.00689655172413793","3","2","2","quality_high"
"4100","px_cfcec6fed85f5ff0","0.00689655172413793","2","3","2","quality_high"
"4101","px_cfcec6fed85f5ff0","0.00689655172413793","3","2","3","quality_low"
"4102","px_cfcec6fed85f5ff0","0.00689655172413793","2","2","3","quality_low"
"4103","px_cfcec6fed85f5ff0","0.00689655172413793","2","3","2","quality_low"
"4104","px_cfcec6fed85f5ff0","0.00689655172413793","3","3","2","quality_low"
"4105","px_cfcec6fed85f5ff0","0.00689655172413793","3","3","2","quality_low"
"4106","px_cfcec6fed85f5ff0","0.00689655172413793","3","3","3","quality_low"
"4107","px_cfcec6fed85f5ff0","0.00689655172413793","3","3","1","quality_low"
"4108","px_cfcec6fed85f5ff0","0.00689655172413793","3","3","1","quality_high"
"4109","px_cfcec6fed85f5ff0","0.00689655172413793","3","3","1","quality_low"
"4110","px_cfcec6fed85f5ff0","0.00689655172413793","3","3","3","quality_low"
"4111","px_cfcec6fed85f5ff0","0.00689655172413793","3","3","3","quality_high"
"4112","px_cfcec6fed85f5ff0","0.00689655172413793","3","3","3","quality_high"
"4113","px_cfcec6fed85f5ff0","0.00689655172413793","3","3","3","quality_high"
"4114","px_cfcec6fed85f5ff0","0.00689655172413793","3","3","3","quality_high"
"4115","px_cfcec6fed85f5ff0","0.00689655172413793","3","2","3","quality_high"
"4116","px_cfcec6fed85f5ff0","0.00689655172413793","2","3","3","quality_high"
"4117","px_cfcec6fed85f5ff0","0.00689655172413793","3","2","3","quality_high"
"4118","px_cfcec6fed85f5ff0","0.00689655172413793","2","2","2","quality_high"
"4119","px_cfcec6fed85f5ff0","0.00689655172413793","2","2","2","quality_high"
"4120","px_cfcec6fed85f5ff0","0.00689655172413793","2","2","3","quality_high"
"4121","px_cfcec6fed85f5ff0","0.00689655172413793","2","2","3","quality_high"
"4122","px_cfcec6fed85f5ff0","0.00689655172413793","2","2","3","quality_high"
"4123","px_cfcec6fed85f5ff0","0.00689655172413793","2","2","2","quality_high"
"4124","px_cfcec6fed85f5ff0","0.00689655172413793","2","2","2","quality_high"
"4125","px_cfcec6fed85f5ff0","0.00689655172413793","2","2","2","quality_low"
"4126","px_cfcec6fed85f5ff0","0.00689655172413793","2","2","2","quality_low"
"4127","px_cfcec6fed85f5ff0","0.00689655172413793","2","2","2","quality_high"
"4128","px_cfcec6fed85f5ff0","0.00689655172413793","2","2","3","quality_high"
"4129","px_cfcec6fed85f5ff0","0.00689655172413793","2","2","3","quality_high"
"4130","px_cfcec6fed85f5ff0","0.00689655172413793","2","2","3","quality_high"
"4131","px_cfcec6fed85f5ff0","0.00689655172413793","2","3","3","quality_high"
"4132","px_cfcec6fed85f5ff0","0.00689655172413793","3","3","3","quality_high"
"4133","px_cfcec6fed85f5ff0","0.00689655172413793","3","3","3","quality_low"
"4134","px_cfcec6fed85f5ff0","0.00689655172413793","3","3","3","quality_low"
"4135","px_cfcec6fed85f5ff0","0.00689655172413793","3","3","3","quality_low"
"4136","px_cfcec6fed85f5ff0","0.00689655172413793","3","3","2","quality_low"
"4137","px_cfcec6fed85f5ff0","0.00689655172413793","3","3","2","quality_low"
"4138","px_cfcec6fed85f5ff0","0.00689655172413793","3","3","2","quality_low"
"4139","px_cfcec6fed85f5ff0","0.00689655172413793","3","3","2","quality_low"
"4140","px_cfcec6fed85f5ff0","0.00689655172413793","3","3","3","quality_high"
"4141","px_cfcec6fed85f5ff0","0.00689655172413793","3","3","3","quality_high"
"4142","px_cfcec6fed85f5ff0","0.00689655172413793","3","3","3","quality_low"
"4143","px_cfcec6fed85f5ff0","0.00689655172413793","3","2","3","quality_low"
"4144","px_cfcec6fed85f5ff0","0.00689655172413793","2","3","3","quality_high"
"4145","px_cfcec6fed85f5ff0","0.00689655172413793","3","3","3","quality_high"
"4146","px_cfcec6fed85f5ff0","0.00689655172413793","3","3","3","quality_high"
"4147","px_cfcec6fed85f5ff0","0.00689655172413793","3","2","3","quality_low"
"4148","px_cfcec6fed85f5ff0","0.00689655172413793","2","3","3","quality_high"
"4149","px_cfcec6fed85f5ff0","0.00689655172413793","3","3","3","quality_high"
"4150","px_cfcec6fed85f5ff0","0.00689655172413793","3","3","2","quality_high"
"4151","px_cfcec6fed85f5ff0","0.00689655172413793","3","3","2","quality_low"
"4152","px_cfcec6fed85f5ff0","0.00689655172413793","3","3","1","quality_low"
"4153","px_cfcec6fed85f5ff0","0.00689655172413793","3","3","2","quality_low"
"4154","px_cfcec6fed85f5ff0","0.00689655172413793","3","3","2","quality_low"
"4155","px_cfcec6fed85f5ff0","0.00689655172413793","3","3","2","quality_low"
"4156","px_cfcec6fed85f5ff0","0.00689655172413793","3","3","2","quality_low"
"4157","px_cfcec6fed85f5ff0","0.00689655172413793","3","3","3","quality_low"
"4158","px_cfcec6fed85f5ff0","0.00689655172413793","3","3","1","quality_low"
"4159","px_cfcec6fed85f5ff0","0.00689655172413793","3","3","1","quality_low"
"4160","px_cfcec6fed85f5ff0","0.00689655172413793","3","3","2","quality_high"
"4161","px_cfcec6fed85f5ff0","0.00689655172413793","3","3","2","quality_high"
"4162","px_cfcec6fed85f5ff0","0.00689655172413793","3","3","2","quality_low"
"4163","px_cfcec6fed85f5ff0","0.00689655172413793","3","3","1","quality_low"
"4164","px_cfcec6fed85f5ff0","0.00689655172413793","3","3","3","quality_low"
"4165","px_cfcec6fed85f5ff0","0.00689655172413793","3","3","3","quality_high"
"4166","px_cfcec6fed85f5ff0","0.00689655172413793","3","3","3","quality_low"
"4167","px_cfcec6fed85f5ff0","0.00689655172413793","3","3","3","quality_high"
"4168","px_cfcec6fed85f5ff0","0.00689655172413793","3","3","3","quality_high"
"4169","px_cfcec6fed85f5ff0","0.00689655172413793","3","3","3","quality_high"
"4170","px_cfcec6fed85f5ff0","0.00689655172413793","3","3","2","quality_low"
"4171","px_cfcec6fed85f5ff0","0.00689655172413793","3","3","2","quality_low"
"4172","px_cfcec6fed85f5ff0","0.00689655172413793","3","3","2","quality_high"
"4173","px_cfcec6fed85f5ff0","0.00689655172413793","3","3","3","quality_high"
"4174","px_cfcec6fed85f5ff0","0.00689655172413793","3","3","3","quality_high"
"4175","px_cfcec6fed85f5ff0","0.00689655172413793","3","3","2","quality_low"
"4176","px_cfcec6fed85f5ff0","0.00689655172413793","3","3","3","quality_low"
"4177","px_cfcec6fed85f5ff0","0.00689655172413793","3","3","3","quality_low"
"4178","px_cfcec6fed85f5ff0","0.00689655172413793","3","3","3","quality_low"
"4179","px_cfcec6fed85f5ff0","0.00689655172413793","3","3","3","quality_high"
"4180","px_cfcec6fed85f5ff0","0.00689655172413793","3","3","3","quality_high"
"4181","px_cfcec6fed85f5ff0","0.00689655172413793","3","3","3","quality_high"
"4182","px_cfcec6fed85f5ff0","0.00689655172413793","3","3","2","quality_low"
"4183","px_cfcec6fed85f5ff0","0.00689655172413793","3","3","3","quality_low"
"4184","px_cfcec6fed85f5ff0","0.00689655172413793","3","3","3","quality_high"
"4185","px_cfcec6fed85f5ff0","0.00689655172413793","3","3","3","quality_high"
"4186","px_cfcec6fed85f5ff0","0.00689655172413793","3","3","3","quality_high"
"4187","px_cfcec6fed85f5ff0","0.00689655172413793","3","3","3","quality_high"
"4188","px_cfcec6fed85f5ff0","0.00689655172413793","3","3","3","quality_high"
"4189","px_cfcec6fed85f5ff0","0.00689655172413793","3","3","3","quality_high"
"4190","px_cfcec6fed85f5ff0","0.00689655172413793","3","3","3","quality_high"
"4191","px_cfcec6fed85f5ff0","0.00689655172413793","3","3","3","quality_high"
"4192","px_cfcec6fed85f5ff0","0.00689655172413793","3","3","3","quality_high"
"4193","px_cfcec6fed85f5ff0","0.00689655172413793","3","3","3","quality_high"
"4194","px_cfcec6fed85f5ff0","0.00689655172413793","3","3","3","quality_high"
"4195","px_cfcec6fed85f5ff0","0.00689655172413793","3","3","3","quality_high"
"4196","px_cfcec6fed85f5ff0","0.00689655172413793","3","3","2","quality_low"
"4197","px_cfcec6fed85f5ff0","0.00689655172413793","3","3","3","quality_high"
"4198","px_cfcec6fed85f5ff0","0.00689655172413793","3","3","2","quality_high"
"4199","px_cfcec6fed85f5ff0","0.00689655172413793","3","3","2","quality_low"
"4200","px_cfcec6fed85f5ff0","0.00689655172413793","3","3","2","quality_low"
"4201","px_cfcec6fed85f5ff0","0.00689655172413793","3","3","3","quality_low"
"4202","px_cfcec6fed85f5ff0","0.00689655172413793","3","3","2","quality_low"
"4203","px_cfcec6fed85f5ff0","0.00689655172413793","3","3","2","quality_low"
"4204","px_cfcec6fed85f5ff0","0.00689655172413793","3","3","2","quality_low"
"4205","px_cfcec6fed85f5ff0","0.00689655172413793","3","3","3","quality_low"
"4206","px_cfcec6fed85f5ff0","0.00689655172413793","3","3","2","quality_low"
"4207","px_cfcec6fed85f5ff0","0.00689655172413793","3","3","3","quality_high"
"4208","px_cfcec6fed85f5ff0","0.00689655172413793","3","3","2","quality_high"
"4209","px_cfcec6fed85f5ff0","0.00689655172413793","3","3","2","quality_high"
"4210","px_cfcec6fed85f5ff0","0.00689655172413793","3","3","1","quality_low"
"4211","px_cfcec6fed85f5ff0","0.00689655172413793","3","3","1","quality_low"
"4212","px_cfcec6fed85f5ff0","0.00689655172413793","3","3","1","quality_low"
"4213","px_cfcec6fed85f5ff0","0.00689655172413793","3","3","1","quality_low"
"4214","px_cfcec6fed85f5ff0","0.00689655172413793","3","3","2","quality_low"
"4215","px_cfcec6fed85f5ff0","0.00689655172413793","3","3","2","quality_low"
"4216","px_cfcec6fed85f5ff0","0.00689655172413793","3","3","1","quality_low"
"4217","px_cfcec6fed85f5ff0","0.00689655172413793","3","3","2","quality_low"
"4218","px_cfcec6fed85f5ff0","0.00689655172413793","3","3","2","quality_low"
"4219","px_cfcec6fed85f5ff0","0.00689655172413793","3","3","2","quality_low"
"4220","px_cfcec6fed85f5ff0","0.00689655172413793","3","3","3","quality_high"
"4221","px_cfcec6fed85f5ff0","0.00689655172413793","3","3","3","quality_high"
"4222","px_cfcec6fed85f5ff0","0.00689655172413793","3","3","3","quality_high"
"4223","px_cfcec6fed85f5ff0","0.00689655172413793","3","3","3","quality_high"
"4224","px_cfcec6fed85f5ff0","0.00689655172413793","3","3","3","quality_low"
"4225","px_cfcec6fed85f5ff0","0.00689655172413793","3","3","3","quality_low"
"4226","px_cfcec6fed85f5ff0","0.00689655172413793","3","3","3","quality_high"
"4227","px_cfcec6fed85f5ff0","0.00689655172413793","3","3","3","quality_high"
"4228","px_cfcec6fed85f5ff0","0.00689655172413793","3","3","3","quality_low"
"4229","px_cfcec6fed85f5ff0","0.00689655172413793","3","3","3","quality_high"
"4230","px_cfcec6fed85f5ff0","0.00689655172413793","3","3","3","quality_high"
"4231","px_cfcec6fed85f5ff0","0.00689655172413793","3","3","2","quality_low"
"4232","px_cfcec6fed85f5ff0","0.00689655172413793","3","3","2","quality_low"
"4233","px_cfcec6fed85f5ff0","0.00689655172413793","3","3","2","quality_low"
"4234","px_cfcec6fed85f5ff0","0.00689655172413793","3","3","2","quality_low"
"4235","px_cfcec6fed85f5ff0","0.00689655172413793","3","3","3","quality_high"
"4236","px_cfcec6fed85f5ff0","0.00689655172413793","3","3","2","quality_low"
"4237","px_cfcec6fed85f5ff0","0.00689655172413793","3","3","3","quality_low"
"4238","px_cfcec6fed85f5ff0","0.00689655172413793","3","3","3","quality_low"
"4239","px_cfcec6fed85f5ff0","0.00689655172413793","3","2","1","quality_low"
"4240","px_cfcec6fed85f5ff0","0.00689655172413793","2","2","3","quality_low"
"4241","px_7706eeaf2e2931d2","0.0133333333333333","1","1","2","quality_high"
"4242","px_7706eeaf2e2931d2","0.0133333333333333","1","1","2","quality_high"
"4243","px_7706eeaf2e2931d2","0.0133333333333333","1","2","1","quality_high"
"4244","px_7706eeaf2e2931d2","0.0133333333333333","2","2","2","quality_high"
"4245","px_7706eeaf2e2931d2","0.0133333333333333","2","2","1","quality_high"
"4246","px_7706eeaf2e2931d2","0.0133333333333333","2","1","2","quality_high"
"4247","px_7706eeaf2e2931d2","0.0133333333333333","1","2","1","quality_low"
"4248","px_7706eeaf2e2931d2","0.0133333333333333","2","2","1","quality_low"
"4249","px_7706eeaf2e2931d2","0.0133333333333333","2","2","1","quality_high"
"4250","px_7706eeaf2e2931d2","0.0133333333333333","2","2","1","quality_high"
"4251","px_7706eeaf2e2931d2","0.0133333333333333","2","1","1","quality_high"
"4252","px_7706eeaf2e2931d2","0.0133333333333333","1","1","2","quality_low"
"4253","px_7706eeaf2e2931d2","0.0133333333333333","1","1","2","quality_low"
"4254","px_7706eeaf2e2931d2","0.0133333333333333","1","1","2","quality_low"
"4255","px_7706eeaf2e2931d2","0.0133333333333333","1","1","3","quality_low"
"4256","px_7706eeaf2e2931d2","0.0133333333333333","1","1","3","quality_high"
"4257","px_7706eeaf2e2931d2","0.0133333333333333","2","3","2","quality_low"
"4258","px_7706eeaf2e2931d2","0.0133333333333333","3","3","1","quality_low"
"4259","px_7706eeaf2e2931d2","0.0133333333333333","3","3","2","quality_low"
"4260","px_7706eeaf2e2931d2","0.0133333333333333","3","3","2","quality_high"
"4261","px_7706eeaf2e2931d2","0.0133333333333333","3","3","2","quality_high"
"4262","px_7706eeaf2e2931d2","0.0133333333333333","3","3","2","quality_high"
"4263","px_7706eeaf2e2931d2","0.0133333333333333","3","3","1","quality_high"
"4264","px_7706eeaf2e2931d2","0.0133333333333333","3","3","1","quality_low"
"4265","px_7706eeaf2e2931d2","0.0133333333333333","3","3","2","quality_low"
"4266","px_7706eeaf2e2931d2","0.0133333333333333","3","3","2","quality_low"
"4267","px_7706eeaf2e2931d2","0.0133333333333333","3","3","3","quality_high"
"4268","px_7706eeaf2e2931d2","0.0133333333333333","3","2","2","quality_high"
"4269","px_7706eeaf2e2931d2","0.0133333333333333","2","3","1","quality_low"
"4270","px_7706eeaf2e2931d2","0.0133333333333333","3","3","3","quality_low"
"4271","px_7706eeaf2e2931d2","0.0133333333333333","3","3","2","quality_low"
"4272","px_7706eeaf2e2931d2","0.0133333333333333","3","3","2","quality_low"
"4273","px_7706eeaf2e2931d2","0.0133333333333333","3","3","2","quality_high"
"4274","px_7706eeaf2e2931d2","0.0133333333333333","3","3","2","quality_low"
"4275","px_7706eeaf2e2931d2","0.0133333333333333","3","3","2","quality_low"
"4276","px_7706eeaf2e2931d2","0.0133333333333333","3","3","2","quality_high"
"4277","px_7706eeaf2e2931d2","0.0133333333333333","3","3","2","quality_high"
"4278","px_7706eeaf2e2931d2","0.0133333333333333","3","3","2","quality_high"
"4279","px_7706eeaf2e2931d2","0.0133333333333333","3","3","2","quality_high"
"4280","px_7706eeaf2e2931d2","0.0133333333333333","3","3","1","quality_high"
"4281","px_7706eeaf2e2931d2","0.0133333333333333","3","3","2","quality_high"
"4282","px_7706eeaf2e2931d2","0.0133333333333333","3","3","2","quality_high"
"4283","px_7706eeaf2e2931d2","0.0133333333333333","3","3","2","quality_high"
"4284","px_7706eeaf2e2931d2","0.0133333333333333","3","3","2","quality_high"
"4285","px_7706eeaf2e2931d2","0.0133333333333333","3","3","2","quality_high"
"4286","px_7706eeaf2e2931d2","0.0133333333333333","3","3","2","quality_low"
"4287","px_7706eeaf2e2931d2","0.0133333333333333","3","3","2","quality_low"
"4288","px_7706eeaf2e2931d2","0.0133333333333333","3","3","1","quality_high"
"4289","px_7706eeaf2e2931d2","0.0133333333333333","3","3","2","quality_high"
"4290","px_7706eeaf2e2931d2","0.0133333333333333","3","3","2","quality_high"
"4291","px_7706eeaf2e2931d2","0.0133333333333333","3","3","1","quality_low"
"4292","px_7706eeaf2e2931d2","0.0133333333333333","3","3","3","quality_low"
"4293","px_7706eeaf2e2931d2","0.0133333333333333","3","3","3","quality_high"
"4294","px_7706eeaf2e2931d2","0.0133333333333333","3","3","3","quality_high"
"4295","px_7706eeaf2e2931d2","0.0133333333333333","3","3","3","quality_high"
"4296","px_7706eeaf2e2931d2","0.0133333333333333","3","3","3","quality_high"
"4297","px_7706eeaf2e2931d2","0.0133333333333333","3","3","3","quality_high"
"4298","px_7706eeaf2e2931d2","0.0133333333333333","3","3","3","quality_high"
"4299","px_7706eeaf2e2931d2","0.0133333333333333","3","3","3","quality_high"
"4300","px_7706eeaf2e2931d2","0.0133333333333333","3","3","3","quality_high"
"4301","px_7706eeaf2e2931d2","0.0133333333333333","3","3","3","quality_high"
"4302","px_7706eeaf2e2931d2","0.0133333333333333","3","3","3","quality_low"
"4303","px_7706eeaf2e2931d2","0.0133333333333333","3","3","3","quality_low"
"4304","px_7706eeaf2e2931d2","0.0133333333333333","3","3","2","quality_high"
"4305","px_7706eeaf2e2931d2","0.0133333333333333","3","3","3","quality_high"
"4306","px_7706eeaf2e2931d2","0.0133333333333333","3","3","3","quality_high"
"4307","px_7706eeaf2e2931d2","0.0133333333333333","3","3","3","quality_high"
"4308","px_7706eeaf2e2931d2","0.0133333333333333","3","3","3","quality_high"
"4309","px_7706eeaf2e2931d2","0.0133333333333333","3","3","3","quality_high"
"4310","px_7706eeaf2e2931d2","0.0133333333333333","3","3","3","quality_high"
"4311","px_7706eeaf2e2931d2","0.0133333333333333","3","3","3","quality_high"
"4312","px_7706eeaf2e2931d2","0.0133333333333333","3","3","3","quality_high"
"4313","px_7706eeaf2e2931d2","0.0133333333333333","3","3","3","quality_high"
"4314","px_7706eeaf2e2931d2","0.0133333333333333","3","3","3","quality_high"
"4315","px_7706eeaf2e2931d2","0.0133333333333333","3","3","3","quality_high"
"4316","px_453fab0552aa8d13","0.00813008130081301","2","2","1","quality_high"
"4317","px_453fab0552aa8d13","0.00813008130081301","2","1","1","quality_low"
"4318","px_453fab0552aa8d13","0.00813008130081301","1","1","1","quality_high"
"4319","px_453fab0552aa8d13","0.00813008130081301","1","1","1","quality_high"
"4320","px_453fab0552aa8d13","0.00813008130081301","2","1","1","quality_low"
"4321","px_453fab0552aa8d13","0.00813008130081301","1","2","2","quality_high"
"4322","px_453fab0552aa8d13","0.00813008130081301","2","2","3","quality_high"
"4323","px_453fab0552aa8d13","0.00813008130081301","2","2","2","quality_high"
"4324","px_453fab0552aa8d13","0.00813008130081301","2","2","2","quality_low"
"4325","px_453fab0552aa8d13","0.00813008130081301","2","2","3","quality_low"
"4326","px_453fab0552aa8d13","0.00813008130081301","2","2","2","quality_low"
"4327","px_453fab0552aa8d13","0.00813008130081301","2","1","3","quality_high"
"4328","px_453fab0552aa8d13","0.00813008130081301","1","2","3","quality_high"
"4329","px_453fab0552aa8d13","0.00813008130081301","2","2","3","quality_high"
"4330","px_453fab0552aa8d13","0.00813008130081301","2","2","3","quality_high"
"4331","px_453fab0552aa8d13","0.00813008130081301","2","1","3","quality_high"
"4332","px_453fab0552aa8d13","0.00813008130081301","1","2","3","quality_high"
"4333","px_453fab0552aa8d13","0.00813008130081301","2","2","3","quality_high"
"4334","px_453fab0552aa8d13","0.00813008130081301","2","2","3","quality_high"
"4335","px_453fab0552aa8d13","0.00813008130081301","2","2","2","quality_high"
"4336","px_453fab0552aa8d13","0.00813008130081301","2","1","3","quality_low"
"4337","px_453fab0552aa8d13","0.00813008130081301","1","1","3","quality_low"
"4338","px_453fab0552aa8d13","0.00813008130081301","1","2","3","quality_low"
"4339","px_453fab0552aa8d13","0.00813008130081301","2","1","3","quality_high"
"4340","px_453fab0552aa8d13","0.00813008130081301","1","1","3","quality_high"
"4341","px_453fab0552aa8d13","0.00813008130081301","1","2","3","quality_low"
"4342","px_453fab0552aa8d13","0.00813008130081301","2","1","3","quality_high"
"4343","px_453fab0552aa8d13","0.00813008130081301","1","3","3","quality_high"
"4344","px_453fab0552aa8d13","0.00813008130081301","3","2","3","quality_low"
"4345","px_453fab0552aa8d13","0.00813008130081301","2","2","3","quality_low"
"4346","px_453fab0552aa8d13","0.00813008130081301","2","1","2","quality_low"
"4347","px_453fab0552aa8d13","0.00813008130081301","1","2","2","quality_low"
"4348","px_453fab0552aa8d13","0.00813008130081301","2","2","3","quality_high"
"4349","px_453fab0552aa8d13","0.00813008130081301","1","2","3","quality_low"
"4350","px_453fab0552aa8d13","0.00813008130081301","2","2","3","quality_high"
"4351","px_453fab0552aa8d13","0.00813008130081301","2","2","3","quality_low"
"4352","px_453fab0552aa8d13","0.00813008130081301","2","2","3","quality_high"
"4353","px_453fab0552aa8d13","0.00813008130081301","2","1","3","quality_high"
"4354","px_453fab0552aa8d13","0.00813008130081301","1","2","3","quality_high"
"4355","px_453fab0552aa8d13","0.00813008130081301","2","2","3","quality_high"
"4356","px_453fab0552aa8d13","0.00813008130081301","2","2","3","quality_low"
"4357","px_453fab0552aa8d13","0.00813008130081301","2","1","3","quality_high"
"4358","px_453fab0552aa8d13","0.00813008130081301","1","2","3","quality_high"
"4359","px_453fab0552aa8d13","0.00813008130081301","2","2","3","quality_low"
"4360","px_453fab0552aa8d13","0.00813008130081301","2","2","3","quality_low"
"4361","px_453fab0552aa8d13","0.00813008130081301","2","2","3","quality_high"
"4362","px_453fab0552aa8d13","0.00813008130081301","2","2","3","quality_high"
"4363","px_453fab0552aa8d13","0.00813008130081301","2","2","3","quality_low"
"4364","px_453fab0552aa8d13","0.00813008130081301","2","2","3","quality_high"
"4365","px_453fab0552aa8d13","0.00813008130081301","2","3","3","quality_high"
"4366","px_453fab0552aa8d13","0.00813008130081301","3","2","3","quality_low"
"4367","px_453fab0552aa8d13","0.00813008130081301","2","2","3","quality_low"
"4368","px_453fab0552aa8d13","0.00813008130081301","2","3","3","quality_high"
"4369","px_453fab0552aa8d13","0.00813008130081301","3","2","3","quality_high"
"4370","px_453fab0552aa8d13","0.00813008130081301","2","2","2","quality_high"
"4371","px_453fab0552aa8d13","0.00813008130081301","2","2","3","quality_high"
"4372","px_453fab0552aa8d13","0.00813008130081301","2","2","3","quality_low"
"4373","px_453fab0552aa8d13","0.00813008130081301","2","1","3","quality_low"
"4374","px_453fab0552aa8d13","0.00813008130081301","1","2","3","quality_high"
"4375","px_453fab0552aa8d13","0.00813008130081301","2","2","3","quality_high"
"4376","px_453fab0552aa8d13","0.00813008130081301","2","1","3","quality_high"
"4377","px_453fab0552aa8d13","0.00813008130081301","1","1","3","quality_high"
"4378","px_453fab0552aa8d13","0.00813008130081301","1","1","3","quality_low"
"4379","px_453fab0552aa8d13","0.00813008130081301","1","1","3","quality_high"
"4380","px_453fab0552aa8d13","0.00813008130081301","1","2","3","quality_high"
"4381","px_453fab0552aa8d13","0.00813008130081301","2","2","3","quality_high"
"4382","px_453fab0552aa8d13","0.00813008130081301","2","2","3","quality_low"
"4383","px_453fab0552aa8d13","0.00813008130081301","2","2","3","quality_high"
"4384","px_453fab0552aa8d13","0.00813008130081301","2","1","3","quality_high"
"4385","px_453fab0552aa8d13","0.00813008130081301","1","2","3","quality_high"
"4386","px_453fab0552aa8d13","0.00813008130081301","2","2","3","quality_low"
"4387","px_453fab0552aa8d13","0.00813008130081301","2","2","3","quality_low"
"4388","px_453fab0552aa8d13","0.00813008130081301","2","2","3","quality_low"
"4389","px_453fab0552aa8d13","0.00813008130081301","2","2","3","quality_low"
"4390","px_453fab0552aa8d13","0.00813008130081301","2","2","3","quality_high"
"4391","px_453fab0552aa8d13","0.00813008130081301","2","2","3","quality_high"
"4392","px_453fab0552aa8d13","0.00813008130081301","2","2","3","quality_high"
"4393","px_453fab0552aa8d13","0.00813008130081301","2","2","3","quality_high"
"4394","px_453fab0552aa8d13","0.00813008130081301","2","2","3","quality_high"
"4395","px_453fab0552aa8d13","0.00813008130081301","2","1","3","quality_high"
"4396","px_453fab0552aa8d13","0.00813008130081301","1","2","3","quality_low"
"4397","px_453fab0552aa8d13","0.00813008130081301","2","2","3","quality_low"
"4398","px_453fab0552aa8d13","0.00813008130081301","2","2","3","quality_low"
"4399","px_453fab0552aa8d13","0.00813008130081301","2","2","3","quality_high"
"4400","px_453fab0552aa8d13","0.00813008130081301","2","2","3","quality_high"
"4401","px_453fab0552aa8d13","0.00813008130081301","2","2","3","quality_high"
"4402","px_453fab0552aa8d13","0.00813008130081301","2","2","2","quality_high"
"4403","px_453fab0552aa8d13","0.00813008130081301","2","2","2","quality_high"
"4404","px_453fab0552aa8d13","0.00813008130081301","2","2","2","quality_high"
"4405","px_453fab0552aa8d13","0.00813008130081301","2","2","2","quality_high"
"4406","px_453fab0552aa8d13","0.00813008130081301","2","2","3","quality_low"
"4407","px_453fab0552aa8d13","0.00813008130081301","2","2","3","quality_high"
"4408","px_453fab0552aa8d13","0.00813008130081301","2","2","2","quality_high"
"4409","px_453fab0552aa8d13","0.00813008130081301","2","2","3","quality_low"
"4410","px_453fab0552aa8d13","0.00813008130081301","2","2","2","quality_high"
"4411","px_453fab0552aa8d13","0.00813008130081301","2","2","2","quality_high"
"4412","px_453fab0552aa8d13","0.00813008130081301","2","2","2","quality_high"
"4413","px_453fab0552aa8d13","0.00813008130081301","2","2","3","quality_low"
"4414","px_453fab0552aa8d13","0.00813008130081301","2","2","3","quality_high"
"4415","px_453fab0552aa8d13","0.00813008130081301","2","2","2","quality_high"
"4416","px_453fab0552aa8d13","0.00813008130081301","2","2","2","quality_high"
"4417","px_453fab0552aa8d13","0.00813008130081301","2","3","2","quality_high"
"4418","px_453fab0552aa8d13","0.00813008130081301","3","2","3","quality_low"
"4419","px_453fab0552aa8d13","0.00813008130081301","2","2","3","quality_high"
"4420","px_453fab0552aa8d13","0.00813008130081301","2","2","3","quality_high"
"4421","px_453fab0552aa8d13","0.00813008130081301","2","1","2","quality_high"
"4422","px_453fab0552aa8d13","0.00813008130081301","1","2","2","quality_high"
"4423","px_453fab0552aa8d13","0.00813008130081301","2","2","3","quality_high"
"4424","px_453fab0552aa8d13","0.00813008130081301","2","2","3","quality_low"
"4425","px_453fab0552aa8d13","0.00813008130081301","2","1","3","quality_high"
"4426","px_453fab0552aa8d13","0.00813008130081301","1","2","3","quality_high"
"4427","px_453fab0552aa8d13","0.00813008130081301","2","2","3","quality_low"
"4428","px_453fab0552aa8d13","0.00813008130081301","2","2","3","quality_high"
"4429","px_453fab0552aa8d13","0.00813008130081301","2","2","3","quality_high"
"4430","px_453fab0552aa8d13","0.00813008130081301","2","2","3","quality_high"
"4431","px_453fab0552aa8d13","0.00813008130081301","2","2","3","quality_high"
"4432","px_453fab0552aa8d13","0.00813008130081301","2","2","3","quality_high"
"4433","px_453fab0552aa8d13","0.00813008130081301","2","2","3","quality_high"
"4434","px_453fab0552aa8d13","0.00813008130081301","2","1","2","quality_high"
"4435","px_453fab0552aa8d13","0.00813008130081301","1","2","2","quality_high"
"4436","px_453fab0552aa8d13","0.00813008130081301","2","2","3","quality_high"
"4437","px_453fab0552aa8d13","0.00813008130081301","2","2","3","quality_high"
"4438","px_453fab0552aa8d13","0.00813008130081301","2","2","3","quality_high"
"4439","px_7190308f3d8a33cc","0.00689655172413793","2","2","2","quality_high"
"4440","px_7190308f3d8a33cc","0.00689655172413793","2","2","3","quality_high"
"4441","px_7190308f3d8a33cc","0.00689655172413793","2","2","3","quality_high"
"4442","px_7190308f3d8a33cc","0.00689655172413793","2","2","1","quality_high"
"4443","px_7190308f3d8a33cc","0.00689655172413793","2","1","1","quality_high"
"4444","px_7190308f3d8a33cc","0.00689655172413793","1","3","2","quality_high"
"4445","px_7190308f3d8a33cc","0.00689655172413793","3","2","1","quality_low"
"4446","px_7190308f3d8a33cc","0.00689655172413793","2","2","1","quality_low"
"4447","px_7190308f3d8a33cc","0.00689655172413793","2","2","1","quality_low"
"4448","px_7190308f3d8a33cc","0.00689655172413793","2","2","2","quality_low"
"4449","px_7190308f3d8a33cc","0.00689655172413793","2","2","2","quality_high"
"4450","px_7190308f3d8a33cc","0.00689655172413793","2","3","1","quality_high"
"4451","px_7190308f3d8a33cc","0.00689655172413793","3","2","1","quality_low"
"4452","px_7190308f3d8a33cc","0.00689655172413793","2","1","1","quality_high"
"4453","px_7190308f3d8a33cc","0.00689655172413793","1","2","2","quality_high"
"4454","px_7190308f3d8a33cc","0.00689655172413793","2","2","2","quality_high"
"4455","px_7190308f3d8a33cc","0.00689655172413793","2","2","2","quality_high"
"4456","px_7190308f3d8a33cc","0.00689655172413793","2","2","2","quality_high"
"4457","px_7190308f3d8a33cc","0.00689655172413793","2","2","2","quality_high"
"4458","px_7190308f3d8a33cc","0.00689655172413793","2","2","2","quality_high"
"4459","px_7190308f3d8a33cc","0.00689655172413793","2","2","1","quality_high"
"4460","px_7190308f3d8a33cc","0.00689655172413793","2","1","2","quality_low"
"4461","px_7190308f3d8a33cc","0.00689655172413793","1","2","2","quality_high"
"4462","px_7190308f3d8a33cc","0.00689655172413793","2","2","2","quality_high"
"4463","px_7190308f3d8a33cc","0.00689655172413793","2","2","1","quality_high"
"4464","px_7190308f3d8a33cc","0.00689655172413793","2","2","2","quality_low"
"4465","px_7190308f3d8a33cc","0.00689655172413793","2","2","1","quality_high"
"4466","px_7190308f3d8a33cc","0.00689655172413793","2","2","2","quality_low"
"4467","px_7190308f3d8a33cc","0.00689655172413793","2","2","1","quality_low"
"4468","px_7190308f3d8a33cc","0.00689655172413793","2","2","1","quality_low"
"4469","px_7190308f3d8a33cc","0.00689655172413793","2","2","2","quality_high"
"4470","px_7190308f3d8a33cc","0.00689655172413793","2","2","3","quality_high"
"4471","px_7190308f3d8a33cc","0.00689655172413793","2","2","1","quality_high"
"4472","px_7190308f3d8a33cc","0.00689655172413793","2","2","2","quality_high"
"4473","px_7190308f3d8a33cc","0.00689655172413793","2","2","3","quality_high"
"4474","px_7190308f3d8a33cc","0.00689655172413793","2","2","2","quality_high"
"4475","px_7190308f3d8a33cc","0.00689655172413793","2","2","2","quality_high"
"4476","px_7190308f3d8a33cc","0.00689655172413793","2","2","2","quality_high"
"4477","px_7190308f3d8a33cc","0.00689655172413793","2","2","1","quality_high"
"4478","px_7190308f3d8a33cc","0.00689655172413793","2","3","2","quality_high"
"4479","px_7190308f3d8a33cc","0.00689655172413793","3","3","2","quality_low"
"4480","px_7190308f3d8a33cc","0.00689655172413793","3","2","2","quality_low"
"4481","px_7190308f3d8a33cc","0.00689655172413793","2","2","2","quality_low"
"4482","px_7190308f3d8a33cc","0.00689655172413793","2","2","2","quality_low"
"4483","px_7190308f3d8a33cc","0.00689655172413793","2","2","2","quality_low"
"4484","px_7190308f3d8a33cc","0.00689655172413793","2","2","2","quality_high"
"4485","px_7190308f3d8a33cc","0.00689655172413793","2","1","1","quality_high"
"4486","px_7190308f3d8a33cc","0.00689655172413793","1","2","2","quality_high"
"4487","px_7190308f3d8a33cc","0.00689655172413793","2","2","2","quality_high"
"4488","px_7190308f3d8a33cc","0.00689655172413793","2","1","2","quality_high"
"4489","px_7190308f3d8a33cc","0.00689655172413793","1","2","1","quality_high"
"4490","px_7190308f3d8a33cc","0.00689655172413793","2","2","2","quality_high"
"4491","px_7190308f3d8a33cc","0.00689655172413793","2","2","2","quality_high"
"4492","px_7190308f3d8a33cc","0.00689655172413793","2","1","1","quality_high"
"4493","px_7190308f3d8a33cc","0.00689655172413793","1","2","2","quality_high"
"4494","px_7190308f3d8a33cc","0.00689655172413793","2","2","2","quality_high"
"4495","px_7190308f3d8a33cc","0.00689655172413793","2","1","2","quality_high"
"4496","px_7190308f3d8a33cc","0.00689655172413793","2","2","3","quality_low"
"4497","px_7190308f3d8a33cc","0.00689655172413793","2","2","2","quality_high"
"4498","px_7190308f3d8a33cc","0.00689655172413793","2","2","2","quality_low"
"4499","px_7190308f3d8a33cc","0.00689655172413793","2","2","1","quality_low"
"4500","px_7190308f3d8a33cc","0.00689655172413793","2","1","2","quality_high"
"4501","px_7190308f3d8a33cc","0.00689655172413793","1","2","2","quality_high"
"4502","px_7190308f3d8a33cc","0.00689655172413793","2","2","2","quality_low"
"4503","px_7190308f3d8a33cc","0.00689655172413793","2","2","2","quality_high"
"4504","px_7190308f3d8a33cc","0.00689655172413793","2","2","2","quality_low"
"4505","px_7190308f3d8a33cc","0.00689655172413793","2","2","2","quality_low"
"4506","px_7190308f3d8a33cc","0.00689655172413793","2","1","2","quality_high"
"4507","px_7190308f3d8a33cc","0.00689655172413793","1","2","2","quality_low"
"4508","px_7190308f3d8a33cc","0.00689655172413793","2","2","1","quality_low"
"4509","px_7190308f3d8a33cc","0.00689655172413793","2","1","2","quality_low"
"4510","px_7190308f3d8a33cc","0.00689655172413793","1","2","2","quality_low"
"4511","px_7190308f3d8a33cc","0.00689655172413793","2","1","1","quality_low"
"4512","px_7190308f3d8a33cc","0.00689655172413793","1","1","1","quality_low"
"4513","px_7190308f3d8a33cc","0.00689655172413793","1","2","1","quality_low"
"4514","px_7190308f3d8a33cc","0.00689655172413793","2","1","1","quality_low"
"4515","px_7190308f3d8a33cc","0.00689655172413793","1","1","1","quality_low"
"4516","px_7190308f3d8a33cc","0.00689655172413793","1","2","2","quality_low"
"4517","px_7190308f3d8a33cc","0.00689655172413793","2","2","1","quality_high"
"4518","px_7190308f3d8a33cc","0.00689655172413793","2","1","2","quality_high"
"4519","px_7190308f3d8a33cc","0.00689655172413793","1","2","2","quality_high"
"4520","px_7190308f3d8a33cc","0.00689655172413793","2","2","2","quality_high"
"4521","px_7190308f3d8a33cc","0.00689655172413793","2","2","1","quality_low"
"4522","px_7190308f3d8a33cc","0.00689655172413793","2","1","1","quality_low"
"4523","px_7190308f3d8a33cc","0.00689655172413793","1","2","2","quality_low"
"4524","px_7190308f3d8a33cc","0.00689655172413793","2","2","2","quality_high"
"4525","px_7190308f3d8a33cc","0.00689655172413793","2","2","2","quality_high"
"4526","px_7190308f3d8a33cc","0.00689655172413793","2","2","1","quality_high"
"4527","px_7190308f3d8a33cc","0.00689655172413793","2","2","2","quality_high"
"4528","px_7190308f3d8a33cc","0.00689655172413793","2","2","1","quality_high"
"4529","px_7190308f3d8a33cc","0.00689655172413793","2","2","2","quality_high"
"4530","px_7190308f3d8a33cc","0.00689655172413793","2","2","2","quality_high"
"4531","px_7190308f3d8a33cc","0.00689655172413793","2","2","2","quality_high"
"4532","px_7190308f3d8a33cc","0.00689655172413793","2","2","2","quality_high"
"4533","px_7190308f3d8a33cc","0.00689655172413793","2","2","2","quality_high"
"4534","px_7190308f3d8a33cc","0.00689655172413793","2","2","2","quality_high"
"4535","px_7190308f3d8a33cc","0.00689655172413793","2","2","2","quality_high"
"4536","px_7190308f3d8a33cc","0.00689655172413793","2","2","2","quality_high"
"4537","px_7190308f3d8a33cc","0.00689655172413793","2","2","2","quality_low"
"4538","px_7190308f3d8a33cc","0.00689655172413793","2","2","2","quality_high"
"4539","px_7190308f3d8a33cc","0.00689655172413793","2","2","2","quality_high"
"4540","px_7190308f3d8a33cc","0.00689655172413793","2","2","2","quality_low"
"4541","px_7190308f3d8a33cc","0.00689655172413793","2","2","1","quality_low"
"4542","px_7190308f3d8a33cc","0.00689655172413793","2","2","1","quality_low"
"4543","px_7190308f3d8a33cc","0.00689655172413793","2","2","2","quality_low"
"4544","px_7190308f3d8a33cc","0.00689655172413793","2","2","2","quality_low"
"4545","px_7190308f3d8a33cc","0.00689655172413793","2","2","2","quality_low"
"4546","px_7190308f3d8a33cc","0.00689655172413793","2","2","2","quality_low"
"4547","px_7190308f3d8a33cc","0.00689655172413793","2","2","2","quality_low"
"4548","px_7190308f3d8a33cc","0.00689655172413793","2","2","2","quality_high"
"4549","px_7190308f3d8a33cc","0.00689655172413793","2","2","2","quality_high"
"4550","px_7190308f3d8a33cc","0.00689655172413793","2","2","3","quality_high"
"4551","px_7190308f3d8a33cc","0.00689655172413793","2","2","3","quality_high"
"4552","px_7190308f3d8a33cc","0.00689655172413793","2","2","2","quality_high"
"4553","px_7190308f3d8a33cc","0.00689655172413793","2","2","2","quality_high"
"4554","px_7190308f3d8a33cc","0.00689655172413793","2","2","2","quality_high"
"4555","px_7190308f3d8a33cc","0.00689655172413793","2","2","2","quality_high"
"4556","px_7190308f3d8a33cc","0.00689655172413793","2","2","3","quality_low"
"4557","px_7190308f3d8a33cc","0.00689655172413793","2","2","3","quality_low"
"4558","px_7190308f3d8a33cc","0.00689655172413793","2","2","2","quality_low"
"4559","px_7190308f3d8a33cc","0.00689655172413793","2","2","2","quality_high"
"4560","px_7190308f3d8a33cc","0.00689655172413793","2","2","2","quality_high"
"4561","px_7190308f3d8a33cc","0.00689655172413793","2","2","2","quality_high"
"4562","px_7190308f3d8a33cc","0.00689655172413793","2","2","2","quality_high"
"4563","px_7190308f3d8a33cc","0.00689655172413793","2","2","3","quality_high"
"4564","px_7190308f3d8a33cc","0.00689655172413793","2","2","2","quality_low"
"4565","px_7190308f3d8a33cc","0.00689655172413793","2","2","2","quality_high"
"4566","px_7190308f3d8a33cc","0.00689655172413793","2","2","2","quality_high"
"4567","px_7190308f3d8a33cc","0.00689655172413793","2","1","3","quality_high"
"4568","px_7190308f3d8a33cc","0.00689655172413793","1","1","3","quality_high"
"4569","px_7190308f3d8a33cc","0.00689655172413793","1","1","3","quality_high"
"4570","px_7190308f3d8a33cc","0.00689655172413793","1","2","3","quality_high"
"4571","px_7190308f3d8a33cc","0.00689655172413793","2","2","3","quality_low"
"4572","px_7190308f3d8a33cc","0.00689655172413793","2","1","3","quality_high"
"4573","px_7190308f3d8a33cc","0.00689655172413793","1","2","3","quality_high"
"4574","px_7190308f3d8a33cc","0.00689655172413793","2","2","2","quality_high"
"4575","px_7190308f3d8a33cc","0.00689655172413793","2","2","3","quality_high"
"4576","px_7190308f3d8a33cc","0.00689655172413793","2","2","2","quality_low"
"4577","px_7190308f3d8a33cc","0.00689655172413793","2","2","2","quality_high"
"4578","px_7190308f3d8a33cc","0.00689655172413793","2","2","2","quality_high"
"4579","px_7190308f3d8a33cc","0.00689655172413793","2","2","1","quality_high"
"4580","px_7190308f3d8a33cc","0.00689655172413793","2","2","2","quality_high"
"4581","px_7190308f3d8a33cc","0.00689655172413793","2","2","2","quality_low"
"4582","px_7190308f3d8a33cc","0.00689655172413793","2","2","2","quality_high"
"4583","px_7190308f3d8a33cc","0.00689655172413793","2","2","2","quality_high"
"4584","px_e9060c3ace08246d","0.0166666666666667","2","2","2","quality_high"
"4585","px_e9060c3ace08246d","0.0166666666666667","2","2","1","quality_high"
"4586","px_e9060c3ace08246d","0.0166666666666667","2","2","2","quality_low"
"4587","px_e9060c3ace08246d","0.0166666666666667","2","3","1","quality_low"
"4588","px_e9060c3ace08246d","0.0166666666666667","3","2","1","quality_high"
"4589","px_e9060c3ace08246d","0.0166666666666667","2","2","2","quality_high"
"4590","px_e9060c3ace08246d","0.0166666666666667","2","2","1","quality_high"
"4591","px_e9060c3ace08246d","0.0166666666666667","2","2","1","quality_high"
"4592","px_e9060c3ace08246d","0.0166666666666667","2","3","1","quality_low"
"4593","px_e9060c3ace08246d","0.0166666666666667","3","2","1","quality_high"
"4594","px_e9060c3ace08246d","0.0166666666666667","2","2","1","quality_high"
"4595","px_e9060c3ace08246d","0.0166666666666667","2","2","1","quality_low"
"4596","px_e9060c3ace08246d","0.0166666666666667","2","2","2","quality_low"
"4597","px_e9060c3ace08246d","0.0166666666666667","2","2","1","quality_low"
"4598","px_e9060c3ace08246d","0.0166666666666667","2","2","1","quality_high"
"4599","px_e9060c3ace08246d","0.0166666666666667","2","1","2","quality_high"
"4600","px_e9060c3ace08246d","0.0166666666666667","1","2","1","quality_low"
"4601","px_e9060c3ace08246d","0.0166666666666667","2","2","2","quality_low"
"4602","px_e9060c3ace08246d","0.0166666666666667","2","2","2","quality_high"
"4603","px_e9060c3ace08246d","0.0166666666666667","2","3","1","quality_low"
"4604","px_e9060c3ace08246d","0.0166666666666667","3","3","1","quality_low"
"4605","px_e9060c3ace08246d","0.0166666666666667","2","2","1","quality_low"
"4606","px_e9060c3ace08246d","0.0166666666666667","1","2","1","quality_low"
"4607","px_e9060c3ace08246d","0.0166666666666667","2","2","1","quality_low"
"4608","px_e9060c3ace08246d","0.0166666666666667","2","2","1","quality_low"
"4609","px_e9060c3ace08246d","0.0166666666666667","2","2","1","quality_low"
"4610","px_e9060c3ace08246d","0.0166666666666667","2","2","1","quality_low"
"4611","px_e9060c3ace08246d","0.0166666666666667","2","2","1","quality_low"
"4612","px_e9060c3ace08246d","0.0166666666666667","1","1","1","quality_low"
"4613","px_e9060c3ace08246d","0.0166666666666667","1","2","1","quality_low"
"4614","px_e9060c3ace08246d","0.0166666666666667","2","2","1","quality_low"
"4615","px_e9060c3ace08246d","0.0166666666666667","2","2","2","quality_low"
"4616","px_e9060c3ace08246d","0.0166666666666667","2","2","2","quality_low"
"4617","px_e9060c3ace08246d","0.0166666666666667","2","2","1","quality_low"
"4618","px_e9060c3ace08246d","0.0166666666666667","2","3","1","quality_high"
"4619","px_e9060c3ace08246d","0.0166666666666667","3","2","1","quality_low"
"4620","px_e9060c3ace08246d","0.0166666666666667","2","2","1","quality_low"
"4621","px_e9060c3ace08246d","0.0166666666666667","2","2","1","quality_high"
"4622","px_e9060c3ace08246d","0.0166666666666667","2","2","1","quality_low"
"4623","px_e9060c3ace08246d","0.0166666666666667","2","2","1","quality_low"
"4624","px_e9060c3ace08246d","0.0166666666666667","2","2","1","quality_low"
"4625","px_e9060c3ace08246d","0.0166666666666667","2","2","1","quality_low"
"4626","px_e9060c3ace08246d","0.0166666666666667","2","2","1","quality_low"
"4627","px_e9060c3ace08246d","0.0166666666666667","2","2","1","quality_low"
"4628","px_e9060c3ace08246d","0.0166666666666667","2","3","1","quality_high"
"4629","px_e9060c3ace08246d","0.0166666666666667","3","2","1","quality_low"
"4630","px_e9060c3ace08246d","0.0166666666666667","2","2","1","quality_high"
"4631","px_e9060c3ace08246d","0.0166666666666667","2","2","1","quality_high"
"4632","px_e9060c3ace08246d","0.0166666666666667","2","2","1","quality_high"
"4633","px_e9060c3ace08246d","0.0166666666666667","2","2","1","quality_low"
"4634","px_e9060c3ace08246d","0.0166666666666667","2","2","1","quality_high"
"4635","px_e9060c3ace08246d","0.0166666666666667","2","2","1","quality_high"
"4636","px_e9060c3ace08246d","0.0166666666666667","2","2","1","quality_high"
"4637","px_e9060c3ace08246d","0.0166666666666667","2","2","1","quality_high"
"4638","px_e9060c3ace08246d","0.0166666666666667","2","2","1","quality_high"
"4639","px_e9060c3ace08246d","0.0166666666666667","2","3","1","quality_high"
"4640","px_e9060c3ace08246d","0.0166666666666667","3","2","1","quality_high"
"4641","px_e9060c3ace08246d","0.0166666666666667","2","2","1","quality_high"
"4642","px_e9060c3ace08246d","0.0166666666666667","2","2","1","quality_high"
"4643","px_e9060c3ace08246d","0.0166666666666667","2","2","1","quality_low"
"4644","px_842f586f1686bfea","0.00970873786407767","1","2","3","quality_high"
"4645","px_842f586f1686bfea","0.00970873786407767","2","1","3","quality_high"
"4646","px_842f586f1686bfea","0.00970873786407767","1","1","2","quality_high"
"4647","px_842f586f1686bfea","0.00970873786407767","1","1","1","quality_high"
"4648","px_842f586f1686bfea","0.00970873786407767","1","1","2","quality_high"
"4649","px_842f586f1686bfea","0.00970873786407767","1","1","2","quality_high"
"4650","px_842f586f1686bfea","0.00970873786407767","1","1","1","quality_high"
"4651","px_842f586f1686bfea","0.00970873786407767","1","1","1","quality_high"
"4652","px_842f586f1686bfea","0.00970873786407767","1","1","2","quality_low"
"4653","px_842f586f1686bfea","0.00970873786407767","1","1","1","quality_high"
"4654","px_842f586f1686bfea","0.00970873786407767","1","1","1","quality_low"
"4655","px_842f586f1686bfea","0.00970873786407767","1","2","1","quality_low"
"4656","px_842f586f1686bfea","0.00970873786407767","2","1","1","quality_low"
"4657","px_842f586f1686bfea","0.00970873786407767","1","1","2","quality_low"
"4658","px_842f586f1686bfea","0.00970873786407767","1","1","2","quality_high"
"4659","px_842f586f1686bfea","0.00970873786407767","1","2","1","quality_high"
"4660","px_842f586f1686bfea","0.00970873786407767","2","1","1","quality_high"
"4661","px_842f586f1686bfea","0.00970873786407767","1","1","2","quality_high"
"4662","px_842f586f1686bfea","0.00970873786407767","1","1","1","quality_high"
"4663","px_842f586f1686bfea","0.00970873786407767","1","1","1","quality_high"
"4664","px_842f586f1686bfea","0.00970873786407767","1","2","1","quality_low"
"4665","px_842f586f1686bfea","0.00970873786407767","2","1","1","quality_low"
"4666","px_842f586f1686bfea","0.00970873786407767","1","1","2","quality_high"
"4667","px_842f586f1686bfea","0.00970873786407767","1","1","1","quality_low"
"4668","px_842f586f1686bfea","0.00970873786407767","1","1","2","quality_high"
"4669","px_842f586f1686bfea","0.00970873786407767","1","1","1","quality_high"
"4670","px_842f586f1686bfea","0.00970873786407767","1","1","1","quality_low"
"4671","px_842f586f1686bfea","0.00970873786407767","1","1","2","quality_low"
"4672","px_842f586f1686bfea","0.00970873786407767","1","2","1","quality_high"
"4673","px_842f586f1686bfea","0.00970873786407767","2","1","2","quality_high"
"4674","px_842f586f1686bfea","0.00970873786407767","1","1","2","quality_high"
"4675","px_842f586f1686bfea","0.00970873786407767","1","1","2","quality_high"
"4676","px_842f586f1686bfea","0.00970873786407767","1","1","2","quality_low"
"4677","px_842f586f1686bfea","0.00970873786407767","1","1","1","quality_high"
"4678","px_842f586f1686bfea","0.00970873786407767","1","1","2","quality_high"
"4679","px_842f586f1686bfea","0.00970873786407767","1","1","1","quality_low"
"4680","px_842f586f1686bfea","0.00970873786407767","1","1","2","quality_high"
"4681","px_842f586f1686bfea","0.00970873786407767","1","1","2","quality_high"
"4682","px_842f586f1686bfea","0.00970873786407767","1","2","2","quality_high"
"4683","px_842f586f1686bfea","0.00970873786407767","2","2","2","quality_high"
"4684","px_842f586f1686bfea","0.00970873786407767","2","1","2","quality_high"
"4685","px_842f586f1686bfea","0.00970873786407767","1","1","2","quality_high"
"4686","px_842f586f1686bfea","0.00970873786407767","1","1","2","quality_high"
"4687","px_842f586f1686bfea","0.00970873786407767","1","1","1","quality_low"
"4688","px_842f586f1686bfea","0.00970873786407767","1","1","2","quality_low"
"4689","px_842f586f1686bfea","0.00970873786407767","1","1","1","quality_high"
"4690","px_842f586f1686bfea","0.00970873786407767","1","1","2","quality_high"
"4691","px_842f586f1686bfea","0.00970873786407767","1","1","2","quality_high"
"4692","px_842f586f1686bfea","0.00970873786407767","1","1","1","quality_low"
"4693","px_842f586f1686bfea","0.00970873786407767","1","1","2","quality_low"
"4694","px_842f586f1686bfea","0.00970873786407767","1","2","2","quality_low"
"4695","px_842f586f1686bfea","0.00970873786407767","2","1","2","quality_low"
"4696","px_842f586f1686bfea","0.00970873786407767","1","1","3","quality_low"
"4697","px_842f586f1686bfea","0.00970873786407767","1","1","2","quality_low"
"4698","px_842f586f1686bfea","0.00970873786407767","1","1","2","quality_low"
"4699","px_842f586f1686bfea","0.00970873786407767","1","1","2","quality_high"
"4700","px_842f586f1686bfea","0.00970873786407767","1","1","2","quality_low"
"4701","px_842f586f1686bfea","0.00970873786407767","1","1","2","quality_high"
"4702","px_842f586f1686bfea","0.00970873786407767","1","1","2","quality_high"
"4703","px_842f586f1686bfea","0.00970873786407767","1","1","2","quality_high"
"4704","px_842f586f1686bfea","0.00970873786407767","1","1","2","quality_high"
"4705","px_842f586f1686bfea","0.00970873786407767","1","3","2","quality_high"
"4706","px_842f586f1686bfea","0.00970873786407767","3","1","1","quality_low"
"4707","px_842f586f1686bfea","0.00970873786407767","1","1","3","quality_high"
"4708","px_842f586f1686bfea","0.00970873786407767","1","2","2","quality_high"
"4709","px_842f586f1686bfea","0.00970873786407767","2","1","1","quality_high"
"4710","px_842f586f1686bfea","0.00970873786407767","1","1","2","quality_high"
"4711","px_842f586f1686bfea","0.00970873786407767","1","1","1","quality_high"
"4712","px_842f586f1686bfea","0.00970873786407767","1","1","1","quality_low"
"4713","px_842f586f1686bfea","0.00970873786407767","1","1","2","quality_low"
"4714","px_842f586f1686bfea","0.00970873786407767","1","1","2","quality_high"
"4715","px_842f586f1686bfea","0.00970873786407767","1","1","2","quality_high"
"4716","px_842f586f1686bfea","0.00970873786407767","1","1","1","quality_high"
"4717","px_842f586f1686bfea","0.00970873786407767","1","1","1","quality_high"
"4718","px_842f586f1686bfea","0.00970873786407767","1","1","1","quality_low"
"4719","px_842f586f1686bfea","0.00970873786407767","1","1","1","quality_low"
"4720","px_842f586f1686bfea","0.00970873786407767","1","2","1","quality_low"
"4721","px_842f586f1686bfea","0.00970873786407767","2","1","1","quality_high"
"4722","px_842f586f1686bfea","0.00970873786407767","1","1","2","quality_high"
"4723","px_842f586f1686bfea","0.00970873786407767","1","1","2","quality_high"
"4724","px_842f586f1686bfea","0.00970873786407767","1","1","1","quality_low"
"4725","px_842f586f1686bfea","0.00970873786407767","1","2","1","quality_low"
"4726","px_842f586f1686bfea","0.00970873786407767","1","1","1","quality_low"
"4727","px_842f586f1686bfea","0.00970873786407767","1","1","1","quality_low"
"4728","px_842f586f1686bfea","0.00970873786407767","1","1","1","quality_low"
"4729","px_842f586f1686bfea","0.00970873786407767","1","1","1","quality_low"
"4730","px_842f586f1686bfea","0.00970873786407767","1","1","1","quality_low"
"4731","px_842f586f1686bfea","0.00970873786407767","1","1","1","quality_low"
"4732","px_842f586f1686bfea","0.00970873786407767","1","1","2","quality_low"
"4733","px_842f586f1686bfea","0.00970873786407767","1","1","1","quality_low"
"4734","px_842f586f1686bfea","0.00970873786407767","1","1","1","quality_low"
"4735","px_842f586f1686bfea","0.00970873786407767","1","1","2","quality_low"
"4736","px_842f586f1686bfea","0.00970873786407767","1","1","2","quality_high"
"4737","px_842f586f1686bfea","0.00970873786407767","1","1","1","quality_low"
"4738","px_842f586f1686bfea","0.00970873786407767","1","1","2","quality_high"
"4739","px_842f586f1686bfea","0.00970873786407767","1","1","1","quality_low"
"4740","px_842f586f1686bfea","0.00970873786407767","1","1","1","quality_low"
"4741","px_842f586f1686bfea","0.00970873786407767","1","1","1","quality_high"
"4742","px_842f586f1686bfea","0.00970873786407767","1","1","1","quality_low"
"4743","px_842f586f1686bfea","0.00970873786407767","1","1","1","quality_low"
"4744","px_842f586f1686bfea","0.00970873786407767","1","1","1","quality_low"
"4745","px_842f586f1686bfea","0.00970873786407767","1","1","1","quality_low"
"4746","px_842f586f1686bfea","0.00970873786407767","1","1","1","quality_low"
"4747","px_36b6054ea4e082a5","0.0769230769230769","2","2","1","quality_high"
"4748","px_36b6054ea4e082a5","0.0769230769230769","2","2","1","quality_low"
"4749","px_36b6054ea4e082a5","0.0769230769230769","2","2","1","quality_low"
"4750","px_36b6054ea4e082a5","0.0769230769230769","2","2","1","quality_low"
"4751","px_36b6054ea4e082a5","0.0769230769230769","2","3","1","quality_high"
"4752","px_36b6054ea4e082a5","0.0769230769230769","3","3","1","quality_high"
"4753","px_36b6054ea4e082a5","0.0769230769230769","3","2","1","quality_high"
"4754","px_36b6054ea4e082a5","0.0769230769230769","2","2","1","quality_high"
"4755","px_36b6054ea4e082a5","0.0769230769230769","2","2","1","quality_high"
"4756","px_36b6054ea4e082a5","0.0769230769230769","2","2","1","quality_high"
"4757","px_36b6054ea4e082a5","0.0769230769230769","2","2","2","quality_low"
"4758","px_36b6054ea4e082a5","0.0769230769230769","2","2","1","quality_high"
"4759","px_36b6054ea4e082a5","0.0769230769230769","2","2","1","quality_low"
"4760","px_ff044343b60a2662","0.0102040816326531","1","2","1","quality_low"
"4761","px_ff044343b60a2662","0.0102040816326531","2","2","1","quality_low"
"4762","px_ff044343b60a2662","0.0102040816326531","2","2","1","quality_low"
"4763","px_ff044343b60a2662","0.0102040816326531","2","2","2","quality_high"
"4764","px_ff044343b60a2662","0.0102040816326531","2","2","2","quality_high"
"4765","px_ff044343b60a2662","0.0102040816326531","2","2","2","quality_high"
"4766","px_ff044343b60a2662","0.0102040816326531","2","2","3","quality_high"
"4767","px_ff044343b60a2662","0.0102040816326531","2","2","3","quality_high"
"4768","px_ff044343b60a2662","0.0102040816326531","2","2","3","quality_low"
"4769","px_ff044343b60a2662","0.0102040816326531","2","2","3","quality_low"
"4770","px_ff044343b60a2662","0.0102040816326531","2","2","2","quality_low"
"4771","px_ff044343b60a2662","0.0102040816326531","2","2","2","quality_high"
"4772","px_ff044343b60a2662","0.0102040816326531","2","2","2","quality_high"
"4773","px_ff044343b60a2662","0.0102040816326531","2","2","2","quality_high"
"4774","px_ff044343b60a2662","0.0102040816326531","2","2","2","quality_high"
"4775","px_ff044343b60a2662","0.0102040816326531","2","2","3","quality_high"
"4776","px_ff044343b60a2662","0.0102040816326531","2","2","3","quality_high"
"4777","px_ff044343b60a2662","0.0102040816326531","2","2","3","quality_high"
"4778","px_ff044343b60a2662","0.0102040816326531","2","2","3","quality_high"
"4779","px_ff044343b60a2662","0.0102040816326531","2","2","3","quality_low"
"4780","px_ff044343b60a2662","0.0102040816326531","2","2","3","quality_low"
"4781","px_ff044343b60a2662","0.0102040816326531","2","2","3","quality_high"
"4782","px_ff044343b60a2662","0.0102040816326531","2","2","3","quality_high"
"4783","px_ff044343b60a2662","0.0102040816326531","2","2","3","quality_high"
"4784","px_ff044343b60a2662","0.0102040816326531","2","3","3","quality_low"
"4785","px_ff044343b60a2662","0.0102040816326531","3","2","3","quality_high"
"4786","px_ff044343b60a2662","0.0102040816326531","2","2","3","quality_high"
"4787","px_ff044343b60a2662","0.0102040816326531","2","2","3","quality_high"
"4788","px_ff044343b60a2662","0.0102040816326531","2","2","3","quality_low"
"4789","px_ff044343b60a2662","0.0102040816326531","2","2","3","quality_low"
"4790","px_ff044343b60a2662","0.0102040816326531","2","2","2","quality_low"
"4791","px_ff044343b60a2662","0.0102040816326531","2","2","2","quality_high"
"4792","px_ff044343b60a2662","0.0102040816326531","2","2","2","quality_low"
"4793","px_ff044343b60a2662","0.0102040816326531","2","2","2","quality_high"
"4794","px_ff044343b60a2662","0.0102040816326531","2","2","2","quality_high"
"4795","px_ff044343b60a2662","0.0102040816326531","2","2","2","quality_high"
"4796","px_ff044343b60a2662","0.0102040816326531","2","2","2","quality_high"
"4797","px_ff044343b60a2662","0.0102040816326531","2","2","2","quality_high"
"4798","px_ff044343b60a2662","0.0102040816326531","2","2","3","quality_high"
"4799","px_ff044343b60a2662","0.0102040816326531","2","2","3","quality_high"
"4800","px_ff044343b60a2662","0.0102040816326531","2","2","3","quality_high"
"4801","px_ff044343b60a2662","0.0102040816326531","2","2","3","quality_low"
"4802","px_ff044343b60a2662","0.0102040816326531","2","2","3","quality_high"
"4803","px_ff044343b60a2662","0.0102040816326531","2","2","2","quality_high"
"4804","px_ff044343b60a2662","0.0102040816326531","2","2","3","quality_high"
"4805","px_ff044343b60a2662","0.0102040816326531","2","2","3","quality_high"
"4806","px_ff044343b60a2662","0.0102040816326531","2","2","3","quality_high"
"4807","px_ff044343b60a2662","0.0102040816326531","2","2","3","quality_high"
"4808","px_ff044343b60a2662","0.0102040816326531","2","2","3","quality_high"
"4809","px_ff044343b60a2662","0.0102040816326531","2","1","3","quality_high"
"4810","px_ff044343b60a2662","0.0102040816326531","1","2","3","quality_high"
"4811","px_ff044343b60a2662","0.0102040816326531","1","1","1","quality_low"
"4812","px_ff044343b60a2662","0.0102040816326531","1","1","1","quality_high"
"4813","px_ff044343b60a2662","0.0102040816326531","1","1","2","quality_low"
"4814","px_ff044343b60a2662","0.0102040816326531","1","1","1","quality_high"
"4815","px_ff044343b60a2662","0.0102040816326531","1","1","2","quality_low"
"4816","px_ff044343b60a2662","0.0102040816326531","1","1","3","quality_low"
"4817","px_ff044343b60a2662","0.0102040816326531","1","1","1","quality_low"
"4818","px_ff044343b60a2662","0.0102040816326531","1","1","2","quality_high"
"4819","px_ff044343b60a2662","0.0102040816326531","1","2","3","quality_low"
"4820","px_ff044343b60a2662","0.0102040816326531","2","3","2","quality_low"
"4821","px_ff044343b60a2662","0.0102040816326531","3","2","2","quality_low"
"4822","px_ff044343b60a2662","0.0102040816326531","2","2","2","quality_low"
"4823","px_ff044343b60a2662","0.0102040816326531","2","2","2","quality_high"
"4824","px_ff044343b60a2662","0.0102040816326531","2","2","2","quality_high"
"4825","px_ff044343b60a2662","0.0102040816326531","2","2","2","quality_high"
"4826","px_ff044343b60a2662","0.0102040816326531","2","2","2","quality_high"
"4827","px_ff044343b60a2662","0.0102040816326531","2","2","2","quality_high"
"4828","px_ff044343b60a2662","0.0102040816326531","2","2","2","quality_low"
"4829","px_ff044343b60a2662","0.0102040816326531","2","2","2","quality_high"
"4830","px_ff044343b60a2662","0.0102040816326531","2","2","2","quality_high"
"4831","px_ff044343b60a2662","0.0102040816326531","2","2","1","quality_high"
"4832","px_ff044343b60a2662","0.0102040816326531","2","2","2","quality_low"
"4833","px_ff044343b60a2662","0.0102040816326531","2","2","1","quality_high"
"4834","px_ff044343b60a2662","0.0102040816326531","2","3","1","quality_low"
"4835","px_ff044343b60a2662","0.0102040816326531","3","2","1","quality_low"
"4836","px_ff044343b60a2662","0.0102040816326531","3","2","1","quality_high"
"4837","px_ff044343b60a2662","0.0102040816326531","2","2","1","quality_high"
"4838","px_ff044343b60a2662","0.0102040816326531","2","2","1","quality_high"
"4839","px_ff044343b60a2662","0.0102040816326531","2","2","2","quality_high"
"4840","px_ff044343b60a2662","0.0102040816326531","2","2","1","quality_high"
"4841","px_ff044343b60a2662","0.0102040816326531","2","2","1","quality_low"
"4842","px_ff044343b60a2662","0.0102040816326531","2","2","1","quality_low"
"4843","px_ff044343b60a2662","0.0102040816326531","2","2","1","quality_high"
"4844","px_ff044343b60a2662","0.0102040816326531","2","2","2","quality_high"
"4845","px_ff044343b60a2662","0.0102040816326531","2","2","1","quality_high"
"4846","px_ff044343b60a2662","0.0102040816326531","2","2","1","quality_high"
"4847","px_ff044343b60a2662","0.0102040816326531","2","2","1","quality_high"
"4848","px_ff044343b60a2662","0.0102040816326531","2","2","1","quality_low"
"4849","px_ff044343b60a2662","0.0102040816326531","2","2","2","quality_low"
"4850","px_ff044343b60a2662","0.0102040816326531","2","2","3","quality_high"
"4851","px_ff044343b60a2662","0.0102040816326531","2","2","2","quality_low"
"4852","px_ff044343b60a2662","0.0102040816326531","2","2","1","quality_high"
"4853","px_ff044343b60a2662","0.0102040816326531","2","2","1","quality_low"
"4854","px_ff044343b60a2662","0.0102040816326531","2","3","2","quality_high"
"4855","px_ff044343b60a2662","0.0102040816326531","3","2","1","quality_high"
"4856","px_ff044343b60a2662","0.0102040816326531","2","2","2","quality_high"
"4857","px_ff044343b60a2662","0.0102040816326531","2","2","2","quality_high"
"4858","px_61638054c798e770","0.00826446280991736","1","1","1","quality_low"
"4859","px_61638054c798e770","0.00826446280991736","1","1","1","quality_low"
"4860","px_61638054c798e770","0.00826446280991736","1","1","1","quality_low"
"4861","px_61638054c798e770","0.00826446280991736","1","1","2","quality_low"
"4862","px_61638054c798e770","0.00826446280991736","1","1","2","quality_low"
"4863","px_61638054c798e770","0.00826446280991736","1","1","1","quality_low"
"4864","px_61638054c798e770","0.00826446280991736","1","1","1","quality_low"
"4865","px_61638054c798e770","0.00826446280991736","1","1","1","quality_low"
"4866","px_61638054c798e770","0.00826446280991736","1","1","1","quality_low"
"4867","px_61638054c798e770","0.00826446280991736","1","1","1","quality_low"
"4868","px_61638054c798e770","0.00826446280991736","1","2","1","quality_low"
"4869","px_61638054c798e770","0.00826446280991736","2","1","1","quality_low"
"4870","px_61638054c798e770","0.00826446280991736","1","1","2","quality_low"
"4871","px_61638054c798e770","0.00826446280991736","1","1","1","quality_low"
"4872","px_61638054c798e770","0.00826446280991736","1","3","1","quality_low"
"4873","px_61638054c798e770","0.00826446280991736","3","1","1","quality_low"
"4874","px_61638054c798e770","0.00826446280991736","1","1","1","quality_low"
"4875","px_61638054c798e770","0.00826446280991736","1","1","2","quality_low"
"4876","px_61638054c798e770","0.00826446280991736","1","1","2","quality_low"
"4877","px_61638054c798e770","0.00826446280991736","1","1","1","quality_low"
"4878","px_61638054c798e770","0.00826446280991736","1","1","2","quality_low"
"4879","px_61638054c798e770","0.00826446280991736","1","1","1","quality_low"
"4880","px_61638054c798e770","0.00826446280991736","1","2","1","quality_low"
"4881","px_61638054c798e770","0.00826446280991736","2","1","1","quality_low"
"4882","px_61638054c798e770","0.00826446280991736","1","1","1","quality_low"
"4883","px_61638054c798e770","0.00826446280991736","1","1","1","quality_low"
"4884","px_61638054c798e770","0.00826446280991736","1","1","1","quality_low"
"4885","px_61638054c798e770","0.00826446280991736","1","1","1","quality_low"
"4886","px_61638054c798e770","0.00826446280991736","1","1","1","quality_low"
"4887","px_61638054c798e770","0.00826446280991736","1","1","1","quality_low"
"4888","px_61638054c798e770","0.00826446280991736","1","1","2","quality_low"
"4889","px_61638054c798e770","0.00826446280991736","1","1","1","quality_low"
"4890","px_61638054c798e770","0.00826446280991736","1","1","1","quality_low"
"4891","px_61638054c798e770","0.00826446280991736","1","1","1","quality_low"
"4892","px_61638054c798e770","0.00826446280991736","1","1","1","quality_low"
"4893","px_61638054c798e770","0.00826446280991736","1","1","1","quality_low"
"4894","px_61638054c798e770","0.00826446280991736","1","1","1","quality_low"
"4895","px_61638054c798e770","0.00826446280991736","1","1","1","quality_low"
"4896","px_61638054c798e770","0.00826446280991736","1","1","1","quality_low"
"4897","px_61638054c798e770","0.00826446280991736","1","1","1","quality_low"
"4898","px_61638054c798e770","0.00826446280991736","1","1","1","quality_low"
"4899","px_61638054c798e770","0.00826446280991736","1","1","1","quality_low"
"4900","px_61638054c798e770","0.00826446280991736","1","1","2","quality_low"
"4901","px_61638054c798e770","0.00826446280991736","1","1","2","quality_low"
"4902","px_61638054c798e770","0.00826446280991736","1","3","1","quality_low"
"4903","px_61638054c798e770","0.00826446280991736","3","1","2","quality_low"
"4904","px_61638054c798e770","0.00826446280991736","1","1","2","quality_low"
"4905","px_61638054c798e770","0.00826446280991736","1","1","1","quality_low"
"4906","px_61638054c798e770","0.00826446280991736","1","1","1","quality_low"
"4907","px_61638054c798e770","0.00826446280991736","1","1","1","quality_low"
"4908","px_61638054c798e770","0.00826446280991736","1","1","2","quality_low"
"4909","px_61638054c798e770","0.00826446280991736","1","1","1","quality_low"
"4910","px_61638054c798e770","0.00826446280991736","1","1","2","quality_low"
"4911","px_61638054c798e770","0.00826446280991736","1","2","1","quality_low"
"4912","px_61638054c798e770","0.00826446280991736","2","1","1","quality_low"
"4913","px_61638054c798e770","0.00826446280991736","1","2","2","quality_low"
"4914","px_61638054c798e770","0.00826446280991736","2","1","2","quality_low"
"4915","px_61638054c798e770","0.00826446280991736","1","1","1","quality_low"
"4916","px_61638054c798e770","0.00826446280991736","1","1","2","quality_low"
"4917","px_61638054c798e770","0.00826446280991736","1","1","2","quality_low"
"4918","px_61638054c798e770","0.00826446280991736","1","1","1","quality_low"
"4919","px_61638054c798e770","0.00826446280991736","1","1","2","quality_low"
"4920","px_61638054c798e770","0.00826446280991736","1","1","2","quality_low"
"4921","px_61638054c798e770","0.00826446280991736","1","1","1","quality_low"
"4922","px_61638054c798e770","0.00826446280991736","1","1","2","quality_low"
"4923","px_61638054c798e770","0.00826446280991736","1","1","2","quality_high"
"4924","px_61638054c798e770","0.00826446280991736","1","1","1","quality_low"
"4925","px_61638054c798e770","0.00826446280991736","1","1","2","quality_low"
"4926","px_61638054c798e770","0.00826446280991736","1","1","1","quality_low"
"4927","px_61638054c798e770","0.00826446280991736","1","1","2","quality_low"
"4928","px_61638054c798e770","0.00826446280991736","1","1","1","quality_low"
"4929","px_61638054c798e770","0.00826446280991736","1","1","1","quality_low"
"4930","px_61638054c798e770","0.00826446280991736","1","1","1","quality_low"
"4931","px_61638054c798e770","0.00826446280991736","1","1","1","quality_low"
"4932","px_61638054c798e770","0.00826446280991736","1","1","1","quality_low"
"4933","px_61638054c798e770","0.00826446280991736","1","1","1","quality_low"
"4934","px_61638054c798e770","0.00826446280991736","1","1","1","quality_low"
"4935","px_61638054c798e770","0.00826446280991736","1","1","1","quality_low"
"4936","px_61638054c798e770","0.00826446280991736","1","1","1","quality_low"
"4937","px_61638054c798e770","0.00826446280991736","1","1","1","quality_low"
"4938","px_61638054c798e770","0.00826446280991736","1","1","1","quality_low"
"4939","px_61638054c798e770","0.00826446280991736","1","1","1","quality_low"
"4940","px_61638054c798e770","0.00826446280991736","1","1","1","quality_low"
"4941","px_61638054c798e770","0.00826446280991736","1","1","1","quality_low"
"4942","px_61638054c798e770","0.00826446280991736","1","1","1","quality_low"
"4943","px_61638054c798e770","0.00826446280991736","1","1","1","quality_low"
"4944","px_61638054c798e770","0.00826446280991736","1","1","1","quality_low"
"4945","px_61638054c798e770","0.00826446280991736","1","1","1","quality_low"
"4946","px_61638054c798e770","0.00826446280991736","1","1","1","quality_low"
"4947","px_61638054c798e770","0.00826446280991736","1","1","1","quality_low"
"4948","px_61638054c798e770","0.00826446280991736","1","1","2","quality_low"
"4949","px_61638054c798e770","0.00826446280991736","1","1","2","quality_low"
"4950","px_61638054c798e770","0.00826446280991736","1","1","1","quality_low"
"4951","px_61638054c798e770","0.00826446280991736","1","1","1","quality_low"
"4952","px_61638054c798e770","0.00826446280991736","1","1","1","quality_low"
"4953","px_61638054c798e770","0.00826446280991736","1","1","1","quality_low"
"4954","px_61638054c798e770","0.00826446280991736","1","1","1","quality_low"
"4955","px_61638054c798e770","0.00826446280991736","1","1","1","quality_low"
"4956","px_61638054c798e770","0.00826446280991736","1","1","1","quality_low"
"4957","px_61638054c798e770","0.00826446280991736","1","1","1","quality_low"
"4958","px_61638054c798e770","0.00826446280991736","1","1","1","quality_low"
"4959","px_61638054c798e770","0.00826446280991736","1","1","1","quality_low"
"4960","px_61638054c798e770","0.00826446280991736","1","1","1","quality_low"
"4961","px_61638054c798e770","0.00826446280991736","1","1","1","quality_low"
"4962","px_61638054c798e770","0.00826446280991736","1","1","1","quality_low"
"4963","px_61638054c798e770","0.00826446280991736","1","1","1","quality_low"
"4964","px_61638054c798e770","0.00826446280991736","1","1","1","quality_low"
"4965","px_61638054c798e770","0.00826446280991736","1","1","1","quality_low"
"4966","px_61638054c798e770","0.00826446280991736","1","1","1","quality_low"
"4967","px_61638054c798e770","0.00826446280991736","1","1","1","quality_low"
"4968","px_61638054c798e770","0.00826446280991736","1","1","1","quality_low"
"4969","px_61638054c798e770","0.00826446280991736","1","1","1","quality_low"
"4970","px_61638054c798e770","0.00826446280991736","1","1","1","quality_low"
"4971","px_61638054c798e770","0.00826446280991736","1","1","1","quality_low"
"4972","px_61638054c798e770","0.00826446280991736","1","1","1","quality_low"
"4973","px_61638054c798e770","0.00826446280991736","1","1","1","quality_low"
"4974","px_61638054c798e770","0.00826446280991736","1","1","1","quality_low"
"4975","px_61638054c798e770","0.00826446280991736","1","1","1","quality_low"
"4976","px_61638054c798e770","0.00826446280991736","1","1","1","quality_low"
"4977","px_61638054c798e770","0.00826446280991736","1","1","1","quality_low"
"4978","px_61638054c798e770","0.00826446280991736","1","1","1","quality_low"
"4979","px_40df2b2c10709ea9","0.0133333333333333","2","1","3","quality_low"
"4980","px_40df2b2c10709ea9","0.0133333333333333","1","1","1","quality_high"
"4981","px_40df2b2c10709ea9","0.0133333333333333","1","1","1","quality_low"
"4982","px_40df2b2c10709ea9","0.0133333333333333","1","2","1","quality_high"
"4983","px_40df2b2c10709ea9","0.0133333333333333","2","1","1","quality_high"
"4984","px_40df2b2c10709ea9","0.0133333333333333","1","2","1","quality_low"
"4985","px_40df2b2c10709ea9","0.0133333333333333","2","1","2","quality_low"
"4986","px_40df2b2c10709ea9","0.0133333333333333","1","1","3","quality_low"
"4987","px_40df2b2c10709ea9","0.0133333333333333","1","1","2","quality_low"
"4988","px_40df2b2c10709ea9","0.0133333333333333","1","2","2","quality_high"
"4989","px_40df2b2c10709ea9","0.0133333333333333","2","1","2","quality_high"
"4990","px_40df2b2c10709ea9","0.0133333333333333","1","1","2","quality_high"
"4991","px_40df2b2c10709ea9","0.0133333333333333","1","2","3","quality_low"
"4992","px_40df2b2c10709ea9","0.0133333333333333","2","2","2","quality_high"
"4993","px_40df2b2c10709ea9","0.0133333333333333","2","2","2","quality_low"
"4994","px_40df2b2c10709ea9","0.0133333333333333","1","1","1","quality_low"
"4995","px_40df2b2c10709ea9","0.0133333333333333","1","1","2","quality_low"
"4996","px_40df2b2c10709ea9","0.0133333333333333","1","1","2","quality_high"
"4997","px_40df2b2c10709ea9","0.0133333333333333","1","1","2","quality_high"
"4998","px_40df2b2c10709ea9","0.0133333333333333","1","1","1","quality_high"
"4999","px_40df2b2c10709ea9","0.0133333333333333","1","1","2","quality_low"
"5000","px_40df2b2c10709ea9","0.0133333333333333","1","1","2","quality_high"
"5001","px_40df2b2c10709ea9","0.0133333333333333","1","1","1","quality_high"
"5002","px_40df2b2c10709ea9","0.0133333333333333","1","1","1","quality_high"
"5003","px_40df2b2c10709ea9","0.0133333333333333","1","1","1","quality_high"
"5004","px_40df2b2c10709ea9","0.0133333333333333","1","1","1","quality_high"
"5005","px_40df2b2c10709ea9","0.0133333333333333","1","1","2","quality_high"
"5006","px_40df2b2c10709ea9","0.0133333333333333","1","1","1","quality_low"
"5007","px_40df2b2c10709ea9","0.0133333333333333","1","1","1","quality_high"
"5008","px_40df2b2c10709ea9","0.0133333333333333","1","1","1","quality_high"
"5009","px_40df2b2c10709ea9","0.0133333333333333","1","2","3","quality_low"
"5010","px_40df2b2c10709ea9","0.0133333333333333","2","1","1","quality_low"
"5011","px_40df2b2c10709ea9","0.0133333333333333","1","1","1","quality_low"
"5012","px_40df2b2c10709ea9","0.0133333333333333","1","1","1","quality_low"
"5013","px_40df2b2c10709ea9","0.0133333333333333","1","1","2","quality_high"
"5014","px_40df2b2c10709ea9","0.0133333333333333","1","1","2","quality_low"
"5015","px_40df2b2c10709ea9","0.0133333333333333","1","1","2","quality_high"
"5016","px_40df2b2c10709ea9","0.0133333333333333","1","1","2","quality_low"
"5017","px_40df2b2c10709ea9","0.0133333333333333","1","1","2","quality_low"
"5018","px_40df2b2c10709ea9","0.0133333333333333","1","1","1","quality_high"
"5019","px_40df2b2c10709ea9","0.0133333333333333","1","1","1","quality_high"
"5020","px_40df2b2c10709ea9","0.0133333333333333","1","1","2","quality_high"
"5021","px_40df2b2c10709ea9","0.0133333333333333","1","1","2","quality_high"
"5022","px_40df2b2c10709ea9","0.0133333333333333","1","1","2","quality_low"
"5023","px_40df2b2c10709ea9","0.0133333333333333","1","1","3","quality_low"
"5024","px_40df2b2c10709ea9","0.0133333333333333","1","1","3","quality_high"
"5025","px_40df2b2c10709ea9","0.0133333333333333","1","1","2","quality_high"
"5026","px_40df2b2c10709ea9","0.0133333333333333","1","1","3","quality_high"
"5027","px_40df2b2c10709ea9","0.0133333333333333","1","1","1","quality_low"
"5028","px_40df2b2c10709ea9","0.0133333333333333","1","1","1","quality_high"
"5029","px_40df2b2c10709ea9","0.0133333333333333","1","1","1","quality_low"
"5030","px_40df2b2c10709ea9","0.0133333333333333","1","1","1","quality_low"
"5031","px_40df2b2c10709ea9","0.0133333333333333","1","1","1","quality_high"
"5032","px_40df2b2c10709ea9","0.0133333333333333","1","1","1","quality_high"
"5033","px_40df2b2c10709ea9","0.0133333333333333","1","1","2","quality_high"
"5034","px_40df2b2c10709ea9","0.0133333333333333","1","1","2","quality_high"
"5035","px_40df2b2c10709ea9","0.0133333333333333","1","1","1","quality_high"
"5036","px_40df2b2c10709ea9","0.0133333333333333","1","1","1","quality_high"
"5037","px_40df2b2c10709ea9","0.0133333333333333","1","2","1","quality_high"
"5038","px_40df2b2c10709ea9","0.0133333333333333","2","1","1","quality_high"
"5039","px_40df2b2c10709ea9","0.0133333333333333","1","1","2","quality_high"
"5040","px_40df2b2c10709ea9","0.0133333333333333","1","1","1","quality_high"
"5041","px_40df2b2c10709ea9","0.0133333333333333","1","1","1","quality_high"
"5042","px_40df2b2c10709ea9","0.0133333333333333","1","1","2","quality_low"
"5043","px_40df2b2c10709ea9","0.0133333333333333","1","1","1","quality_low"
"5044","px_40df2b2c10709ea9","0.0133333333333333","1","1","1","quality_high"
"5045","px_40df2b2c10709ea9","0.0133333333333333","1","1","1","quality_high"
"5046","px_40df2b2c10709ea9","0.0133333333333333","1","1","2","quality_high"
"5047","px_40df2b2c10709ea9","0.0133333333333333","1","1","1","quality_low"
"5048","px_40df2b2c10709ea9","0.0133333333333333","1","1","1","quality_high"
"5049","px_40df2b2c10709ea9","0.0133333333333333","1","1","1","quality_high"
"5050","px_40df2b2c10709ea9","0.0133333333333333","1","1","1","quality_low"
"5051","px_40df2b2c10709ea9","0.0133333333333333","1","1","1","quality_high"
"5052","px_40df2b2c10709ea9","0.0133333333333333","1","2","2","quality_high"
"5053","px_40df2b2c10709ea9","0.0133333333333333","2","1","2","quality_high"
"5054","px_68f78558b10393a1","0.0212765957446809","1","1","2","quality_high"
"5055","px_68f78558b10393a1","0.0212765957446809","1","2","3","quality_high"
"5056","px_68f78558b10393a1","0.0212765957446809","2","1","2","quality_high"
"5057","px_68f78558b10393a1","0.0212765957446809","1","1","2","quality_high"
"5058","px_68f78558b10393a1","0.0212765957446809","1","1","2","quality_high"
"5059","px_68f78558b10393a1","0.0212765957446809","1","1","1","quality_low"
"5060","px_68f78558b10393a1","0.0212765957446809","1","1","2","quality_high"
"5061","px_68f78558b10393a1","0.0212765957446809","1","1","3","quality_high"
"5062","px_68f78558b10393a1","0.0212765957446809","1","1","2","quality_high"
"5063","px_68f78558b10393a1","0.0212765957446809","1","1","3","quality_high"
"5064","px_68f78558b10393a1","0.0212765957446809","1","1","3","quality_high"
"5065","px_68f78558b10393a1","0.0212765957446809","1","1","3","quality_high"
"5066","px_68f78558b10393a1","0.0212765957446809","1","1","3","quality_high"
"5067","px_68f78558b10393a1","0.0212765957446809","1","1","3","quality_low"
"5068","px_68f78558b10393a1","0.0212765957446809","1","1","3","quality_low"
"5069","px_68f78558b10393a1","0.0212765957446809","1","1","3","quality_high"
"5070","px_68f78558b10393a1","0.0212765957446809","1","1","3","quality_low"
"5071","px_68f78558b10393a1","0.0212765957446809","1","1","2","quality_high"
"5072","px_68f78558b10393a1","0.0212765957446809","1","1","3","quality_high"
"5073","px_68f78558b10393a1","0.0212765957446809","1","1","3","quality_low"
"5074","px_68f78558b10393a1","0.0212765957446809","1","1","3","quality_low"
"5075","px_68f78558b10393a1","0.0212765957446809","1","1","3","quality_low"
"5076","px_68f78558b10393a1","0.0212765957446809","1","1","3","quality_high"
"5077","px_68f78558b10393a1","0.0212765957446809","1","1","3","quality_high"
"5078","px_68f78558b10393a1","0.0212765957446809","1","1","3","quality_high"
"5079","px_68f78558b10393a1","0.0212765957446809","1","1","2","quality_high"
"5080","px_68f78558b10393a1","0.0212765957446809","1","1","2","quality_low"
"5081","px_68f78558b10393a1","0.0212765957446809","1","1","1","quality_low"
"5082","px_68f78558b10393a1","0.0212765957446809","1","1","2","quality_low"
"5083","px_68f78558b10393a1","0.0212765957446809","1","1","1","quality_low"
"5084","px_68f78558b10393a1","0.0212765957446809","1","1","2","quality_low"
"5085","px_68f78558b10393a1","0.0212765957446809","1","1","1","quality_low"
"5086","px_68f78558b10393a1","0.0212765957446809","1","1","1","quality_low"
"5087","px_68f78558b10393a1","0.0212765957446809","1","1","2","quality_low"
"5088","px_68f78558b10393a1","0.0212765957446809","1","1","1","quality_low"
"5089","px_68f78558b10393a1","0.0212765957446809","1","1","2","quality_high"
"5090","px_68f78558b10393a1","0.0212765957446809","1","1","3","quality_low"
"5091","px_68f78558b10393a1","0.0212765957446809","1","1","1","quality_low"
"5092","px_68f78558b10393a1","0.0212765957446809","1","1","2","quality_low"
"5093","px_68f78558b10393a1","0.0212765957446809","1","1","1","quality_low"
"5094","px_68f78558b10393a1","0.0212765957446809","1","1","1","quality_low"
"5095","px_68f78558b10393a1","0.0212765957446809","1","1","2","quality_low"
"5096","px_68f78558b10393a1","0.0212765957446809","1","1","2","quality_high"
"5097","px_68f78558b10393a1","0.0212765957446809","1","1","2","quality_high"
"5098","px_68f78558b10393a1","0.0212765957446809","1","1","2","quality_high"
"5099","px_68f78558b10393a1","0.0212765957446809","1","1","2","quality_low"
"5100","px_68f78558b10393a1","0.0212765957446809","1","1","1","quality_low"
"5101","px_9238bd6b226982dc","0.00757575757575758","2","2","1","quality_low"
"5102","px_9238bd6b226982dc","0.00757575757575758","2","2","2","quality_low"
"5103","px_9238bd6b226982dc","0.00757575757575758","2","2","2","quality_low"
"5104","px_9238bd6b226982dc","0.00757575757575758","2","2","2","quality_low"
"5105","px_9238bd6b226982dc","0.00757575757575758","2","2","2","quality_low"
"5106","px_9238bd6b226982dc","0.00757575757575758","2","2","2","quality_low"
"5107","px_9238bd6b226982dc","0.00757575757575758","2","1","3","quality_low"
"5108","px_9238bd6b226982dc","0.00757575757575758","1","1","2","quality_low"
"5109","px_9238bd6b226982dc","0.00757575757575758","1","2","2","quality_low"
"5110","px_9238bd6b226982dc","0.00757575757575758","2","2","3","quality_low"
"5111","px_9238bd6b226982dc","0.00757575757575758","2","2","3","quality_low"
"5112","px_9238bd6b226982dc","0.00757575757575758","2","1","2","quality_low"
"5113","px_9238bd6b226982dc","0.00757575757575758","1","3","2","quality_low"
"5114","px_9238bd6b226982dc","0.00757575757575758","3","2","2","quality_high"
"5115","px_9238bd6b226982dc","0.00757575757575758","2","2","2","quality_high"
"5116","px_9238bd6b226982dc","0.00757575757575758","2","2","3","quality_low"
"5117","px_9238bd6b226982dc","0.00757575757575758","2","2","3","quality_low"
"5118","px_9238bd6b226982dc","0.00757575757575758","2","2","2","quality_low"
"5119","px_9238bd6b226982dc","0.00757575757575758","2","3","2","quality_low"
"5120","px_9238bd6b226982dc","0.00757575757575758","3","2","2","quality_low"
"5121","px_9238bd6b226982dc","0.00757575757575758","2","2","2","quality_low"
"5122","px_9238bd6b226982dc","0.00757575757575758","2","2","2","quality_low"
"5123","px_9238bd6b226982dc","0.00757575757575758","2","2","1","quality_low"
"5124","px_9238bd6b226982dc","0.00757575757575758","2","2","2","quality_low"
"5125","px_9238bd6b226982dc","0.00757575757575758","2","1","3","quality_low"
"5126","px_9238bd6b226982dc","0.00757575757575758","1","2","3","quality_low"
"5127","px_9238bd6b226982dc","0.00757575757575758","2","2","3","quality_low"
"5128","px_9238bd6b226982dc","0.00757575757575758","2","2","3","quality_low"
"5129","px_9238bd6b226982dc","0.00757575757575758","2","1","3","quality_low"
"5130","px_9238bd6b226982dc","0.00757575757575758","1","2","3","quality_low"
"5131","px_9238bd6b226982dc","0.00757575757575758","2","1","2","quality_low"
"5132","px_9238bd6b226982dc","0.00757575757575758","1","1","1","quality_low"
"5133","px_9238bd6b226982dc","0.00757575757575758","1","1","3","quality_low"
"5134","px_9238bd6b226982dc","0.00757575757575758","1","2","3","quality_low"
"5135","px_9238bd6b226982dc","0.00757575757575758","2","1","3","quality_high"
"5136","px_9238bd6b226982dc","0.00757575757575758","1","1","3","quality_high"
"5137","px_9238bd6b226982dc","0.00757575757575758","1","2","3","quality_low"
"5138","px_9238bd6b226982dc","0.00757575757575758","2","1","3","quality_low"
"5139","px_9238bd6b226982dc","0.00757575757575758","1","1","3","quality_low"
"5140","px_9238bd6b226982dc","0.00757575757575758","1","1","2","quality_low"
"5141","px_9238bd6b226982dc","0.00757575757575758","1","2","2","quality_low"
"5142","px_9238bd6b226982dc","0.00757575757575758","2","1","2","quality_low"
"5143","px_9238bd6b226982dc","0.00757575757575758","1","2","2","quality_low"
"5144","px_9238bd6b226982dc","0.00757575757575758","3","2","1","quality_low"
"5145","px_9238bd6b226982dc","0.00757575757575758","2","2","3","quality_low"
"5146","px_9238bd6b226982dc","0.00757575757575758","2","2","2","quality_low"
"5147","px_9238bd6b226982dc","0.00757575757575758","2","2","1","quality_low"
"5148","px_9238bd6b226982dc","0.00757575757575758","2","2","2","quality_low"
"5149","px_9238bd6b226982dc","0.00757575757575758","2","2","2","quality_low"
"5150","px_9238bd6b226982dc","0.00757575757575758","2","2","2","quality_low"
"5151","px_9238bd6b226982dc","0.00757575757575758","2","2","1","quality_low"
"5152","px_9238bd6b226982dc","0.00757575757575758","2","2","2","quality_low"
"5153","px_9238bd6b226982dc","0.00757575757575758","2","2","2","quality_low"
"5154","px_9238bd6b226982dc","0.00757575757575758","2","1","2","quality_low"
"5155","px_9238bd6b226982dc","0.00757575757575758","1","1","2","quality_low"
"5156","px_9238bd6b226982dc","0.00757575757575758","1","2","1","quality_low"
"5157","px_9238bd6b226982dc","0.00757575757575758","2","1","2","quality_high"
"5158","px_9238bd6b226982dc","0.00757575757575758","1","2","2","quality_low"
"5159","px_9238bd6b226982dc","0.00757575757575758","2","2","2","quality_low"
"5160","px_9238bd6b226982dc","0.00757575757575758","2","1","3","quality_low"
"5161","px_9238bd6b226982dc","0.00757575757575758","1","2","3","quality_high"
"5162","px_9238bd6b226982dc","0.00757575757575758","2","2","2","quality_low"
"5163","px_9238bd6b226982dc","0.00757575757575758","2","2","3","quality_low"
"5164","px_9238bd6b226982dc","0.00757575757575758","2","2","2","quality_low"
"5165","px_9238bd6b226982dc","0.00757575757575758","2","2","3","quality_low"
"5166","px_9238bd6b226982dc","0.00757575757575758","2","1","2","quality_low"
"5167","px_9238bd6b226982dc","0.00757575757575758","1","1","2","quality_low"
"5168","px_9238bd6b226982dc","0.00757575757575758","1","1","2","quality_low"
"5169","px_9238bd6b226982dc","0.00757575757575758","1","2","2","quality_low"
"5170","px_9238bd6b226982dc","0.00757575757575758","2","2","2","quality_low"
"5171","px_9238bd6b226982dc","0.00757575757575758","2","1","1","quality_low"
"5172","px_9238bd6b226982dc","0.00757575757575758","1","1","2","quality_low"
"5173","px_9238bd6b226982dc","0.00757575757575758","1","1","2","quality_low"
"5174","px_9238bd6b226982dc","0.00757575757575758","1","1","2","quality_high"
"5175","px_9238bd6b226982dc","0.00757575757575758","1","1","2","quality_high"
"5176","px_9238bd6b226982dc","0.00757575757575758","1","1","2","quality_high"
"5177","px_9238bd6b226982dc","0.00757575757575758","1","1","2","quality_high"
"5178","px_9238bd6b226982dc","0.00757575757575758","1","1","2","quality_low"
"5179","px_9238bd6b226982dc","0.00757575757575758","1","1","2","quality_low"
"5180","px_9238bd6b226982dc","0.00757575757575758","1","1","2","quality_low"
"5181","px_9238bd6b226982dc","0.00757575757575758","1","1","2","quality_high"
"5182","px_9238bd6b226982dc","0.00757575757575758","1","3","2","quality_high"
"5183","px_9238bd6b226982dc","0.00757575757575758","3","1","2","quality_high"
"5184","px_9238bd6b226982dc","0.00757575757575758","1","1","1","quality_low"
"5185","px_9238bd6b226982dc","0.00757575757575758","1","1","1","quality_low"
"5186","px_9238bd6b226982dc","0.00757575757575758","1","2","2","quality_low"
"5187","px_9238bd6b226982dc","0.00757575757575758","2","1","2","quality_low"
"5188","px_9238bd6b226982dc","0.00757575757575758","1","2","2","quality_low"
"5189","px_9238bd6b226982dc","0.00757575757575758","2","1","2","quality_low"
"5190","px_9238bd6b226982dc","0.00757575757575758","1","1","2","quality_high"
"5191","px_9238bd6b226982dc","0.00757575757575758","1","2","2","quality_low"
"5192","px_9238bd6b226982dc","0.00757575757575758","2","3","2","quality_low"
"5193","px_9238bd6b226982dc","0.00757575757575758","3","1","3","quality_low"
"5194","px_9238bd6b226982dc","0.00757575757575758","1","1","2","quality_low"
"5195","px_9238bd6b226982dc","0.00757575757575758","1","1","2","quality_low"
"5196","px_9238bd6b226982dc","0.00757575757575758","1","3","3","quality_low"
"5197","px_9238bd6b226982dc","0.00757575757575758","3","2","3","quality_low"
"5198","px_9238bd6b226982dc","0.00757575757575758","2","2","2","quality_low"
"5199","px_9238bd6b226982dc","0.00757575757575758","2","1","1","quality_low"
"5200","px_9238bd6b226982dc","0.00757575757575758","1","2","2","quality_high"
"5201","px_9238bd6b226982dc","0.00757575757575758","2","2","2","quality_high"
"5202","px_9238bd6b226982dc","0.00757575757575758","2","2","1","quality_low"
"5203","px_9238bd6b226982dc","0.00757575757575758","2","2","1","quality_low"
"5204","px_9238bd6b226982dc","0.00757575757575758","2","2","2","quality_low"
"5205","px_9238bd6b226982dc","0.00757575757575758","2","2","1","quality_low"
"5206","px_9238bd6b226982dc","0.00757575757575758","2","2","2","quality_low"
"5207","px_9238bd6b226982dc","0.00757575757575758","2","1","2","quality_low"
"5208","px_9238bd6b226982dc","0.00757575757575758","1","1","1","quality_low"
"5209","px_9238bd6b226982dc","0.00757575757575758","1","1","1","quality_low"
"5210","px_9238bd6b226982dc","0.00757575757575758","1","1","1","quality_low"
"5211","px_9238bd6b226982dc","0.00757575757575758","1","1","1","quality_low"
"5212","px_9238bd6b226982dc","0.00757575757575758","1","1","2","quality_low"
"5213","px_9238bd6b226982dc","0.00757575757575758","1","1","1","quality_low"
"5214","px_9238bd6b226982dc","0.00757575757575758","1","2","1","quality_low"
"5215","px_9238bd6b226982dc","0.00757575757575758","2","1","2","quality_low"
"5216","px_9238bd6b226982dc","0.00757575757575758","1","1","1","quality_low"
"5217","px_9238bd6b226982dc","0.00757575757575758","1","1","1","quality_low"
"5218","px_9238bd6b226982dc","0.00757575757575758","1","2","2","quality_low"
"5219","px_9238bd6b226982dc","0.00757575757575758","2","2","1","quality_low"
"5220","px_9238bd6b226982dc","0.00757575757575758","2","1","2","quality_low"
"5221","px_9238bd6b226982dc","0.00757575757575758","1","3","2","quality_low"
"5222","px_9238bd6b226982dc","0.00757575757575758","3","3","1","quality_low"
"5223","px_9238bd6b226982dc","0.00757575757575758","3","3","3","quality_low"
"5224","px_9238bd6b226982dc","0.00757575757575758","3","1","2","quality_low"
"5225","px_9238bd6b226982dc","0.00757575757575758","1","1","2","quality_low"
"5226","px_9238bd6b226982dc","0.00757575757575758","1","1","2","quality_low"
"5227","px_9238bd6b226982dc","0.00757575757575758","1","1","2","quality_low"
"5228","px_9238bd6b226982dc","0.00757575757575758","1","1","2","quality_low"
"5229","px_9238bd6b226982dc","0.00757575757575758","1","1","2","quality_high"
"5230","px_9238bd6b226982dc","0.00757575757575758","1","1","2","quality_high"
"5231","px_9238bd6b226982dc","0.00757575757575758","1","1","2","quality_low"
"5232","px_9238bd6b226982dc","0.00757575757575758","1","1","2","quality_low"
"5233","px_f7b453da679cde2a","0.0138888888888889","2","3","2","quality_high"
"5234","px_f7b453da679cde2a","0.0138888888888889","2","1","1","quality_low"
"5235","px_f7b453da679cde2a","0.0138888888888889","1","1","3","quality_low"
"5236","px_f7b453da679cde2a","0.0138888888888889","1","2","3","quality_high"
"5237","px_f7b453da679cde2a","0.0138888888888889","2","1","3","quality_low"
"5238","px_f7b453da679cde2a","0.0138888888888889","1","2","3","quality_low"
"5239","px_f7b453da679cde2a","0.0138888888888889","2","2","3","quality_high"
"5240","px_f7b453da679cde2a","0.0138888888888889","2","2","3","quality_high"
"5241","px_f7b453da679cde2a","0.0138888888888889","2","2","2","quality_low"
"5242","px_f7b453da679cde2a","0.0138888888888889","2","2","1","quality_low"
"5243","px_f7b453da679cde2a","0.0138888888888889","2","2","1","quality_low"
"5244","px_f7b453da679cde2a","0.0138888888888889","2","1","2","quality_high"
"5245","px_f7b453da679cde2a","0.0138888888888889","1","1","1","quality_low"
"5246","px_f7b453da679cde2a","0.0138888888888889","1","1","1","quality_low"
"5247","px_f7b453da679cde2a","0.0138888888888889","1","1","1","quality_low"
"5248","px_f7b453da679cde2a","0.0138888888888889","1","1","1","quality_low"
"5249","px_f7b453da679cde2a","0.0138888888888889","1","1","1","quality_low"
"5250","px_f7b453da679cde2a","0.0138888888888889","1","1","2","quality_low"
"5251","px_f7b453da679cde2a","0.0138888888888889","1","1","2","quality_low"
"5252","px_f7b453da679cde2a","0.0138888888888889","1","1","1","quality_low"
"5253","px_f7b453da679cde2a","0.0138888888888889","1","1","2","quality_low"
"5254","px_f7b453da679cde2a","0.0138888888888889","1","1","1","quality_low"
"5255","px_f7b453da679cde2a","0.0138888888888889","1","1","2","quality_low"
"5256","px_f7b453da679cde2a","0.0138888888888889","1","1","1","quality_low"
"5257","px_f7b453da679cde2a","0.0138888888888889","1","1","1","quality_low"
"5258","px_f7b453da679cde2a","0.0138888888888889","1","1","1","quality_low"
"5259","px_f7b453da679cde2a","0.0138888888888889","1","1","1","quality_high"
"5260","px_f7b453da679cde2a","0.0138888888888889","1","1","1","quality_low"
"5261","px_f7b453da679cde2a","0.0138888888888889","1","1","1","quality_low"
"5262","px_f7b453da679cde2a","0.0138888888888889","1","1","1","quality_high"
"5263","px_f7b453da679cde2a","0.0138888888888889","1","1","1","quality_high"
"5264","px_f7b453da679cde2a","0.0138888888888889","1","1","1","quality_low"
"5265","px_f7b453da679cde2a","0.0138888888888889","1","1","1","quality_low"
"5266","px_f7b453da679cde2a","0.0138888888888889","1","1","1","quality_low"
"5267","px_f7b453da679cde2a","0.0138888888888889","1","1","1","quality_low"
"5268","px_f7b453da679cde2a","0.0138888888888889","1","1","1","quality_low"
"5269","px_f7b453da679cde2a","0.0138888888888889","1","1","1","quality_low"
"5270","px_f7b453da679cde2a","0.0138888888888889","1","1","1","quality_low"
"5271","px_f7b453da679cde2a","0.0138888888888889","1","1","1","quality_low"
"5272","px_f7b453da679cde2a","0.0138888888888889","1","1","1","quality_low"
"5273","px_f7b453da679cde2a","0.0138888888888889","1","1","1","quality_low"
"5274","px_f7b453da679cde2a","0.0138888888888889","1","1","1","quality_low"
"5275","px_f7b453da679cde2a","0.0138888888888889","1","1","1","quality_low"
"5276","px_f7b453da679cde2a","0.0138888888888889","1","1","1","quality_low"
"5277","px_f7b453da679cde2a","0.0138888888888889","1","1","1","quality_low"
"5278","px_f7b453da679cde2a","0.0138888888888889","1","1","1","quality_low"
"5279","px_f7b453da679cde2a","0.0138888888888889","1","1","1","quality_low"
"5280","px_f7b453da679cde2a","0.0138888888888889","1","1","1","quality_low"
"5281","px_f7b453da679cde2a","0.0138888888888889","1","1","1","quality_low"
"5282","px_f7b453da679cde2a","0.0138888888888889","1","1","1","quality_low"
"5283","px_f7b453da679cde2a","0.0138888888888889","1","1","2","quality_low"
"5284","px_f7b453da679cde2a","0.0138888888888889","1","1","1","quality_low"
"5285","px_f7b453da679cde2a","0.0138888888888889","1","1","1","quality_low"
"5286","px_f7b453da679cde2a","0.0138888888888889","1","1","1","quality_low"
"5287","px_f7b453da679cde2a","0.0138888888888889","1","1","1","quality_low"
"5288","px_f7b453da679cde2a","0.0138888888888889","1","1","1","quality_low"
"5289","px_f7b453da679cde2a","0.0138888888888889","1","1","1","quality_low"
"5290","px_f7b453da679cde2a","0.0138888888888889","1","1","1","quality_low"
"5291","px_f7b453da679cde2a","0.0138888888888889","1","1","1","quality_low"
"5292","px_f7b453da679cde2a","0.0138888888888889","1","1","1","quality_low"
"5293","px_f7b453da679cde2a","0.0138888888888889","1","1","1","quality_low"
"5294","px_f7b453da679cde2a","0.0138888888888889","1","1","1","quality_low"
"5295","px_f7b453da679cde2a","0.0138888888888889","1","1","1","quality_low"
"5296","px_f7b453da679cde2a","0.0138888888888889","1","1","1","quality_low"
"5297","px_f7b453da679cde2a","0.0138888888888889","1","1","1","quality_low"
"5298","px_f7b453da679cde2a","0.0138888888888889","1","1","1","quality_low"
"5299","px_f7b453da679cde2a","0.0138888888888889","1","1","1","quality_low"
"5300","px_f7b453da679cde2a","0.0138888888888889","1","1","1","quality_low"
"5301","px_f7b453da679cde2a","0.0138888888888889","1","1","1","quality_low"
"5302","px_f7b453da679cde2a","0.0138888888888889","1","1","1","quality_low"
"5303","px_f7b453da679cde2a","0.0138888888888889","1","1","2","quality_low"
"5304","px_f7b453da679cde2a","0.0138888888888889","1","1","1","quality_low"
"5305","px_0181aca5184bc2f8","0.0588235294117647","2","3","1","quality_low"
"5306","px_0181aca5184bc2f8","0.0588235294117647","3","2","1","quality_low"
"5307","px_0181aca5184bc2f8","0.0588235294117647","2","1","1","quality_low"
"5308","px_0181aca5184bc2f8","0.0588235294117647","1","2","1","quality_low"
"5309","px_0181aca5184bc2f8","0.0588235294117647","2","2","1","quality_low"
"5310","px_0181aca5184bc2f8","0.0588235294117647","2","2","1","quality_low"
"5311","px_0181aca5184bc2f8","0.0588235294117647","2","2","1","quality_low"
"5312","px_0181aca5184bc2f8","0.0588235294117647","2","2","1","quality_low"
"5313","px_0181aca5184bc2f8","0.0588235294117647","2","1","1","quality_low"
"5314","px_0181aca5184bc2f8","0.0588235294117647","1","2","1","quality_low"
"5315","px_0181aca5184bc2f8","0.0588235294117647","2","2","1","quality_low"
"5316","px_0181aca5184bc2f8","0.0588235294117647","2","2","1","quality_low"
"5317","px_0181aca5184bc2f8","0.0588235294117647","2","1","1","quality_low"
"5318","px_0181aca5184bc2f8","0.0588235294117647","1","2","1","quality_low"
"5319","px_0181aca5184bc2f8","0.0588235294117647","2","2","1","quality_low"
"5320","px_0181aca5184bc2f8","0.0588235294117647","2","1","1","quality_low"
"5321","px_0181aca5184bc2f8","0.0588235294117647","1","2","1","quality_low"
"5322","px_82f4c44929cbd724","0.0078125","3","3","2","quality_low"
"5323","px_82f4c44929cbd724","0.0078125","3","2","1","quality_high"
"5324","px_82f4c44929cbd724","0.0078125","2","3","2","quality_low"
"5325","px_82f4c44929cbd724","0.0078125","3","3","1","quality_low"
"5326","px_82f4c44929cbd724","0.0078125","3","2","1","quality_low"
"5327","px_82f4c44929cbd724","0.0078125","2","2","1","quality_low"
"5328","px_82f4c44929cbd724","0.0078125","2","2","2","quality_high"
"5329","px_82f4c44929cbd724","0.0078125","2","2","1","quality_high"
"5330","px_82f4c44929cbd724","0.0078125","2","2","2","quality_high"
"5331","px_82f4c44929cbd724","0.0078125","2","2","3","quality_high"
"5332","px_82f4c44929cbd724","0.0078125","2","2","2","quality_high"
"5333","px_82f4c44929cbd724","0.0078125","2","2","2","quality_high"
"5334","px_82f4c44929cbd724","0.0078125","2","2","2","quality_high"
"5335","px_82f4c44929cbd724","0.0078125","2","2","2","quality_high"
"5336","px_82f4c44929cbd724","0.0078125","2","2","3","quality_high"
"5337","px_82f4c44929cbd724","0.0078125","2","2","2","quality_high"
"5338","px_82f4c44929cbd724","0.0078125","2","2","1","quality_high"
"5339","px_82f4c44929cbd724","0.0078125","3","2","2","quality_low"
"5340","px_82f4c44929cbd724","0.0078125","2","2","2","quality_high"
"5341","px_82f4c44929cbd724","0.0078125","2","2","3","quality_low"
"5342","px_82f4c44929cbd724","0.0078125","2","2","2","quality_low"
"5343","px_82f4c44929cbd724","0.0078125","2","2","2","quality_low"
"5344","px_82f4c44929cbd724","0.0078125","2","1","2","quality_low"
"5345","px_82f4c44929cbd724","0.0078125","1","2","3","quality_low"
"5346","px_82f4c44929cbd724","0.0078125","2","2","3","quality_low"
"5347","px_82f4c44929cbd724","0.0078125","2","2","3","quality_low"
"5348","px_82f4c44929cbd724","0.0078125","2","2","2","quality_high"
"5349","px_82f4c44929cbd724","0.0078125","2","2","2","quality_low"
"5350","px_82f4c44929cbd724","0.0078125","2","2","3","quality_low"
"5351","px_82f4c44929cbd724","0.0078125","2","2","2","quality_high"
"5352","px_82f4c44929cbd724","0.0078125","2","2","2","quality_high"
"5353","px_82f4c44929cbd724","0.0078125","2","2","2","quality_high"
"5354","px_82f4c44929cbd724","0.0078125","2","2","2","quality_high"
"5355","px_82f4c44929cbd724","0.0078125","2","1","3","quality_high"
"5356","px_82f4c44929cbd724","0.0078125","1","2","3","quality_low"
"5357","px_82f4c44929cbd724","0.0078125","2","2","2","quality_high"
"5358","px_82f4c44929cbd724","0.0078125","2","2","3","quality_high"
"5359","px_82f4c44929cbd724","0.0078125","2","2","3","quality_high"
"5360","px_82f4c44929cbd724","0.0078125","2","2","1","quality_low"
"5361","px_82f4c44929cbd724","0.0078125","2","2","2","quality_low"
"5362","px_82f4c44929cbd724","0.0078125","2","2","2","quality_high"
"5363","px_82f4c44929cbd724","0.0078125","2","2","2","quality_high"
"5364","px_82f4c44929cbd724","0.0078125","2","2","2","quality_high"
"5365","px_82f4c44929cbd724","0.0078125","2","2","1","quality_low"
"5366","px_82f4c44929cbd724","0.0078125","2","2","1","quality_low"
"5367","px_82f4c44929cbd724","0.0078125","2","2","1","quality_low"
"5368","px_82f4c44929cbd724","0.0078125","2","2","1","quality_low"
"5369","px_82f4c44929cbd724","0.0078125","2","2","1","quality_high"
"5370","px_82f4c44929cbd724","0.0078125","2","2","2","quality_high"
"5371","px_82f4c44929cbd724","0.0078125","2","2","2","quality_low"
"5372","px_82f4c44929cbd724","0.0078125","2","2","2","quality_low"
"5373","px_82f4c44929cbd724","0.0078125","2","2","2","quality_high"
"5374","px_82f4c44929cbd724","0.0078125","2","2","3","quality_high"
"5375","px_82f4c44929cbd724","0.0078125","2","2","3","quality_high"
"5376","px_82f4c44929cbd724","0.0078125","2","2","1","quality_high"
"5377","px_82f4c44929cbd724","0.0078125","2","2","2","quality_high"
"5378","px_82f4c44929cbd724","0.0078125","2","2","2","quality_high"
"5379","px_82f4c44929cbd724","0.0078125","2","2","2","quality_high"
"5380","px_82f4c44929cbd724","0.0078125","2","2","3","quality_high"
"5381","px_82f4c44929cbd724","0.0078125","2","2","2","quality_high"
"5382","px_82f4c44929cbd724","0.0078125","2","2","2","quality_low"
"5383","px_82f4c44929cbd724","0.0078125","2","2","3","quality_low"
"5384","px_82f4c44929cbd724","0.0078125","2","1","3","quality_high"
"5385","px_82f4c44929cbd724","0.0078125","1","1","3","quality_high"
"5386","px_82f4c44929cbd724","0.0078125","1","1","3","quality_low"
"5387","px_82f4c44929cbd724","0.0078125","1","1","2","quality_low"
"5388","px_82f4c44929cbd724","0.0078125","1","2","2","quality_high"
"5389","px_82f4c44929cbd724","0.0078125","2","2","3","quality_high"
"5390","px_82f4c44929cbd724","0.0078125","2","2","2","quality_high"
"5391","px_82f4c44929cbd724","0.0078125","2","2","1","quality_low"
"5392","px_82f4c44929cbd724","0.0078125","2","2","3","quality_high"
"5393","px_82f4c44929cbd724","0.0078125","2","1","3","quality_high"
"5394","px_82f4c44929cbd724","0.0078125","1","2","2","quality_high"
"5395","px_82f4c44929cbd724","0.0078125","2","2","3","quality_high"
"5396","px_82f4c44929cbd724","0.0078125","2","2","1","quality_low"
"5397","px_82f4c44929cbd724","0.0078125","2","2","2","quality_high"
"5398","px_82f4c44929cbd724","0.0078125","2","2","2","quality_high"
"5399","px_82f4c44929cbd724","0.0078125","2","1","3","quality_high"
"5400","px_82f4c44929cbd724","0.0078125","1","2","3","quality_high"
"5401","px_82f4c44929cbd724","0.0078125","2","2","2","quality_high"
"5402","px_82f4c44929cbd724","0.0078125","2","2","2","quality_high"
"5403","px_82f4c44929cbd724","0.0078125","2","2","3","quality_high"
"5404","px_82f4c44929cbd724","0.0078125","2","2","1","quality_high"
"5405","px_82f4c44929cbd724","0.0078125","2","2","2","quality_high"
"5406","px_82f4c44929cbd724","0.0078125","2","2","3","quality_high"
"5407","px_82f4c44929cbd724","0.0078125","2","2","3","quality_high"
"5408","px_82f4c44929cbd724","0.0078125","2","2","2","quality_high"
"5409","px_82f4c44929cbd724","0.0078125","2","2","2","quality_low"
"5410","px_82f4c44929cbd724","0.0078125","2","2","2","quality_low"
"5411","px_82f4c44929cbd724","0.0078125","2","2","1","quality_high"
"5412","px_82f4c44929cbd724","0.0078125","2","2","1","quality_high"
"5413","px_82f4c44929cbd724","0.0078125","2","2","2","quality_high"
"5414","px_82f4c44929cbd724","0.0078125","2","2","3","quality_low"
"5415","px_82f4c44929cbd724","0.0078125","2","2","3","quality_low"
"5416","px_82f4c44929cbd724","0.0078125","2","2","2","quality_high"
"5417","px_82f4c44929cbd724","0.0078125","2","2","3","quality_high"
"5418","px_82f4c44929cbd724","0.0078125","2","2","3","quality_high"
"5419","px_82f4c44929cbd724","0.0078125","2","2","2","quality_high"
"5420","px_82f4c44929cbd724","0.0078125","2","2","3","quality_high"
"5421","px_82f4c44929cbd724","0.0078125","2","2","3","quality_low"
"5422","px_82f4c44929cbd724","0.0078125","2","2","1","quality_low"
"5423","px_82f4c44929cbd724","0.0078125","2","2","2","quality_high"
"5424","px_82f4c44929cbd724","0.0078125","2","3","3","quality_high"
"5425","px_82f4c44929cbd724","0.0078125","3","3","2","quality_high"
"5426","px_82f4c44929cbd724","0.0078125","3","2","3","quality_high"
"5427","px_82f4c44929cbd724","0.0078125","2","2","3","quality_high"
"5428","px_82f4c44929cbd724","0.0078125","2","2","1","quality_high"
"5429","px_82f4c44929cbd724","0.0078125","2","2","2","quality_high"
"5430","px_82f4c44929cbd724","0.0078125","2","2","3","quality_high"
"5431","px_82f4c44929cbd724","0.0078125","2","2","2","quality_low"
"5432","px_82f4c44929cbd724","0.0078125","2","2","3","quality_low"
"5433","px_82f4c44929cbd724","0.0078125","2","2","3","quality_low"
"5434","px_82f4c44929cbd724","0.0078125","2","2","2","quality_low"
"5435","px_82f4c44929cbd724","0.0078125","2","2","3","quality_high"
"5436","px_82f4c44929cbd724","0.0078125","2","2","2","quality_high"
"5437","px_82f4c44929cbd724","0.0078125","2","2","2","quality_high"
"5438","px_82f4c44929cbd724","0.0078125","2","2","2","quality_high"
"5439","px_82f4c44929cbd724","0.0078125","2","2","2","quality_high"
"5440","px_82f4c44929cbd724","0.0078125","2","2","3","quality_high"
"5441","px_82f4c44929cbd724","0.0078125","2","2","3","quality_high"
"5442","px_82f4c44929cbd724","0.0078125","2","2","3","quality_high"
"5443","px_82f4c44929cbd724","0.0078125","2","2","2","quality_low"
"5444","px_82f4c44929cbd724","0.0078125","2","2","2","quality_high"
"5445","px_82f4c44929cbd724","0.0078125","2","2","2","quality_high"
"5446","px_82f4c44929cbd724","0.0078125","2","1","3","quality_high"
"5447","px_82f4c44929cbd724","0.0078125","1","2","3","quality_high"
"5448","px_82f4c44929cbd724","0.0078125","2","2","3","quality_low"
"5449","px_82f4c44929cbd724","0.0078125","2","1","2","quality_high"
"5450","px_1f06019e71f72a65","0.0476190476190476","2","2","3","quality_low"
"5451","px_1f06019e71f72a65","0.0476190476190476","2","2","3","quality_high"
"5452","px_1f06019e71f72a65","0.0476190476190476","2","2","3","quality_high"
"5453","px_1f06019e71f72a65","0.0476190476190476","2","2","3","quality_high"
"5454","px_1f06019e71f72a65","0.0476190476190476","2","2","3","quality_high"
"5455","px_1f06019e71f72a65","0.0476190476190476","2","2","3","quality_high"
"5456","px_1f06019e71f72a65","0.0476190476190476","2","2","3","quality_high"
"5457","px_1f06019e71f72a65","0.0476190476190476","2","2","2","quality_high"
"5458","px_1f06019e71f72a65","0.0476190476190476","2","1","3","quality_high"
"5459","px_1f06019e71f72a65","0.0476190476190476","1","2","2","quality_high"
"5460","px_1f06019e71f72a65","0.0476190476190476","2","2","2","quality_high"
"5461","px_1f06019e71f72a65","0.0476190476190476","2","2","2","quality_high"
"5462","px_1f06019e71f72a65","0.0476190476190476","2","2","3","quality_high"
"5463","px_1f06019e71f72a65","0.0476190476190476","2","2","3","quality_high"
"5464","px_1f06019e71f72a65","0.0476190476190476","2","2","3","quality_high"
"5465","px_1f06019e71f72a65","0.0476190476190476","2","2","3","quality_low"
"5466","px_1f06019e71f72a65","0.0476190476190476","1","1","3","quality_low"
"5467","px_1f06019e71f72a65","0.0476190476190476","1","1","3","quality_low"
"5468","px_1f06019e71f72a65","0.0476190476190476","1","1","3","quality_high"
"5469","px_1f06019e71f72a65","0.0476190476190476","1","1","3","quality_high"
"5470","px_1f06019e71f72a65","0.0476190476190476","1","1","3","quality_high"
"5471","px_dfcc1f10f6ae61fa","0.0072992700729927","1","1","3","quality_low"
"5472","px_dfcc1f10f6ae61fa","0.0072992700729927","1","1","1","quality_low"
"5473","px_dfcc1f10f6ae61fa","0.0072992700729927","1","1","2","quality_low"
"5474","px_dfcc1f10f6ae61fa","0.0072992700729927","1","1","3","quality_low"
"5475","px_dfcc1f10f6ae61fa","0.0072992700729927","1","1","2","quality_low"
"5476","px_dfcc1f10f6ae61fa","0.0072992700729927","1","1","3","quality_high"
"5477","px_dfcc1f10f6ae61fa","0.0072992700729927","1","1","3","quality_low"
"5478","px_dfcc1f10f6ae61fa","0.0072992700729927","1","1","3","quality_low"
"5479","px_dfcc1f10f6ae61fa","0.0072992700729927","1","1","3","quality_low"
"5480","px_dfcc1f10f6ae61fa","0.0072992700729927","1","1","3","quality_high"
"5481","px_dfcc1f10f6ae61fa","0.0072992700729927","1","1","3","quality_high"
"5482","px_dfcc1f10f6ae61fa","0.0072992700729927","1","1","3","quality_low"
"5483","px_dfcc1f10f6ae61fa","0.0072992700729927","1","1","3","quality_high"
"5484","px_dfcc1f10f6ae61fa","0.0072992700729927","1","1","3","quality_high"
"5485","px_dfcc1f10f6ae61fa","0.0072992700729927","1","1","3","quality_high"
"5486","px_dfcc1f10f6ae61fa","0.0072992700729927","1","1","3","quality_high"
"5487","px_dfcc1f10f6ae61fa","0.0072992700729927","1","1","3","quality_high"
"5488","px_dfcc1f10f6ae61fa","0.0072992700729927","1","1","3","quality_high"
"5489","px_dfcc1f10f6ae61fa","0.0072992700729927","1","1","3","quality_high"
"5490","px_dfcc1f10f6ae61fa","0.0072992700729927","1","1","3","quality_low"
"5491","px_dfcc1f10f6ae61fa","0.0072992700729927","1","1","3","quality_low"
"5492","px_dfcc1f10f6ae61fa","0.0072992700729927","1","1","3","quality_high"
"5493","px_dfcc1f10f6ae61fa","0.0072992700729927","1","1","3","quality_low"
"5494","px_dfcc1f10f6ae61fa","0.0072992700729927","1","1","3","quality_low"
"5495","px_dfcc1f10f6ae61fa","0.0072992700729927","1","1","3","quality_high"
"5496","px_dfcc1f10f6ae61fa","0.0072992700729927","1","1","3","quality_low"
"5497","px_dfcc1f10f6ae61fa","0.0072992700729927","1","1","3","quality_low"
"5498","px_dfcc1f10f6ae61fa","0.0072992700729927","1","1","3","quality_low"
"5499","px_dfcc1f10f6ae61fa","0.0072992700729927","1","1","3","quality_high"
"5500","px_dfcc1f10f6ae61fa","0.0072992700729927","1","1","3","quality_high"
"5501","px_dfcc1f10f6ae61fa","0.0072992700729927","1","1","3","quality_high"
"5502","px_dfcc1f10f6ae61fa","0.0072992700729927","1","1","3","quality_high"
"5503","px_dfcc1f10f6ae61fa","0.0072992700729927","1","1","3","quality_high"
"5504","px_dfcc1f10f6ae61fa","0.0072992700729927","1","1","3","quality_high"
"5505","px_dfcc1f10f6ae61fa","0.0072992700729927","1","1","3","quality_high"
"5506","px_dfcc1f10f6ae61fa","0.0072992700729927","1","1","3","quality_high"
"5507","px_dfcc1f10f6ae61fa","0.0072992700729927","1","1","3","quality_low"
"5508","px_dfcc1f10f6ae61fa","0.0072992700729927","1","1","3","quality_high"
"5509","px_dfcc1f10f6ae61fa","0.0072992700729927","1","1","3","quality_high"
"5510","px_dfcc1f10f6ae61fa","0.0072992700729927","1","1","3","quality_low"
"5511","px_dfcc1f10f6ae61fa","0.0072992700729927","1","1","3","quality_high"
"5512","px_dfcc1f10f6ae61fa","0.0072992700729927","1","1","3","quality_high"
"5513","px_dfcc1f10f6ae61fa","0.0072992700729927","1","1","3","quality_high"
"5514","px_dfcc1f10f6ae61fa","0.0072992700729927","1","1","3","quality_high"
"5515","px_dfcc1f10f6ae61fa","0.0072992700729927","1","1","3","quality_high"
"5516","px_dfcc1f10f6ae61fa","0.0072992700729927","1","1","3","quality_high"
"5517","px_dfcc1f10f6ae61fa","0.0072992700729927","1","1","3","quality_high"
"5518","px_dfcc1f10f6ae61fa","0.0072992700729927","1","1","3","quality_high"
"5519","px_dfcc1f10f6ae61fa","0.0072992700729927","1","1","3","quality_high"
"5520","px_dfcc1f10f6ae61fa","0.0072992700729927","1","1","3","quality_high"
"5521","px_dfcc1f10f6ae61fa","0.0072992700729927","1","1","3","quality_high"
"5522","px_dfcc1f10f6ae61fa","0.0072992700729927","1","1","3","quality_high"
"5523","px_dfcc1f10f6ae61fa","0.0072992700729927","1","1","3","quality_high"
"5524","px_dfcc1f10f6ae61fa","0.0072992700729927","1","1","3","quality_high"
"5525","px_dfcc1f10f6ae61fa","0.0072992700729927","1","2","3","quality_high"
"5526","px_dfcc1f10f6ae61fa","0.0072992700729927","2","1","3","quality_high"
"5527","px_dfcc1f10f6ae61fa","0.0072992700729927","1","1","3","quality_high"
"5528","px_dfcc1f10f6ae61fa","0.0072992700729927","1","1","3","quality_high"
"5529","px_dfcc1f10f6ae61fa","0.0072992700729927","1","1","3","quality_low"
"5530","px_dfcc1f10f6ae61fa","0.0072992700729927","1","1","3","quality_low"
"5531","px_dfcc1f10f6ae61fa","0.0072992700729927","1","1","3","quality_low"
"5532","px_dfcc1f10f6ae61fa","0.0072992700729927","1","1","3","quality_high"
"5533","px_dfcc1f10f6ae61fa","0.0072992700729927","1","1","3","quality_high"
"5534","px_dfcc1f10f6ae61fa","0.0072992700729927","1","1","3","quality_high"
"5535","px_dfcc1f10f6ae61fa","0.0072992700729927","1","1","3","quality_high"
"5536","px_dfcc1f10f6ae61fa","0.0072992700729927","1","1","3","quality_high"
"5537","px_dfcc1f10f6ae61fa","0.0072992700729927","1","1","3","quality_high"
"5538","px_dfcc1f10f6ae61fa","0.0072992700729927","1","1","3","quality_high"
"5539","px_dfcc1f10f6ae61fa","0.0072992700729927","1","1","3","quality_high"
"5540","px_dfcc1f10f6ae61fa","0.0072992700729927","1","1","3","quality_high"
"5541","px_dfcc1f10f6ae61fa","0.0072992700729927","1","1","3","quality_high"
"5542","px_dfcc1f10f6ae61fa","0.0072992700729927","1","1","3","quality_high"
"5543","px_dfcc1f10f6ae61fa","0.0072992700729927","1","1","3","quality_high"
"5544","px_dfcc1f10f6ae61fa","0.0072992700729927","1","1","3","quality_high"
"5545","px_dfcc1f10f6ae61fa","0.0072992700729927","1","1","3","quality_high"
"5546","px_dfcc1f10f6ae61fa","0.0072992700729927","1","1","3","quality_low"
"5547","px_dfcc1f10f6ae61fa","0.0072992700729927","1","1","3","quality_high"
"5548","px_dfcc1f10f6ae61fa","0.0072992700729927","1","1","3","quality_high"
"5549","px_dfcc1f10f6ae61fa","0.0072992700729927","1","1","3","quality_high"
"5550","px_dfcc1f10f6ae61fa","0.0072992700729927","1","1","3","quality_low"
"5551","px_dfcc1f10f6ae61fa","0.0072992700729927","1","1","3","quality_low"
"5552","px_dfcc1f10f6ae61fa","0.0072992700729927","1","1","3","quality_low"
"5553","px_dfcc1f10f6ae61fa","0.0072992700729927","1","1","3","quality_high"
"5554","px_dfcc1f10f6ae61fa","0.0072992700729927","1","1","3","quality_high"
"5555","px_dfcc1f10f6ae61fa","0.0072992700729927","1","1","3","quality_high"
"5556","px_dfcc1f10f6ae61fa","0.0072992700729927","1","1","3","quality_high"
"5557","px_dfcc1f10f6ae61fa","0.0072992700729927","1","1","3","quality_high"
"5558","px_dfcc1f10f6ae61fa","0.0072992700729927","1","1","3","quality_high"
"5559","px_dfcc1f10f6ae61fa","0.0072992700729927","1","1","3","quality_low"
"5560","px_dfcc1f10f6ae61fa","0.0072992700729927","1","1","3","quality_low"
"5561","px_dfcc1f10f6ae61fa","0.0072992700729927","1","1","3","quality_high"
"5562","px_dfcc1f10f6ae61fa","0.0072992700729927","1","1","3","quality_high"
"5563","px_dfcc1f10f6ae61fa","0.0072992700729927","1","1","3","quality_high"
"5564","px_dfcc1f10f6ae61fa","0.0072992700729927","1","1","3","quality_high"
"5565","px_dfcc1f10f6ae61fa","0.0072992700729927","1","1","3","quality_high"
"5566","px_dfcc1f10f6ae61fa","0.0072992700729927","1","1","3","quality_high"
"5567","px_dfcc1f10f6ae61fa","0.0072992700729927","1","1","3","quality_high"
"5568","px_dfcc1f10f6ae61fa","0.0072992700729927","1","1","3","quality_high"
"5569","px_dfcc1f10f6ae61fa","0.0072992700729927","1","1","3","quality_low"
"5570","px_dfcc1f10f6ae61fa","0.0072992700729927","1","1","3","quality_high"
"5571","px_dfcc1f10f6ae61fa","0.0072992700729927","1","1","3","quality_high"
"5572","px_dfcc1f10f6ae61fa","0.0072992700729927","1","1","3","quality_high"
"5573","px_dfcc1f10f6ae61fa","0.0072992700729927","1","1","3","quality_high"
"5574","px_dfcc1f10f6ae61fa","0.0072992700729927","1","1","3","quality_high"
"5575","px_dfcc1f10f6ae61fa","0.0072992700729927","1","1","3","quality_low"
"5576","px_dfcc1f10f6ae61fa","0.0072992700729927","1","1","3","quality_high"
"5577","px_dfcc1f10f6ae61fa","0.0072992700729927","1","1","3","quality_high"
"5578","px_dfcc1f10f6ae61fa","0.0072992700729927","1","1","3","quality_high"
"5579","px_dfcc1f10f6ae61fa","0.0072992700729927","1","1","3","quality_high"
"5580","px_dfcc1f10f6ae61fa","0.0072992700729927","1","1","3","quality_high"
"5581","px_dfcc1f10f6ae61fa","0.0072992700729927","1","1","3","quality_high"
"5582","px_dfcc1f10f6ae61fa","0.0072992700729927","1","1","3","quality_low"
"5583","px_dfcc1f10f6ae61fa","0.0072992700729927","1","1","3","quality_high"
"5584","px_dfcc1f10f6ae61fa","0.0072992700729927","1","1","3","quality_high"
"5585","px_dfcc1f10f6ae61fa","0.0072992700729927","1","1","3","quality_high"
"5586","px_dfcc1f10f6ae61fa","0.0072992700729927","1","1","3","quality_low"
"5587","px_dfcc1f10f6ae61fa","0.0072992700729927","1","1","3","quality_low"
"5588","px_dfcc1f10f6ae61fa","0.0072992700729927","1","1","3","quality_high"
"5589","px_dfcc1f10f6ae61fa","0.0072992700729927","1","1","3","quality_low"
"5590","px_dfcc1f10f6ae61fa","0.0072992700729927","1","1","3","quality_high"
"5591","px_dfcc1f10f6ae61fa","0.0072992700729927","1","1","3","quality_high"
"5592","px_dfcc1f10f6ae61fa","0.0072992700729927","1","1","3","quality_high"
"5593","px_dfcc1f10f6ae61fa","0.0072992700729927","1","1","3","quality_high"
"5594","px_dfcc1f10f6ae61fa","0.0072992700729927","1","1","3","quality_high"
"5595","px_dfcc1f10f6ae61fa","0.0072992700729927","1","1","3","quality_low"
"5596","px_dfcc1f10f6ae61fa","0.0072992700729927","1","1","3","quality_high"
"5597","px_dfcc1f10f6ae61fa","0.0072992700729927","1","1","3","quality_high"
"5598","px_dfcc1f10f6ae61fa","0.0072992700729927","1","1","3","quality_high"
"5599","px_dfcc1f10f6ae61fa","0.0072992700729927","1","1","3","quality_low"
"5600","px_dfcc1f10f6ae61fa","0.0072992700729927","1","1","3","quality_high"
"5601","px_dfcc1f10f6ae61fa","0.0072992700729927","1","1","3","quality_high"
"5602","px_dfcc1f10f6ae61fa","0.0072992700729927","1","2","3","quality_high"
"5603","px_dfcc1f10f6ae61fa","0.0072992700729927","2","1","3","quality_high"
"5604","px_dfcc1f10f6ae61fa","0.0072992700729927","1","1","3","quality_high"
"5605","px_dfcc1f10f6ae61fa","0.0072992700729927","1","1","3","quality_high"
"5606","px_dfcc1f10f6ae61fa","0.0072992700729927","1","1","3","quality_high"
"5607","px_dfcc1f10f6ae61fa","0.0072992700729927","1","1","3","quality_high"
