dialogue_id,source_key,target_key,y_sentiment,y_sentiment_name,t_cluster,audio_cluster,visual_cluster,fused_cluster,c_stratum,source_major,next_same_speaker
0,0_0,0_1,0,negative,0,3,3,1,major=0|same=0,0,0
0,0_1,0_2,1,neutral,0,2,2,2,major=1|same=1,1,1
1,1_0,1_1,2,positive,1,2,1,2,major=1|same=1,1,1
1,1_1,1_2,2,positive,0,3,1,2,major=1|same=1,1,1
1,1_2,1_3,2,positive,0,1,1,3,major=1|same=1,1,1
1,1_3,1_4,2,positive,0,1,1,3,major=1|same=1,1,1
1,1_4,1_5,2,positive,0,0,3,3,major=1|same=1,1,1
1,1_5,1_6,2,positive,0,2,3,3,major=1|same=1,1,1
1,1_6,1_7,2,positive,0,2,1,2,major=1|same=1,1,1
2,2_0,2_1,1,neutral,2,0,1,2,major=1|same=0,1,0
2,2_1,2_2,0,negative,0,2,1,3,major=1|same=0,1,0
2,2_2,2_3,0,negative,0,0,0,2,major=1|same=1,1,1
2,2_3,2_4,0,negative,0,2,1,2,major=1|same=0,1,0
2,2_4,2_5,0,negative,0,2,0,2,major=1|same=0,1,0
2,2_5,2_6,0,negative,1,0,0,2,major=1|same=1,1,1
2,2_6,2_7,2,positive,0,0,0,2,major=1|same=1,1,1
2,2_7,2_8,2,positive,1,0,1,2,major=1|same=1,1,1
2,2_8,2_9,1,neutral,1,0,1,2,major=1|same=1,1,1
2,2_9,2_10,1,neutral,2,2,1,2,major=1|same=1,1,1
3,3_0,3_1,0,negative,1,3,2,2,major=0|same=0,0,0
3,3_1,3_2,1,neutral,1,1,3,2,major=1|same=0,1,0
3,3_2,3_3,1,neutral,0,1,2,2,major=0|same=0,0,0
3,3_3,3_4,0,negative,0,3,3,1,major=1|same=0,1,0
3,3_4,3_5,0,negative,0,2,2,1,major=0|same=0,0,0
3,3_5,3_6,1,neutral,0,0,3,1,major=1|same=0,1,0
4,4_0,4_1,1,neutral,0,2,1,0,major=1|same=0,1,0
4,4_1,4_2,2,positive,0,3,1,2,major=1|same=0,1,0
4,4_2,4_3,2,positive,1,3,3,3,major=1|same=0,1,0
4,4_3,4_4,1,neutral,0,0,3,1,major=1|same=0,1,0
4,4_4,4_5,0,negative,0,0,3,1,major=1|same=0,1,0
4,4_5,4_6,0,negative,0,0,3,1,major=1|same=0,1,0
4,4_6,4_7,0,negative,0,0,3,3,major=1|same=0,1,0
4,4_7,4_8,1,neutral,0,0,2,3,major=1|same=1,1,1
5,5_0,5_1,1,neutral,0,1,3,3,major=1|same=1,1,1
5,5_1,5_2,1,neutral,0,0,1,3,major=1|same=0,1,0
5,5_2,5_3,1,neutral,0,2,1,3,major=0|same=0,0,0
5,5_3,5_4,1,neutral,0,2,3,3,major=1|same=0,1,0
5,5_4,5_5,1,neutral,0,2,3,3,major=0|same=0,0,0
5,5_5,5_6,1,neutral,0,3,3,2,major=1|same=0,1,0
5,5_6,5_7,1,neutral,0,3,1,2,major=0|same=0,0,0
5,5_7,5_8,1,neutral,0,3,1,2,major=1|same=0,1,0
6,6_0,6_1,1,neutral,0,3,1,1,major=1|same=0,1,0
6,6_1,6_2,0,negative,1,3,0,1,major=1|same=0,1,0
7,7_0,7_1,1,neutral,0,3,3,1,major=1|same=0,1,0
7,7_1,7_2,1,neutral,0,2,3,3,major=1|same=0,1,0
7,7_2,7_3,1,neutral,1,0,3,2,major=1|same=0,1,0
7,7_3,7_4,0,negative,1,3,2,1,major=1|same=0,1,0
7,7_4,7_5,1,neutral,0,1,0,2,major=1|same=0,1,0
7,7_5,7_6,0,negative,0,3,0,1,major=1|same=0,1,0
7,7_6,7_7,1,neutral,0,0,3,1,major=1|same=0,1,0
7,7_7,7_8,1,neutral,0,0,0,1,major=1|same=0,1,0
8,8_0,8_1,2,positive,0,1,1,1,major=0|same=0,0,0
8,8_1,8_2,1,neutral,0,3,1,1,major=1|same=0,1,0
8,8_2,8_3,0,negative,1,2,1,1,major=0|same=0,0,0
8,8_3,8_4,1,neutral,0,3,1,1,major=1|same=0,1,0
8,8_4,8_5,1,neutral,0,1,1,0,major=1|same=1,1,1
8,8_5,8_6,2,positive,0,3,1,1,major=1|same=0,1,0
9,9_0,9_1,1,neutral,0,0,2,3,major=1|same=0,1,0
9,9_1,9_2,0,negative,1,1,1,0,major=1|same=0,1,0
9,9_2,9_3,0,negative,0,3,2,3,major=0|same=0,0,0
9,9_3,9_4,0,negative,0,2,1,0,major=1|same=0,1,0
9,9_4,9_5,1,neutral,0,2,1,0,major=1|same=0,1,0
9,9_5,9_6,2,positive,0,0,2,1,major=1|same=0,1,0
9,9_6,9_7,0,negative,0,0,3,1,major=0|same=0,0,0
9,9_7,9_8,0,negative,0,0,3,1,major=1|same=0,1,0
9,9_8,9_9,0,negative,1,3,3,3,major=1|same=0,1,0
9,9_9,9_10,1,neutral,1,3,3,3,major=1|same=0,1,0
9,9_10,9_11,0,negative,0,3,3,3,major=1|same=0,1,0
9,9_11,9_12,1,neutral,0,3,3,3,major=1|same=0,1,0
9,9_12,9_13,0,negative,0,0,1,0,major=1|same=0,1,0
9,9_13,9_14,1,neutral,0,3,3,3,major=1|same=0,1,0
9,9_14,9_15,2,positive,0,3,3,3,major=0|same=0,0,0
9,9_15,9_16,1,neutral,0,2,1,1,major=1|same=0,1,0
9,9_16,9_17,1,neutral,0,3,3,3,major=1|same=0,1,0
10,10_0,10_1,1,neutral,0,2,3,1,major=1|same=1,1,1
10,10_1,10_2,1,neutral,0,1,3,1,major=1|same=1,1,1
10,10_2,10_3,1,neutral,0,3,3,1,major=1|same=0,1,0
11,11_0,11_1,0,negative,0,3,2,2,major=1|same=1,1,1
11,11_1,11_2,1,neutral,1,0,1,2,major=1|same=1,1,1
11,11_2,11_3,1,neutral,0,3,0,3,major=1|same=0,1,0
11,11_3,11_4,1,neutral,0,3,0,3,major=1|same=0,1,0
12,12_0,12_1,1,neutral,0,1,3,1,major=1|same=0,1,0
12,12_1,12_2,0,negative,0,3,3,1,major=1|same=0,1,0
12,12_2,12_3,0,negative,0,1,3,1,major=1|same=1,1,1
12,12_3,12_4,0,negative,0,0,2,1,major=1|same=0,1,0
12,12_4,12_5,0,negative,0,3,2,1,major=1|same=0,1,0
12,12_5,12_6,0,negative,2,1,1,0,major=1|same=1,1,1
12,12_6,12_7,0,negative,0,2,2,1,major=1|same=1,1,1
12,12_7,12_8,2,positive,0,0,2,1,major=1|same=1,1,1
12,12_8,12_9,1,neutral,0,2,2,1,major=1|same=1,1,1
12,12_9,12_10,1,neutral,0,1,2,1,major=1|same=0,1,0
12,12_10,12_11,2,positive,0,3,2,0,major=1|same=0,1,0
12,12_11,12_12,2,positive,0,3,2,1,major=1|same=0,1,0
12,12_12,12_13,1,neutral,0,3,2,1,major=1|same=0,1,0
12,12_13,12_14,1,neutral,1,0,2,1,major=1|same=0,1,0
12,12_14,12_15,1,neutral,0,0,2,0,major=1|same=0,1,0
12,12_15,12_16,1,neutral,0,1,2,0,major=1|same=0,1,0
12,12_16,12_17,1,neutral,0,1,2,2,major=1|same=0,1,0
12,12_17,12_18,1,neutral,0,0,2,1,major=1|same=0,1,0
12,12_18,12_19,2,positive,0,2,2,2,major=1|same=0,1,0
13,13_0,13_1,1,neutral,0,2,3,3,major=0|same=0,0,0
13,13_1,13_2,1,neutral,0,2,2,1,major=1|same=0,1,0
13,13_2,13_3,2,positive,0,3,2,1,major=0|same=0,0,0
13,13_3,13_4,1,neutral,0,3,3,1,major=1|same=0,1,0
13,13_4,13_5,0,negative,1,1,3,1,major=0|same=1,0,1
13,13_5,13_6,0,negative,0,2,1,0,major=0|same=1,0,1
13,13_6,13_7,0,negative,0,0,3,1,major=0|same=1,0,1
14,14_0,14_1,2,positive,0,1,0,3,major=1|same=0,1,0
14,14_1,14_2,2,positive,0,1,0,3,major=1|same=1,1,1
14,14_2,14_3,2,positive,0,1,0,3,major=1|same=1,1,1
14,14_3,14_4,1,neutral,0,1,0,3,major=1|same=1,1,1
14,14_4,14_5,1,neutral,0,1,0,3,major=1|same=1,1,1
14,14_5,14_6,2,positive,0,2,3,3,major=1|same=0,1,0
14,14_6,14_7,2,positive,3,2,0,3,major=1|same=0,1,0
14,14_7,14_8,1,neutral,3,2,0,2,major=1|same=0,1,0
14,14_8,14_9,2,positive,0,2,0,1,major=1|same=0,1,0
14,14_9,14_10,1,neutral,0,3,0,1,major=1|same=0,1,0
15,15_0,15_1,2,positive,0,3,3,1,major=1|same=0,1,0
15,15_1,15_2,2,positive,0,1,2,1,major=0|same=0,0,0
15,15_2,15_3,1,neutral,2,3,1,1,major=1|same=1,1,1
15,15_3,15_4,1,neutral,0,2,2,1,major=1|same=0,1,0
15,15_4,15_5,0,negative,0,0,2,2,major=1|same=1,1,1
16,16_0,16_1,1,neutral,0,0,2,0,major=1|same=0,1,0
16,16_1,16_2,1,neutral,1,0,3,2,major=1|same=1,1,1
16,16_2,16_3,1,neutral,1,3,3,2,major=1|same=0,1,0
16,16_3,16_4,0,negative,0,2,3,2,major=0|same=0,0,0
16,16_4,16_5,1,neutral,0,0,0,2,major=1|same=0,1,0
16,16_5,16_6,1,neutral,1,3,3,2,major=0|same=0,0,0
16,16_6,16_7,1,neutral,0,3,0,2,major=1|same=1,1,1
16,16_7,16_8,1,neutral,0,3,0,2,major=1|same=0,1,0
16,16_8,16_9,0,negative,0,3,3,2,major=0|same=0,0,0
17,17_0,17_1,1,neutral,0,1,1,0,major=1|same=0,1,0
17,17_1,17_2,1,neutral,0,0,0,0,major=1|same=0,1,0
17,17_2,17_3,0,negative,0,3,0,1,major=1|same=0,1,0
17,17_3,17_4,0,negative,1,3,3,3,major=1|same=0,1,0
17,17_4,17_5,2,positive,0,1,3,3,major=1|same=0,1,0
17,17_5,17_6,0,negative,0,3,3,3,major=0|same=0,0,0
17,17_6,17_7,0,negative,0,2,2,3,major=1|same=0,1,0
17,17_7,17_8,0,negative,0,0,2,2,major=0|same=0,0,0
17,17_8,17_9,0,negative,0,3,3,1,major=1|same=1,1,1
17,17_9,17_10,0,negative,0,3,3,1,major=1|same=1,1,1
17,17_10,17_11,0,negative,0,0,3,1,major=1|same=0,1,0
17,17_11,17_12,0,negative,1,0,3,1,major=1|same=0,1,0
17,17_12,17_13,0,negative,0,3,3,1,major=1|same=0,1,0
17,17_13,17_14,0,negative,0,3,0,2,major=1|same=0,1,0
17,17_14,17_15,1,neutral,0,3,3,1,major=1|same=1,1,1
17,17_15,17_16,0,negative,0,3,3,1,major=1|same=0,1,0
17,17_16,17_17,0,negative,0,0,2,1,major=1|same=1,1,1
17,17_17,17_18,1,neutral,0,3,1,1,major=1|same=1,1,1
17,17_18,17_19,1,neutral,0,0,2,1,major=1|same=1,1,1
17,17_19,17_20,1,neutral,0,3,3,3,major=1|same=0,1,0
17,17_20,17_21,1,neutral,0,1,2,1,major=1|same=0,1,0
17,17_21,17_22,1,neutral,0,1,3,3,major=1|same=0,1,0
17,17_22,17_23,1,neutral,0,3,1,0,major=1|same=1,1,1
17,17_23,17_24,0,negative,0,0,0,3,major=1|same=0,1,0
17,17_24,17_25,1,neutral,1,3,3,1,major=1|same=0,1,0
17,17_25,17_26,0,negative,0,0,3,3,major=1|same=0,1,0
17,17_26,17_27,0,negative,0,3,3,3,major=1|same=1,1,1
17,17_27,17_28,0,negative,0,0,3,1,major=1|same=0,1,0
17,17_28,17_29,0,negative,0,1,3,1,major=1|same=0,1,0
17,17_29,17_30,0,negative,1,3,3,1,major=1|same=0,1,0
17,17_30,17_31,0,negative,0,1,3,1,major=1|same=1,1,1
17,17_31,17_32,1,neutral,0,0,3,1,major=1|same=0,1,0
18,18_0,18_1,1,neutral,0,0,1,1,major=1|same=0,1,0
18,18_1,18_2,1,neutral,0,0,1,1,major=1|same=0,1,0
20,20_0,20_1,1,neutral,1,0,3,3,major=1|same=0,1,0
20,20_1,20_2,1,neutral,1,2,3,3,major=1|same=0,1,0
20,20_2,20_3,1,neutral,0,0,3,2,major=1|same=0,1,0
20,20_3,20_4,1,neutral,0,3,3,2,major=1|same=0,1,0
20,20_4,20_5,1,neutral,0,3,3,2,major=1|same=0,1,0
20,20_5,20_6,2,positive,0,3,2,2,major=1|same=0,1,0
20,20_6,20_7,1,neutral,0,2,3,3,major=1|same=0,1,0
21,21_0,21_1,1,neutral,0,2,0,2,major=1|same=0,1,0
21,21_1,21_2,1,neutral,1,1,3,3,major=0|same=0,0,0
21,21_2,21_3,1,neutral,0,2,3,3,major=1|same=1,1,1
21,21_3,21_4,0,negative,0,3,3,3,major=1|same=1,1,1
21,21_4,21_5,2,positive,0,0,3,2,major=1|same=0,1,0
21,21_5,21_6,2,positive,0,1,2,3,major=0|same=0,0,0
22,22_0,22_1,1,neutral,3,2,1,0,major=1|same=0,1,0
22,22_1,22_2,1,neutral,0,2,1,2,major=1|same=0,1,0
22,22_2,22_3,2,positive,0,2,1,1,major=1|same=0,1,0
22,22_3,22_4,0,negative,1,2,3,3,major=1|same=0,1,0
22,22_4,22_5,1,neutral,0,2,3,1,major=1|same=0,1,0
22,22_5,22_6,0,negative,0,2,3,1,major=1|same=0,1,0
22,22_6,22_7,0,negative,0,2,3,1,major=1|same=0,1,0
22,22_7,22_8,0,negative,0,3,1,1,major=1|same=0,1,0
22,22_8,22_9,2,positive,0,1,3,1,major=1|same=0,1,0
22,22_9,22_10,0,negative,0,1,3,1,major=1|same=1,1,1
22,22_10,22_11,1,neutral,0,2,3,1,major=1|same=0,1,0
22,22_11,22_12,2,positive,0,3,3,1,major=1|same=0,1,0
22,22_12,22_13,2,positive,0,1,3,3,major=1|same=1,1,1
22,22_13,22_14,1,neutral,0,0,3,1,major=1|same=1,1,1
22,22_14,22_15,2,positive,1,3,2,2,major=1|same=1,1,1
22,22_15,22_16,1,neutral,1,2,2,1,major=1|same=1,1,1
22,22_16,22_17,2,positive,1,2,2,1,major=1|same=0,1,0
22,22_17,22_18,2,positive,0,1,3,1,major=1|same=0,1,0
22,22_18,22_19,0,negative,0,0,3,1,major=1|same=0,1,0
22,22_19,22_20,1,neutral,0,2,3,3,major=1|same=0,1,0
22,22_20,22_21,1,neutral,0,2,2,1,major=1|same=0,1,0
23,23_0,23_1,1,neutral,0,0,3,2,major=1|same=0,1,0
23,23_1,23_2,1,neutral,0,0,2,1,major=0|same=0,0,0
24,24_0,24_1,2,positive,0,3,1,2,major=1|same=0,1,0
24,24_1,24_2,1,neutral,0,1,1,2,major=1|same=0,1,0
24,24_2,24_3,2,positive,0,2,1,1,major=1|same=0,1,0
25,25_0,25_1,1,neutral,0,0,3,1,major=1|same=0,1,0
25,25_1,25_2,0,negative,0,1,3,3,major=1|same=0,1,0
25,25_2,25_3,1,neutral,0,3,3,3,major=1|same=0,1,0
25,25_3,25_4,0,negative,0,3,3,3,major=1|same=1,1,1
25,25_4,25_5,0,negative,0,3,3,3,major=1|same=0,1,0
25,25_5,25_6,2,positive,0,1,3,1,major=1|same=0,1,0
25,25_6,25_7,1,neutral,0,3,3,3,major=1|same=0,1,0
25,25_7,25_8,0,negative,0,2,3,1,major=1|same=0,1,0
25,25_8,25_9,1,neutral,0,0,1,1,major=1|same=0,1,0
25,25_9,25_10,0,negative,0,1,3,1,major=1|same=1,1,1
25,25_10,25_11,1,neutral,0,1,3,1,major=1|same=0,1,0
25,25_11,25_12,1,neutral,1,1,3,1,major=1|same=0,1,0
25,25_12,25_13,1,neutral,1,3,3,1,major=1|same=0,1,0
25,25_13,25_14,1,neutral,0,0,3,2,major=1|same=0,1,0
25,25_14,25_15,1,neutral,1,0,3,1,major=1|same=0,1,0
25,25_15,25_16,0,negative,0,1,0,3,major=1|same=0,1,0
27,27_0,27_1,1,neutral,0,2,1,2,major=0|same=0,0,0
28,28_0,28_1,2,positive,0,0,3,2,major=0|same=0,0,0
28,28_1,28_2,1,neutral,1,2,3,2,major=1|same=0,1,0
28,28_2,28_3,0,negative,0,3,3,2,major=0|same=0,0,0
28,28_3,28_4,1,neutral,0,3,3,2,major=1|same=0,1,0
28,28_4,28_5,1,neutral,0,0,3,3,major=0|same=0,0,0
28,28_5,28_6,1,neutral,1,3,3,3,major=1|same=1,1,1
28,28_6,28_7,2,positive,1,0,3,3,major=1|same=1,1,1
28,28_7,28_8,1,neutral,0,0,3,3,major=1|same=1,1,1
28,28_8,28_9,0,negative,0,3,3,3,major=1|same=0,1,0
28,28_9,28_10,1,neutral,0,3,3,1,major=0|same=1,0,1
28,28_10,28_11,1,neutral,0,3,3,3,major=0|same=1,0,1
28,28_11,28_12,1,neutral,0,1,3,3,major=0|same=0,0,0
28,28_12,28_13,1,neutral,0,0,3,3,major=1|same=0,1,0
28,28_13,28_14,2,positive,0,3,2,1,major=0|same=0,0,0
28,28_14,28_15,0,negative,0,3,1,3,major=1|same=1,1,1
28,28_15,28_16,1,neutral,0,3,3,3,major=1|same=0,1,0
29,29_0,29_1,0,negative,0,1,3,1,major=1|same=1,1,1
29,29_1,29_2,1,neutral,0,3,3,1,major=1|same=0,1,0
29,29_2,29_3,2,positive,1,2,3,1,major=1|same=1,1,1
29,29_3,29_4,2,positive,0,2,1,1,major=1|same=0,1,0
29,29_4,29_5,2,positive,0,2,3,1,major=1|same=0,1,0
29,29_5,29_6,0,negative,0,0,3,1,major=1|same=0,1,0
29,29_6,29_7,2,positive,0,0,3,1,major=1|same=0,1,0
29,29_7,29_8,1,neutral,0,0,3,1,major=1|same=0,1,0
29,29_8,29_9,1,neutral,0,0,2,1,major=1|same=0,1,0
29,29_9,29_10,0,negative,1,2,2,1,major=1|same=0,1,0
29,29_10,29_11,2,positive,0,0,1,1,major=1|same=0,1,0
29,29_11,29_12,2,positive,0,0,1,2,major=1|same=1,1,1
30,30_0,30_1,2,positive,0,1,3,3,major=1|same=0,1,0
30,30_1,30_2,2,positive,0,3,3,0,major=0|same=0,0,0
30,30_2,30_3,2,positive,0,3,3,1,major=1|same=0,1,0
30,30_3,30_4,2,positive,0,0,2,2,major=0|same=0,0,0
30,30_4,30_5,0,negative,0,3,2,1,major=1|same=0,1,0
32,32_0,32_1,2,positive,0,1,1,3,major=1|same=0,1,0
32,32_1,32_2,1,neutral,1,3,3,3,major=0|same=0,0,0
32,32_2,32_3,1,neutral,0,1,1,2,major=1|same=0,1,0
32,32_3,32_4,1,neutral,0,0,1,0,major=0|same=0,0,0
32,32_4,32_5,0,negative,0,2,3,3,major=1|same=0,1,0
32,32_5,32_6,1,neutral,0,3,3,2,major=0|same=0,0,0
32,32_6,32_7,1,neutral,0,2,1,2,major=1|same=0,1,0
32,32_7,32_8,2,positive,0,2,2,2,major=0|same=0,0,0
32,32_8,32_9,0,negative,1,3,1,3,major=1|same=0,1,0
32,32_9,32_10,0,negative,0,2,2,3,major=0|same=1,0,1
32,32_10,32_11,0,negative,0,2,3,2,major=0|same=1,0,1
32,32_11,32_12,2,positive,0,0,3,2,major=0|same=0,0,0
33,33_0,33_1,0,negative,0,1,1,2,major=1|same=1,1,1
33,33_1,33_2,1,neutral,0,3,3,2,major=1|same=0,1,0
33,33_2,33_3,1,neutral,0,1,3,2,major=1|same=0,1,0
33,33_3,33_4,2,positive,0,1,1,2,major=1|same=0,1,0
33,33_4,33_5,0,negative,1,2,3,2,major=1|same=0,1,0
33,33_5,33_6,0,negative,0,1,1,2,major=1|same=1,1,1
33,33_6,33_7,1,neutral,1,1,3,3,major=1|same=0,1,0
33,33_7,33_8,1,neutral,1,1,3,3,major=1|same=0,1,0
33,33_8,33_9,0,negative,0,1,3,2,major=1|same=0,1,0
33,33_9,33_10,0,negative,0,1,3,3,major=1|same=0,1,0
34,34_0,34_1,0,negative,0,2,1,3,major=1|same=0,1,0
34,34_1,34_2,2,positive,0,1,3,3,major=1|same=0,1,0
34,34_2,34_3,2,positive,0,2,1,1,major=1|same=0,1,0
34,34_3,34_4,0,negative,1,3,1,3,major=1|same=0,1,0
34,34_4,34_5,0,negative,0,0,1,1,major=1|same=0,1,0
34,34_5,34_6,0,negative,0,0,3,3,major=1|same=0,1,0
34,34_6,34_7,0,negative,1,0,1,1,major=1|same=1,1,1
34,34_7,34_8,1,neutral,1,3,1,1,major=1|same=1,1,1
34,34_8,34_9,1,neutral,0,3,2,1,major=1|same=1,1,1
34,34_9,34_10,1,neutral,0,1,2,1,major=1|same=1,1,1
34,34_10,34_11,1,neutral,1,0,2,1,major=1|same=1,1,1
34,34_11,34_12,0,negative,0,2,2,1,major=1|same=0,1,0
34,34_12,34_13,2,positive,1,1,2,1,major=1|same=0,1,0
34,34_13,34_14,0,negative,0,2,2,1,major=1|same=0,1,0
34,34_14,34_15,0,negative,0,2,2,1,major=1|same=1,1,1
34,34_15,34_16,1,neutral,0,3,3,3,major=1|same=1,1,1
34,34_16,34_17,0,negative,0,3,3,3,major=1|same=0,1,0
34,34_17,34_18,0,negative,1,3,2,1,major=1|same=0,1,0
35,35_0,35_1,2,positive,0,1,1,2,major=0|same=0,0,0
35,35_1,35_2,1,neutral,0,1,0,2,major=1|same=0,1,0
35,35_2,35_3,1,neutral,0,3,3,2,major=0|same=0,0,0
35,35_3,35_4,1,neutral,0,3,1,1,major=1|same=0,1,0
36,36_0,36_1,0,negative,0,0,3,2,major=1|same=0,1,0
37,37_0,37_1,1,neutral,0,2,2,1,major=0|same=0,0,0
37,37_1,37_2,0,negative,0,1,2,0,major=1|same=0,1,0
37,37_2,37_3,0,negative,0,0,2,1,major=0|same=0,0,0
37,37_3,37_4,0,negative,0,2,2,1,major=1|same=0,1,0
37,37_4,37_5,1,neutral,0,0,1,0,major=0|same=1,0,1
37,37_5,37_6,0,negative,0,3,2,3,major=0|same=0,0,0
37,37_6,37_7,0,negative,0,0,2,1,major=1|same=0,1,0
38,38_0,38_1,2,positive,0,3,3,2,major=0|same=0,0,0
38,38_1,38_2,1,neutral,0,2,3,1,major=1|same=0,1,0
38,38_2,38_3,2,positive,1,3,2,1,major=0|same=0,0,0
38,38_3,38_4,2,positive,0,3,3,1,major=1|same=0,1,0
39,39_0,39_1,1,neutral,0,2,3,2,major=1|same=0,1,0
39,39_1,39_2,1,neutral,0,1,3,2,major=0|same=0,0,0
39,39_2,39_3,1,neutral,0,3,3,2,major=1|same=0,1,0
39,39_3,39_4,1,neutral,0,1,1,3,major=0|same=0,0,0
39,39_4,39_5,1,neutral,0,3,3,1,major=1|same=0,1,0
39,39_5,39_6,2,positive,0,1,3,2,major=0|same=0,0,0
39,39_6,39_7,1,neutral,0,3,0,3,major=0|same=0,0,0
39,39_7,39_8,1,neutral,1,2,1,2,major=0|same=0,0,0
39,39_8,39_9,2,positive,1,1,0,3,major=0|same=0,0,0
39,39_9,39_10,1,neutral,0,2,3,2,major=1|same=0,1,0
39,39_10,39_11,1,neutral,0,2,1,2,major=1|same=0,1,0
40,40_0,40_1,1,neutral,0,1,2,3,major=1|same=0,1,0
41,41_0,41_1,0,negative,0,0,3,1,major=1|same=0,1,0
41,41_1,41_2,0,negative,0,3,2,1,major=1|same=0,1,0
41,41_2,41_3,0,negative,1,3,3,3,major=1|same=0,1,0
41,41_3,41_4,0,negative,0,2,3,3,major=1|same=0,1,0
41,41_4,41_5,0,negative,1,1,3,3,major=1|same=0,1,0
41,41_5,41_6,0,negative,0,2,3,3,major=1|same=0,1,0
41,41_6,41_7,1,neutral,0,2,3,3,major=1|same=0,1,0
41,41_7,41_8,0,negative,0,3,3,1,major=1|same=0,1,0
41,41_8,41_9,0,negative,0,2,3,1,major=1|same=1,1,1
41,41_9,41_10,0,negative,0,2,3,1,major=1|same=1,1,1
41,41_10,41_11,0,negative,0,3,3,3,major=1|same=1,1,1
41,41_11,41_12,1,neutral,0,0,1,1,major=1|same=1,1,1
42,42_0,42_1,0,negative,0,0,1,1,major=1|same=1,1,1
42,42_1,42_2,1,neutral,1,2,0,2,major=1|same=1,1,1
42,42_2,42_3,2,positive,0,2,0,1,major=1|same=0,1,0
42,42_3,42_4,1,neutral,0,0,0,3,major=1|same=0,1,0
42,42_4,42_5,2,positive,0,3,0,1,major=1|same=0,1,0
42,42_5,42_6,2,positive,0,0,0,1,major=1|same=0,1,0
42,42_6,42_7,2,positive,0,0,0,1,major=1|same=0,1,0
42,42_7,42_8,1,neutral,0,3,0,3,major=1|same=0,1,0
43,43_0,43_1,1,neutral,0,0,2,2,major=1|same=0,1,0
43,43_1,43_2,1,neutral,0,2,2,2,major=1|same=0,1,0
43,43_2,43_3,1,neutral,0,2,2,2,major=1|same=0,1,0
43,43_3,43_4,1,neutral,0,0,2,1,major=1|same=0,1,0
43,43_4,43_5,1,neutral,1,0,1,1,major=1|same=0,1,0
43,43_5,43_6,1,neutral,0,3,2,1,major=1|same=0,1,0
44,44_0,44_1,1,neutral,1,2,0,3,major=1|same=0,1,0
44,44_1,44_2,2,positive,0,2,0,3,major=1|same=0,1,0
44,44_2,44_3,1,neutral,1,1,0,3,major=1|same=0,1,0
45,45_0,45_1,1,neutral,0,1,2,3,major=1|same=0,1,0
45,45_1,45_2,1,neutral,0,0,3,3,major=1|same=0,1,0
45,45_2,45_3,2,positive,0,0,3,1,major=1|same=0,1,0
45,45_3,45_4,2,positive,0,2,3,3,major=1|same=1,1,1
45,45_4,45_5,2,positive,0,3,1,0,major=1|same=1,1,1
45,45_5,45_6,0,negative,0,3,1,0,major=1|same=1,1,1
45,45_6,45_7,1,neutral,0,3,3,3,major=1|same=0,1,0
45,45_7,45_8,1,neutral,0,0,2,3,major=1|same=1,1,1
46,46_0,46_1,2,positive,0,1,1,3,major=0|same=1,0,1
46,46_1,46_2,2,positive,0,3,3,3,major=0|same=1,0,1
46,46_2,46_3,2,positive,0,1,3,3,major=0|same=1,0,1
46,46_3,46_4,2,positive,0,3,3,3,major=0|same=1,0,1
46,46_4,46_5,2,positive,0,3,3,3,major=0|same=1,0,1
46,46_5,46_6,1,neutral,0,1,3,3,major=0|same=1,0,1
46,46_6,46_7,2,positive,0,1,3,3,major=0|same=0,0,0
46,46_7,46_8,2,positive,0,1,3,3,major=1|same=0,1,0
47,47_0,47_1,0,negative,1,1,1,2,major=1|same=1,1,1
47,47_1,47_2,0,negative,0,2,2,1,major=1|same=1,1,1
47,47_2,47_3,1,neutral,0,2,2,1,major=1|same=1,1,1
47,47_3,47_4,1,neutral,0,3,2,1,major=1|same=1,1,1
47,47_4,47_5,1,neutral,0,1,2,1,major=1|same=0,1,0
47,47_5,47_6,0,negative,0,3,2,2,major=1|same=0,1,0
47,47_6,47_7,1,neutral,0,3,2,1,major=1|same=0,1,0
47,47_7,47_8,1,neutral,0,3,3,1,major=1|same=0,1,0
47,47_8,47_9,1,neutral,0,1,3,2,major=1|same=0,1,0
47,47_9,47_10,1,neutral,3,1,3,2,major=1|same=0,1,0
47,47_10,47_11,1,neutral,0,3,2,0,major=1|same=0,1,0
47,47_11,47_12,1,neutral,1,0,3,2,major=1|same=0,1,0
47,47_12,47_13,1,neutral,1,1,3,1,major=1|same=0,1,0
48,48_0,48_1,1,neutral,0,0,1,2,major=1|same=0,1,0
48,48_1,48_2,1,neutral,0,3,1,2,major=1|same=0,1,0
48,48_2,48_3,2,positive,0,3,1,2,major=1|same=0,1,0
48,48_3,48_4,2,positive,1,0,3,3,major=1|same=0,1,0
48,48_4,48_5,2,positive,0,0,3,3,major=1|same=0,1,0
48,48_5,48_6,2,positive,0,3,2,0,major=1|same=0,1,0
49,49_0,49_1,2,positive,0,2,3,3,major=1|same=0,1,0
49,49_1,49_2,1,neutral,0,2,3,3,major=1|same=0,1,0
49,49_2,49_3,1,neutral,1,2,2,1,major=1|same=0,1,0
49,49_3,49_4,1,neutral,0,0,2,2,major=1|same=0,1,0
49,49_4,49_5,1,neutral,1,0,2,1,major=1|same=0,1,0
49,49_5,49_6,1,neutral,0,0,2,1,major=1|same=0,1,0
49,49_6,49_7,1,neutral,0,0,3,3,major=1|same=0,1,0
49,49_7,49_8,1,neutral,0,0,2,3,major=1|same=0,1,0
49,49_8,49_9,2,positive,0,0,2,1,major=1|same=1,1,1
49,49_9,49_10,1,neutral,3,0,2,1,major=1|same=1,1,1
49,49_10,49_11,2,positive,0,3,2,1,major=1|same=1,1,1
49,49_11,49_12,2,positive,0,1,3,3,major=1|same=0,1,0
49,49_12,49_13,1,neutral,0,0,1,1,major=1|same=0,1,0
49,49_13,49_14,2,positive,0,0,3,1,major=1|same=0,1,0
49,49_14,49_15,1,neutral,0,0,1,1,major=1|same=0,1,0
49,49_15,49_16,1,neutral,0,1,3,1,major=1|same=0,1,0
50,50_0,50_1,1,neutral,0,2,0,1,major=1|same=0,1,0
50,50_1,50_2,0,negative,0,3,0,1,major=1|same=0,1,0
50,50_2,50_3,1,neutral,0,2,2,1,major=0|same=0,0,0
51,51_0,51_1,2,positive,3,2,2,0,major=1|same=0,1,0
51,51_1,51_2,1,neutral,0,0,2,0,major=1|same=0,1,0
52,52_0,52_1,0,negative,0,3,3,1,major=1|same=0,1,0
52,52_1,52_2,1,neutral,0,0,2,1,major=1|same=0,1,0
52,52_2,52_3,0,negative,0,3,3,1,major=1|same=0,1,0
52,52_3,52_4,1,neutral,0,3,2,1,major=1|same=0,1,0
52,52_4,52_5,1,neutral,1,3,2,1,major=1|same=0,1,0
52,52_5,52_6,1,neutral,0,0,2,1,major=1|same=0,1,0
52,52_6,52_7,0,negative,0,0,2,1,major=1|same=0,1,0
52,52_7,52_8,0,negative,0,2,2,3,major=1|same=0,1,0
52,52_8,52_9,1,neutral,0,3,2,1,major=1|same=0,1,0
52,52_9,52_10,0,negative,1,0,2,1,major=1|same=0,1,0
52,52_10,52_11,0,negative,0,1,3,2,major=1|same=1,1,1
53,53_0,53_1,1,neutral,0,0,3,1,major=1|same=0,1,0
53,53_1,53_2,2,positive,0,1,1,3,major=1|same=0,1,0
53,53_2,53_3,2,positive,0,0,3,1,major=1|same=0,1,0
53,53_3,53_4,2,positive,0,1,1,3,major=1|same=0,1,0
53,53_4,53_5,1,neutral,0,3,1,1,major=1|same=0,1,0
53,53_5,53_6,0,negative,0,2,3,3,major=1|same=0,1,0
53,53_6,53_7,0,negative,0,3,2,1,major=1|same=0,1,0
53,53_7,53_8,2,positive,0,2,3,3,major=1|same=0,1,0
53,53_8,53_9,2,positive,0,1,2,3,major=1|same=1,1,1
53,53_9,53_10,1,neutral,0,1,3,3,major=1|same=1,1,1
53,53_10,53_11,2,positive,0,0,3,1,major=1|same=0,1,0
53,53_11,53_12,2,positive,0,0,2,1,major=1|same=0,1,0
54,54_0,54_1,1,neutral,0,3,1,0,major=0|same=0,0,0
54,54_1,54_2,1,neutral,0,1,3,3,major=1|same=0,1,0
54,54_2,54_3,0,negative,0,1,1,2,major=0|same=0,0,0
54,54_3,54_4,1,neutral,0,3,1,0,major=1|same=0,1,0
54,54_4,54_5,0,negative,0,3,1,0,major=0|same=0,0,0
54,54_5,54_6,1,neutral,0,1,1,0,major=1|same=0,1,0
54,54_6,54_7,0,negative,0,0,0,3,major=1|same=0,1,0
54,54_7,54_8,1,neutral,0,3,3,3,major=1|same=0,1,0
54,54_8,54_9,1,neutral,0,1,3,3,major=1|same=0,1,0
54,54_9,54_10,0,negative,1,1,1,2,major=0|same=0,0,0
54,54_10,54_11,0,negative,0,1,3,1,major=1|same=0,1,0
55,55_0,55_1,1,neutral,0,2,1,1,major=1|same=1,1,1
55,55_1,55_2,2,positive,0,0,1,1,major=1|same=0,1,0
56,56_0,56_1,1,neutral,0,3,3,3,major=1|same=0,1,0
56,56_1,56_2,2,positive,1,1,0,2,major=1|same=0,1,0
56,56_2,56_3,1,neutral,1,2,3,1,major=1|same=0,1,0
56,56_3,56_4,0,negative,0,2,3,1,major=1|same=0,1,0
56,56_4,56_5,2,positive,1,2,3,2,major=1|same=0,1,0
56,56_5,56_6,1,neutral,0,3,3,2,major=1|same=0,1,0
56,56_6,56_7,2,positive,0,2,3,2,major=1|same=0,1,0
56,56_7,56_8,2,positive,1,2,3,2,major=1|same=0,1,0
56,56_8,56_9,1,neutral,1,2,3,2,major=1|same=0,1,0
56,56_9,56_10,2,positive,0,2,3,2,major=1|same=0,1,0
56,56_10,56_11,2,positive,0,2,3,2,major=1|same=0,1,0
57,57_0,57_1,2,positive,0,2,0,0,major=1|same=0,1,0
57,57_1,57_2,2,positive,0,1,0,1,major=1|same=0,1,0
57,57_2,57_3,1,neutral,0,0,0,1,major=1|same=0,1,0
57,57_3,57_4,2,positive,0,2,0,1,major=1|same=0,1,0
57,57_4,57_5,0,negative,0,2,0,2,major=1|same=1,1,1
58,58_0,58_1,2,positive,3,0,3,2,major=1|same=0,1,0
58,58_1,58_2,2,positive,3,3,3,2,major=1|same=0,1,0
58,58_2,58_3,2,positive,0,3,2,0,major=1|same=0,1,0
58,58_3,58_4,1,neutral,0,0,2,2,major=1|same=0,1,0
58,58_4,58_5,1,neutral,0,3,2,1,major=1|same=0,1,0
58,58_5,58_6,1,neutral,0,1,2,2,major=1|same=0,1,0
58,58_6,58_7,2,positive,0,2,2,1,major=1|same=1,1,1
58,58_7,58_8,2,positive,0,2,2,1,major=1|same=1,1,1
58,58_8,58_9,0,negative,0,0,2,1,major=1|same=1,1,1
58,58_9,58_10,0,negative,0,3,2,1,major=1|same=1,1,1
58,58_10,58_11,1,neutral,0,3,2,1,major=1|same=0,1,0
58,58_11,58_12,2,positive,0,1,2,1,major=1|same=0,1,0
58,58_12,58_13,2,positive,0,2,2,1,major=1|same=0,1,0
58,58_13,58_14,1,neutral,1,0,1,0,major=1|same=0,1,0
58,58_14,58_15,1,neutral,0,0,3,1,major=1|same=0,1,0
58,58_15,58_16,0,negative,0,3,2,1,major=1|same=0,1,0
59,59_0,59_1,1,neutral,0,0,2,2,major=1|same=0,1,0
59,59_1,59_2,0,negative,0,1,2,2,major=1|same=1,1,1
60,60_0,60_1,1,neutral,1,2,1,3,major=1|same=0,1,0
60,60_1,60_2,2,positive,0,2,1,1,major=0|same=0,0,0
60,60_2,60_3,2,positive,0,2,1,2,major=1|same=1,1,1
60,60_3,60_4,0,negative,0,2,1,2,major=1|same=1,1,1
60,60_4,60_5,0,negative,0,3,1,2,major=1|same=0,1,0
60,60_5,60_6,0,negative,1,3,1,1,major=0|same=0,0,0
61,61_0,61_1,0,negative,0,2,1,0,major=0|same=0,0,0
61,61_1,61_2,2,positive,0,0,3,1,major=1|same=1,1,1
62,62_0,62_1,0,negative,0,2,1,0,major=0|same=0,0,0
63,63_0,63_1,1,neutral,3,0,0,3,major=1|same=0,1,0
64,64_0,64_1,1,neutral,0,3,3,3,major=1|same=0,1,0
64,64_1,64_2,0,negative,0,1,3,1,major=1|same=0,1,0
64,64_2,64_3,0,negative,0,3,3,1,major=1|same=0,1,0
64,64_3,64_4,0,negative,0,3,3,1,major=1|same=0,1,0
64,64_4,64_5,1,neutral,0,1,3,1,major=1|same=0,1,0
64,64_5,64_6,1,neutral,0,0,3,1,major=1|same=0,1,0
64,64_6,64_7,1,neutral,2,2,1,0,major=1|same=0,1,0
64,64_7,64_8,1,neutral,0,1,2,1,major=0|same=0,0,0
64,64_8,64_9,1,neutral,0,1,2,0,major=1|same=0,1,0
64,64_9,64_10,1,neutral,0,3,2,1,major=0|same=0,0,0
64,64_10,64_11,1,neutral,0,2,3,1,major=1|same=1,1,1
64,64_11,64_12,0,negative,1,0,3,1,major=1|same=1,1,1
64,64_12,64_13,1,neutral,0,3,3,1,major=1|same=0,1,0
64,64_13,64_14,0,negative,0,3,2,1,major=0|same=0,0,0
64,64_14,64_15,1,neutral,0,0,2,1,major=1|same=0,1,0
64,64_15,64_16,1,neutral,0,3,2,1,major=0|same=0,0,0
65,65_0,65_1,1,neutral,0,2,3,1,major=1|same=0,1,0
65,65_1,65_2,1,neutral,0,0,1,3,major=1|same=0,1,0
65,65_2,65_3,0,negative,0,2,2,1,major=1|same=0,1,0
65,65_3,65_4,0,negative,0,1,3,3,major=1|same=0,1,0
65,65_4,65_5,1,neutral,0,2,2,1,major=1|same=0,1,0
65,65_5,65_6,0,negative,0,0,2,1,major=1|same=0,1,0
65,65_6,65_7,1,neutral,1,2,3,1,major=1|same=0,1,0
65,65_7,65_8,1,neutral,0,2,3,3,major=1|same=0,1,0
65,65_8,65_9,0,negative,0,0,3,3,major=1|same=0,1,0
65,65_9,65_10,0,negative,1,2,3,1,major=1|same=0,1,0
66,66_0,66_1,2,positive,0,2,0,3,major=0|same=1,0,1
66,66_1,66_2,2,positive,0,2,0,3,major=0|same=0,0,0
66,66_2,66_3,1,neutral,1,2,0,3,major=1|same=0,1,0
66,66_3,66_4,2,positive,0,0,0,2,major=0|same=0,0,0
67,67_0,67_1,1,neutral,0,2,0,2,major=1|same=0,1,0
67,67_1,67_2,1,neutral,0,3,0,3,major=1|same=0,1,0
67,67_2,67_3,2,positive,0,1,3,1,major=0|same=0,0,0
68,68_0,68_1,0,negative,0,0,1,0,major=1|same=0,1,0
68,68_1,68_2,1,neutral,0,0,1,0,major=1|same=1,1,1
68,68_2,68_3,0,negative,1,3,1,2,major=1|same=0,1,0
68,68_3,68_4,1,neutral,0,3,3,3,major=1|same=0,1,0
68,68_4,68_5,0,negative,0,3,2,2,major=1|same=0,1,0
68,68_5,68_6,1,neutral,0,0,3,3,major=1|same=0,1,0
68,68_6,68_7,2,positive,0,2,1,2,major=1|same=0,1,0
68,68_7,68_8,1,neutral,0,3,1,0,major=1|same=0,1,0
68,68_8,68_9,2,positive,0,1,1,0,major=1|same=0,1,0
68,68_9,68_10,1,neutral,0,2,1,2,major=1|same=0,1,0
68,68_10,68_11,0,negative,0,0,3,2,major=1|same=0,1,0
68,68_11,68_12,2,positive,0,0,3,2,major=1|same=0,1,0
68,68_12,68_13,2,positive,0,2,1,2,major=1|same=0,1,0
68,68_13,68_14,1,neutral,0,0,2,2,major=1|same=0,1,0
69,69_0,69_1,0,negative,0,3,3,2,major=1|same=1,1,1
69,69_1,69_2,1,neutral,0,3,3,2,major=1|same=1,1,1
69,69_2,69_3,1,neutral,0,1,3,2,major=1|same=1,1,1
69,69_3,69_4,1,neutral,0,2,0,2,major=1|same=1,1,1
69,69_4,69_5,2,positive,0,3,0,2,major=1|same=1,1,1
70,70_0,70_1,1,neutral,0,3,2,3,major=1|same=0,1,0
70,70_1,70_2,1,neutral,0,3,2,1,major=0|same=0,0,0
70,70_2,70_3,1,neutral,0,3,2,1,major=1|same=0,1,0
70,70_3,70_4,1,neutral,0,0,2,1,major=0|same=0,0,0
70,70_4,70_5,1,neutral,0,2,2,1,major=1|same=0,1,0
70,70_5,70_6,1,neutral,0,2,3,1,major=1|same=0,1,0
70,70_6,70_7,1,neutral,0,2,3,3,major=0|same=0,0,0
70,70_7,70_8,0,negative,0,0,3,3,major=1|same=0,1,0
70,70_8,70_9,0,negative,0,3,2,1,major=1|same=0,1,0
70,70_9,70_10,0,negative,0,0,3,1,major=1|same=0,1,0
70,70_10,70_11,0,negative,0,2,2,1,major=1|same=1,1,1
70,70_11,70_12,0,negative,0,3,2,1,major=1|same=1,1,1
70,70_12,70_13,0,negative,0,0,2,1,major=1|same=1,1,1
70,70_13,70_14,0,negative,0,2,2,3,major=1|same=1,1,1
70,70_14,70_15,0,negative,0,1,2,1,major=1|same=1,1,1
70,70_15,70_16,0,negative,0,2,2,1,major=1|same=1,1,1
70,70_16,70_17,2,positive,0,0,2,1,major=1|same=0,1,0
70,70_17,70_18,1,neutral,0,1,2,1,major=0|same=0,0,0
70,70_18,70_19,1,neutral,0,2,1,3,major=0|same=0,0,0
70,70_19,70_20,1,neutral,0,1,3,2,major=1|same=0,1,0
70,70_20,70_21,1,neutral,0,1,3,3,major=0|same=0,0,0
70,70_21,70_22,2,positive,0,2,3,1,major=1|same=0,1,0
71,71_0,71_1,1,neutral,0,3,1,0,major=1|same=0,1,0
71,71_1,71_2,2,positive,0,2,2,1,major=0|same=0,0,0
71,71_2,71_3,2,positive,0,3,2,1,major=1|same=0,1,0
71,71_3,71_4,2,positive,0,3,2,1,major=0|same=0,0,0
71,71_4,71_5,2,positive,0,3,2,1,major=0|same=0,0,0
71,71_5,71_6,2,positive,0,3,2,1,major=1|same=1,1,1
71,71_6,71_7,1,neutral,3,3,2,1,major=1|same=1,1,1
71,71_7,71_8,1,neutral,0,2,2,1,major=1|same=1,1,1
71,71_8,71_9,1,neutral,0,1,2,1,major=1|same=1,1,1
71,71_9,71_10,1,neutral,0,1,3,1,major=1|same=1,1,1
71,71_10,71_11,1,neutral,0,2,0,2,major=1|same=1,1,1
71,71_11,71_12,2,positive,0,2,2,1,major=1|same=1,1,1
71,71_12,71_13,0,negative,0,1,0,2,major=1|same=1,1,1
72,72_0,72_1,2,positive,0,2,0,2,major=0|same=0,0,0
72,72_1,72_2,0,negative,2,2,0,2,major=1|same=1,1,1
72,72_2,72_3,0,negative,2,2,0,2,major=1|same=1,1,1
72,72_3,72_4,0,negative,0,2,0,2,major=1|same=1,1,1
72,72_4,72_5,0,negative,0,0,0,2,major=1|same=1,1,1
72,72_5,72_6,0,negative,0,3,3,2,major=1|same=1,1,1
72,72_6,72_7,0,negative,0,2,3,2,major=1|same=1,1,1
72,72_7,72_8,0,negative,1,2,3,2,major=1|same=1,1,1
72,72_8,72_9,0,negative,1,3,3,2,major=1|same=1,1,1
72,72_9,72_10,0,negative,0,0,3,2,major=1|same=1,1,1
72,72_10,72_11,0,negative,0,2,0,2,major=1|same=1,1,1
72,72_11,72_12,1,neutral,0,0,0,2,major=1|same=0,1,0
72,72_12,72_13,0,negative,0,0,3,2,major=1|same=0,1,0
72,72_13,72_14,1,neutral,0,3,3,2,major=1|same=0,1,0
72,72_14,72_15,1,neutral,0,3,0,3,major=0|same=0,0,0
72,72_15,72_16,2,positive,0,2,2,2,major=1|same=0,1,0
73,73_0,73_1,1,neutral,0,0,3,3,major=1|same=0,1,0
73,73_1,73_2,0,negative,0,0,3,3,major=1|same=0,1,0
73,73_2,73_3,1,neutral,0,3,3,3,major=1|same=0,1,0
73,73_3,73_4,1,neutral,0,3,3,3,major=0|same=0,0,0
73,73_4,73_5,1,neutral,0,0,3,2,major=1|same=0,1,0
73,73_5,73_6,1,neutral,2,1,3,3,major=0|same=0,0,0
73,73_6,73_7,2,positive,0,2,1,2,major=1|same=1,1,1
73,73_7,73_8,0,negative,1,1,3,1,major=1|same=0,1,0
73,73_8,73_9,1,neutral,0,2,3,3,major=1|same=0,1,0
73,73_9,73_10,0,negative,0,2,2,3,major=1|same=0,1,0
74,74_0,74_1,1,neutral,0,2,1,1,major=1|same=0,1,0
74,74_1,74_2,1,neutral,0,3,1,1,major=1|same=0,1,0
74,74_2,74_3,1,neutral,1,3,2,1,major=1|same=0,1,0
74,74_3,74_4,1,neutral,0,1,3,3,major=1|same=0,1,0
75,75_0,75_1,1,neutral,0,0,1,1,major=1|same=0,1,0
75,75_1,75_2,1,neutral,0,2,1,2,major=0|same=0,0,0
75,75_2,75_3,1,neutral,0,2,2,2,major=1|same=1,1,1
75,75_3,75_4,0,negative,0,0,3,3,major=1|same=1,1,1
75,75_4,75_5,1,neutral,0,2,3,3,major=1|same=1,1,1
76,76_0,76_1,1,neutral,0,0,1,0,major=1|same=0,1,0
76,76_1,76_2,1,neutral,0,2,3,1,major=1|same=0,1,0
76,76_2,76_3,1,neutral,0,2,3,0,major=1|same=0,1,0
76,76_3,76_4,1,neutral,0,2,3,0,major=1|same=0,1,0
76,76_4,76_5,1,neutral,0,0,3,0,major=1|same=0,1,0
76,76_5,76_6,1,neutral,0,2,3,2,major=1|same=0,1,0
76,76_6,76_7,1,neutral,0,3,3,1,major=1|same=0,1,0
76,76_7,76_8,2,positive,0,1,3,1,major=1|same=1,1,1
76,76_8,76_9,1,neutral,0,2,3,3,major=1|same=0,1,0
76,76_9,76_10,1,neutral,0,2,3,1,major=1|same=0,1,0
76,76_10,76_11,1,neutral,0,2,3,1,major=1|same=0,1,0
76,76_11,76_12,1,neutral,0,3,3,1,major=1|same=0,1,0
76,76_12,76_13,1,neutral,0,3,3,1,major=1|same=0,1,0
76,76_13,76_14,1,neutral,0,3,0,1,major=1|same=0,1,0
76,76_14,76_15,1,neutral,0,0,1,3,major=1|same=0,1,0
76,76_15,76_16,2,positive,0,1,3,1,major=1|same=0,1,0
76,76_16,76_17,1,neutral,0,1,1,3,major=1|same=0,1,0
76,76_17,76_18,2,positive,0,2,3,3,major=1|same=0,1,0
77,77_0,77_1,1,neutral,0,2,1,3,major=1|same=0,1,0
77,77_1,77_2,0,negative,0,3,0,2,major=1|same=0,1,0
77,77_2,77_3,0,negative,0,1,0,2,major=1|same=0,1,0
77,77_3,77_4,0,negative,1,2,0,2,major=1|same=0,1,0
78,78_0,78_1,1,neutral,0,2,3,2,major=1|same=0,1,0
78,78_1,78_2,1,neutral,0,3,3,1,major=1|same=0,1,0
78,78_2,78_3,1,neutral,0,1,3,2,major=1|same=0,1,0
78,78_3,78_4,1,neutral,0,0,2,2,major=1|same=0,1,0
78,78_4,78_5,1,neutral,0,2,2,2,major=1|same=0,1,0
78,78_5,78_6,1,neutral,0,3,3,2,major=1|same=0,1,0
78,78_6,78_7,2,positive,0,3,2,1,major=1|same=1,1,1
78,78_7,78_8,2,positive,0,3,2,1,major=1|same=0,1,0
78,78_8,78_9,2,positive,0,0,3,1,major=1|same=0,1,0
79,79_0,79_1,1,neutral,0,0,3,1,major=1|same=0,1,0
80,80_0,80_1,0,negative,0,0,1,1,major=1|same=0,1,0
80,80_1,80_2,0,negative,0,0,0,3,major=1|same=0,1,0
80,80_2,80_3,0,negative,0,0,3,1,major=1|same=0,1,0
80,80_3,80_4,0,negative,0,3,3,3,major=1|same=0,1,0
80,80_4,80_5,1,neutral,0,0,3,3,major=1|same=0,1,0
80,80_5,80_6,1,neutral,0,3,3,1,major=1|same=0,1,0
80,80_6,80_7,0,negative,0,2,3,1,major=1|same=0,1,0
80,80_7,80_8,1,neutral,0,0,3,1,major=1|same=0,1,0
80,80_8,80_9,1,neutral,0,1,3,3,major=1|same=1,1,1
81,81_0,81_1,1,neutral,0,3,1,0,major=1|same=0,1,0
83,83_0,83_1,1,neutral,1,1,1,0,major=1|same=0,1,0
83,83_1,83_2,1,neutral,0,0,2,2,major=1|same=0,1,0
83,83_2,83_3,1,neutral,0,1,3,0,major=1|same=0,1,0
83,83_3,83_4,2,positive,0,1,0,3,major=1|same=0,1,0
83,83_4,83_5,0,negative,0,1,1,0,major=0|same=0,0,0
83,83_5,83_6,0,negative,0,2,1,0,major=1|same=0,1,0
83,83_6,83_7,0,negative,0,0,3,1,major=1|same=0,1,0
83,83_7,83_8,1,neutral,0,3,3,1,major=1|same=0,1,0
83,83_8,83_9,0,negative,0,2,3,1,major=1|same=0,1,0
83,83_9,83_10,0,negative,0,2,3,1,major=1|same=0,1,0
84,84_0,84_1,0,negative,0,3,3,1,major=1|same=0,1,0
84,84_1,84_2,0,negative,0,0,2,2,major=1|same=1,1,1
85,85_0,85_1,0,negative,1,3,3,1,major=1|same=0,1,0
85,85_1,85_2,0,negative,0,3,3,3,major=1|same=0,1,0
85,85_2,85_3,0,negative,0,2,3,1,major=1|same=1,1,1
85,85_3,85_4,0,negative,0,3,3,1,major=1|same=1,1,1
85,85_4,85_5,0,negative,0,0,3,2,major=1|same=1,1,1
86,86_0,86_1,1,neutral,1,1,3,1,major=1|same=1,1,1
86,86_1,86_2,1,neutral,1,3,3,1,major=1|same=1,1,1
86,86_2,86_3,1,neutral,0,1,3,1,major=1|same=1,1,1
86,86_3,86_4,1,neutral,0,3,3,1,major=1|same=1,1,1
86,86_4,86_5,0,negative,0,2,3,3,major=1|same=0,1,0
86,86_5,86_6,2,positive,1,3,3,0,major=1|same=0,1,0
86,86_6,86_7,0,negative,1,3,2,2,major=1|same=0,1,0
87,87_0,87_1,1,neutral,0,3,1,1,major=1|same=0,1,0
88,88_0,88_1,2,positive,0,3,0,3,major=0|same=0,0,0
88,88_1,88_2,0,negative,1,0,3,3,major=1|same=0,1,0
88,88_2,88_3,0,negative,0,0,3,1,major=1|same=0,1,0
88,88_3,88_4,1,neutral,0,1,3,3,major=0|same=0,0,0
88,88_4,88_5,1,neutral,0,2,0,1,major=0|same=1,0,1
88,88_5,88_6,0,negative,0,3,0,1,major=0|same=0,0,0
88,88_6,88_7,1,neutral,1,2,0,2,major=1|same=0,1,0
88,88_7,88_8,0,negative,0,0,0,2,major=0|same=0,0,0
88,88_8,88_9,2,positive,0,3,2,1,major=1|same=0,1,0
88,88_9,88_10,1,neutral,0,3,2,1,major=1|same=0,1,0
88,88_10,88_11,2,positive,0,0,0,1,major=0|same=0,0,0
88,88_11,88_12,2,positive,0,0,2,1,major=1|same=0,1,0
88,88_12,88_13,1,neutral,0,1,2,3,major=1|same=0,1,0
89,89_0,89_1,1,neutral,0,2,0,3,major=0|same=1,0,1
89,89_1,89_2,2,positive,0,0,0,1,major=0|same=0,0,0
90,90_0,90_1,0,negative,1,2,1,1,major=1|same=0,1,0
90,90_1,90_2,0,negative,0,0,2,1,major=1|same=0,1,0
90,90_2,90_3,0,negative,0,3,1,3,major=1|same=0,1,0
90,90_3,90_4,0,negative,0,3,2,1,major=1|same=0,1,0
90,90_4,90_5,0,negative,0,1,3,3,major=1|same=0,1,0
92,92_0,92_1,1,neutral,0,1,3,2,major=1|same=1,1,1
92,92_1,92_2,1,neutral,0,3,3,1,major=1|same=1,1,1
92,92_2,92_3,2,positive,0,3,3,2,major=1|same=0,1,0
92,92_3,92_4,2,positive,0,2,3,3,major=1|same=0,1,0
92,92_4,92_5,0,negative,0,1,3,3,major=1|same=0,1,0
93,93_0,93_1,0,negative,0,0,3,3,major=1|same=0,1,0
93,93_1,93_2,1,neutral,0,3,3,1,major=1|same=0,1,0
93,93_2,93_3,1,neutral,0,3,1,0,major=1|same=0,1,0
93,93_3,93_4,1,neutral,0,3,2,1,major=0|same=0,0,0
93,93_4,93_8,1,neutral,0,2,3,1,major=1|same=1,1,1
93,93_8,93_9,1,neutral,0,2,3,1,major=1|same=1,1,1
93,93_9,93_10,1,neutral,0,2,3,1,major=1|same=0,1,0
93,93_10,93_11,1,neutral,0,1,0,3,major=1|same=0,1,0
93,93_11,93_12,0,negative,0,1,2,1,major=0|same=0,0,0
93,93_12,93_13,1,neutral,0,2,3,1,major=1|same=0,1,0
93,93_13,93_14,1,neutral,0,2,3,1,major=1|same=0,1,0
93,93_14,93_15,1,neutral,0,2,3,1,major=1|same=0,1,0
94,94_0,94_1,1,neutral,0,2,3,1,major=0|same=0,0,0
94,94_1,94_2,1,neutral,0,2,3,1,major=1|same=0,1,0
95,95_0,95_1,2,positive,1,3,1,1,major=1|same=0,1,0
95,95_1,95_2,2,positive,0,1,1,2,major=0|same=0,0,0
95,95_2,95_3,1,neutral,0,1,0,3,major=1|same=0,1,0
95,95_3,95_4,0,negative,0,3,1,2,major=1|same=0,1,0
95,95_4,95_5,0,negative,1,2,2,3,major=1|same=0,1,0
95,95_5,95_6,1,neutral,0,3,1,2,major=1|same=1,1,1
95,95_6,95_7,2,positive,0,3,1,2,major=1|same=1,1,1
95,95_7,95_8,2,positive,0,3,1,1,major=1|same=1,1,1
95,95_8,95_9,0,negative,0,0,1,1,major=1|same=0,1,0
95,95_9,95_10,1,neutral,0,0,2,1,major=1|same=0,1,0
95,95_10,95_11,2,positive,0,2,1,1,major=1|same=1,1,1
95,95_11,95_12,2,positive,0,2,1,1,major=1|same=1,1,1
95,95_12,95_13,2,positive,0,1,0,3,major=1|same=1,1,1
95,95_13,95_14,2,positive,0,0,1,1,major=1|same=0,1,0
95,95_14,95_15,2,positive,0,0,3,1,major=0|same=0,0,0
95,95_15,95_16,1,neutral,3,3,3,3,major=1|same=0,1,0
95,95_16,95_17,0,negative,0,3,2,1,major=0|same=1,0,1
95,95_17,95_18,1,neutral,0,3,2,1,major=0|same=1,0,1
95,95_18,95_19,2,positive,0,3,2,3,major=0|same=0,0,0
96,96_0,96_1,1,neutral,0,3,1,2,major=1|same=0,1,0
96,96_1,96_2,2,positive,0,2,1,3,major=1|same=0,1,0
96,96_2,96_3,0,negative,0,3,1,1,major=1|same=0,1,0
96,96_3,96_4,2,positive,0,0,2,2,major=1|same=0,1,0
96,96_4,96_5,1,neutral,0,0,1,0,major=1|same=0,1,0
96,96_5,96_6,0,negative,0,3,3,3,major=1|same=0,1,0
96,96_6,96_7,0,negative,0,0,0,3,major=1|same=0,1,0
96,96_7,96_8,1,neutral,0,0,3,3,major=1|same=0,1,0
96,96_8,96_9,0,negative,0,1,0,1,major=1|same=0,1,0
96,96_9,96_10,1,neutral,0,0,0,1,major=1|same=0,1,0
96,96_10,96_11,1,neutral,0,1,3,1,major=1|same=1,1,1
96,96_11,96_12,2,positive,0,3,2,1,major=1|same=0,1,0
96,96_12,96_13,1,neutral,0,3,2,0,major=1|same=0,1,0
96,96_13,96_14,0,negative,0,3,2,0,major=1|same=0,1,0
96,96_14,96_15,1,neutral,0,3,3,0,major=1|same=0,1,0
96,96_15,96_16,1,neutral,1,2,3,0,major=1|same=1,1,1
96,96_16,96_17,1,neutral,0,3,3,0,major=1|same=1,1,1
96,96_17,96_18,1,neutral,0,0,3,1,major=1|same=1,1,1
96,96_18,96_19,1,neutral,0,3,3,1,major=1|same=0,1,0
96,96_19,96_20,1,neutral,0,2,3,0,major=1|same=1,1,1
97,97_0,97_1,2,positive,1,1,2,2,major=1|same=0,1,0
97,97_1,97_2,1,neutral,0,1,2,2,major=1|same=0,1,0
97,97_2,97_3,1,neutral,1,3,2,2,major=1|same=0,1,0
97,97_3,97_4,1,neutral,1,1,2,2,major=1|same=1,1,1
97,97_4,97_5,1,neutral,0,3,2,2,major=1|same=1,1,1
97,97_5,97_6,1,neutral,1,3,0,3,major=1|same=0,1,0
97,97_6,97_7,1,neutral,0,1,0,2,major=1|same=1,1,1
97,97_7,97_8,0,negative,0,1,2,2,major=1|same=1,1,1
97,97_8,97_9,1,neutral,0,1,2,2,major=1|same=1,1,1
97,97_9,97_10,1,neutral,0,3,2,2,major=1|same=1,1,1
97,97_10,97_11,2,positive,0,2,3,3,major=1|same=1,1,1
98,98_0,98_1,0,negative,0,1,0,3,major=1|same=0,1,0
98,98_1,98_2,2,positive,1,0,3,1,major=1|same=0,1,0
98,98_2,98_3,0,negative,0,1,0,3,major=1|same=0,1,0
98,98_3,98_4,0,negative,0,1,3,2,major=1|same=1,1,1
98,98_4,98_5,0,negative,0,0,3,2,major=1|same=1,1,1
98,98_5,98_6,0,negative,0,0,3,1,major=1|same=1,1,1
98,98_6,98_7,0,negative,0,3,3,3,major=1|same=1,1,1
98,98_7,98_8,0,negative,0,1,3,3,major=1|same=1,1,1
98,98_8,98_9,1,neutral,0,0,3,1,major=1|same=1,1,1
98,98_9,98_10,1,neutral,0,2,3,3,major=1|same=0,1,0
98,98_10,98_11,1,neutral,0,3,1,3,major=1|same=1,1,1
99,99_0,99_1,1,neutral,0,3,0,2,major=1|same=0,1,0
99,99_1,99_2,1,neutral,0,2,0,3,major=1|same=0,1,0
99,99_2,99_3,1,neutral,0,2,0,2,major=1|same=0,1,0
99,99_3,99_4,1,neutral,0,2,0,2,major=1|same=0,1,0
99,99_4,99_5,1,neutral,0,2,0,3,major=1|same=0,1,0
99,99_5,99_6,1,neutral,1,1,0,2,major=1|same=0,1,0
99,99_6,99_7,1,neutral,0,2,0,2,major=1|same=0,1,0
99,99_7,99_8,1,neutral,0,1,0,1,major=1|same=0,1,0
99,99_8,99_9,0,negative,0,2,0,2,major=1|same=0,1,0
100,100_0,100_1,1,neutral,0,3,1,3,major=1|same=1,1,1
100,100_1,100_2,1,neutral,0,1,1,2,major=1|same=1,1,1
100,100_2,100_3,1,neutral,0,0,1,2,major=1|same=1,1,1
100,100_3,100_4,1,neutral,0,0,1,2,major=1|same=1,1,1
100,100_4,100_5,0,negative,0,0,1,2,major=1|same=1,1,1
100,100_5,100_6,0,negative,0,2,1,2,major=1|same=1,1,1
100,100_6,100_7,1,neutral,0,2,1,2,major=1|same=1,1,1
100,100_7,100_8,1,neutral,0,2,1,2,major=1|same=1,1,1
100,100_8,100_9,1,neutral,2,3,1,2,major=1|same=1,1,1
100,100_9,100_10,0,negative,1,1,1,2,major=1|same=1,1,1
100,100_10,100_11,1,neutral,1,1,1,0,major=1|same=1,1,1
100,100_11,100_12,1,neutral,0,1,1,0,major=1|same=1,1,1
100,100_12,100_13,1,neutral,0,2,1,0,major=1|same=1,1,1
100,100_13,100_14,0,negative,0,2,1,0,major=1|same=1,1,1
100,100_14,100_15,0,negative,0,2,1,3,major=1|same=1,1,1
100,100_15,100_16,1,neutral,0,1,1,0,major=1|same=1,1,1
100,100_16,100_17,1,neutral,0,3,1,0,major=1|same=1,1,1
100,100_17,100_18,0,negative,0,3,1,0,major=1|same=1,1,1
100,100_18,100_19,0,negative,0,2,1,0,major=1|same=1,1,1
101,101_0,101_1,1,neutral,3,2,2,3,major=1|same=0,1,0
101,101_1,101_2,0,negative,3,2,2,0,major=1|same=0,1,0
101,101_2,101_3,1,neutral,0,3,2,1,major=1|same=0,1,0
102,102_0,102_1,1,neutral,0,0,0,2,major=1|same=0,1,0
102,102_1,102_2,0,negative,0,3,0,2,major=1|same=0,1,0
102,102_2,102_3,1,neutral,0,3,3,3,major=1|same=0,1,0
102,102_3,102_4,0,negative,0,3,3,3,major=1|same=0,1,0
102,102_4,102_5,0,negative,0,0,3,3,major=1|same=0,1,0
102,102_5,102_6,0,negative,1,3,0,2,major=1|same=0,1,0
102,102_6,102_7,0,negative,0,3,2,1,major=1|same=0,1,0
102,102_7,102_8,1,neutral,1,3,2,3,major=1|same=0,1,0
102,102_8,102_9,2,positive,0,3,3,3,major=1|same=0,1,0
103,103_0,103_1,1,neutral,3,1,2,2,major=1|same=0,1,0
103,103_1,103_2,0,negative,3,0,2,2,major=1|same=0,1,0
103,103_2,103_3,0,negative,0,2,2,1,major=1|same=0,1,0
103,103_3,103_4,0,negative,0,2,3,1,major=1|same=0,1,0
103,103_4,103_5,2,positive,0,0,3,1,major=1|same=0,1,0
104,104_0,104_1,0,negative,0,2,3,2,major=1|same=0,1,0
104,104_1,104_2,1,neutral,0,1,3,2,major=0|same=0,0,0
105,105_0,105_1,0,negative,0,0,1,3,major=1|same=1,1,1
105,105_1,105_2,0,negative,1,0,1,3,major=1|same=0,1,0
106,106_0,106_1,1,neutral,0,1,3,3,major=1|same=0,1,0
106,106_1,106_2,0,negative,0,3,3,3,major=1|same=0,1,0
106,106_2,106_3,0,negative,0,2,2,3,major=1|same=0,1,0
107,107_0,107_1,1,neutral,0,2,3,1,major=1|same=0,1,0
107,107_1,107_2,2,positive,0,0,1,2,major=1|same=0,1,0
107,107_2,107_3,0,negative,0,2,1,1,major=1|same=0,1,0
107,107_3,107_4,1,neutral,1,3,0,1,major=1|same=0,1,0
107,107_4,107_5,2,positive,0,0,0,1,major=1|same=0,1,0
107,107_5,107_6,0,negative,0,0,0,1,major=1|same=0,1,0
107,107_6,107_7,0,negative,0,0,1,1,major=1|same=0,1,0
107,107_7,107_8,1,neutral,0,0,3,2,major=1|same=0,1,0
107,107_8,107_9,1,neutral,0,0,1,1,major=1|same=0,1,0
107,107_9,107_10,1,neutral,0,2,3,2,major=1|same=0,1,0
107,107_10,107_11,1,neutral,0,2,0,2,major=1|same=0,1,0
107,107_11,107_12,2,positive,0,2,1,2,major=1|same=0,1,0
108,108_0,108_3,0,negative,0,0,2,2,major=1|same=1,1,1
108,108_3,108_4,0,negative,0,3,3,3,major=1|same=0,1,0
108,108_4,108_5,2,positive,0,3,3,3,major=1|same=0,1,0
108,108_5,108_6,2,positive,0,3,3,2,major=1|same=0,1,0
108,108_6,108_7,2,positive,0,1,2,2,major=1|same=0,1,0
108,108_7,108_8,2,positive,1,0,1,2,major=1|same=1,1,1
108,108_8,108_9,2,positive,0,0,1,2,major=1|same=1,1,1
109,109_0,109_1,2,positive,0,0,1,0,major=0|same=0,0,0
109,109_1,109_2,0,negative,0,0,1,0,major=1|same=0,1,0
109,109_2,109_3,1,neutral,0,1,1,0,major=0|same=0,0,0
109,109_3,109_4,2,positive,0,2,3,1,major=1|same=0,1,0
109,109_4,109_5,0,negative,0,3,1,0,major=0|same=1,0,1
109,109_5,109_6,1,neutral,0,3,1,0,major=0|same=0,0,0
109,109_6,109_7,0,negative,0,0,1,0,major=1|same=0,1,0
110,110_0,110_1,1,neutral,0,0,1,1,major=1|same=0,1,0
110,110_1,110_2,1,neutral,0,3,3,1,major=1|same=1,1,1
110,110_2,110_3,2,positive,0,3,1,0,major=1|same=0,1,0
110,110_3,110_4,2,positive,0,2,1,0,major=1|same=0,1,0
110,110_4,110_5,1,neutral,1,0,3,1,major=1|same=1,1,1
110,110_5,110_6,0,negative,1,0,3,1,major=1|same=0,1,0
110,110_6,110_7,2,positive,0,3,3,1,major=1|same=0,1,0
110,110_7,110_8,0,negative,0,3,1,1,major=1|same=0,1,0
111,111_0,111_1,1,neutral,0,3,3,1,major=0|same=0,0,0
111,111_1,111_2,2,positive,0,1,3,2,major=1|same=0,1,0
111,111_2,111_3,0,negative,0,1,3,3,major=0|same=0,0,0
111,111_3,111_4,0,negative,0,0,3,1,major=1|same=0,1,0
111,111_4,111_5,0,negative,1,1,1,3,major=0|same=0,0,0
111,111_5,111_6,0,negative,0,3,1,0,major=1|same=0,1,0
111,111_6,111_7,0,negative,0,2,1,0,major=0|same=1,0,1
111,111_7,111_8,0,negative,1,2,1,1,major=0|same=1,0,1
111,111_8,111_9,0,negative,1,3,1,1,major=0|same=1,0,1
111,111_9,111_10,0,negative,0,2,1,1,major=0|same=0,0,0
111,111_10,111_11,1,neutral,0,2,2,2,major=1|same=0,1,0
111,111_11,111_12,1,neutral,0,3,1,1,major=1|same=0,1,0
111,111_12,111_13,0,negative,0,2,3,1,major=1|same=0,1,0
111,111_13,111_14,1,neutral,0,2,1,1,major=1|same=0,1,0
112,112_0,112_1,1,neutral,1,1,2,3,major=1|same=0,1,0
112,112_1,112_2,0,negative,0,3,2,3,major=1|same=0,1,0
112,112_2,112_3,0,negative,0,0,2,1,major=1|same=1,1,1
112,112_3,112_4,0,negative,0,3,1,3,major=1|same=0,1,0
112,112_4,112_5,1,neutral,0,2,2,3,major=1|same=0,1,0
112,112_5,112_6,0,negative,0,2,1,3,major=1|same=1,1,1
112,112_6,112_7,0,negative,0,0,1,3,major=1|same=1,1,1
112,112_7,112_8,1,neutral,0,2,1,3,major=1|same=0,1,0
112,112_8,112_9,1,neutral,0,3,2,3,major=1|same=0,1,0
112,112_9,112_10,1,neutral,0,2,1,3,major=1|same=1,1,1
112,112_10,112_11,2,positive,0,3,2,3,major=1|same=0,1,0
112,112_11,112_12,2,positive,0,3,1,3,major=1|same=0,1,0
112,112_12,112_13,2,positive,0,1,2,3,major=0|same=0,0,0
112,112_13,112_14,2,positive,0,2,2,3,major=1|same=0,1,0
112,112_14,112_15,1,neutral,1,2,2,3,major=0|same=0,0,0
112,112_15,112_16,2,positive,0,2,1,3,major=1|same=0,1,0
112,112_16,112_17,1,neutral,0,1,3,3,major=0|same=0,0,0
112,112_17,112_18,1,neutral,0,2,1,3,major=1|same=0,1,0
112,112_18,112_19,2,positive,0,3,2,2,major=0|same=0,0,0
112,112_19,112_20,2,positive,0,3,2,1,major=1|same=0,1,0
112,112_20,112_21,1,neutral,0,3,2,3,major=1|same=0,1,0
113,113_0,113_1,0,negative,1,0,2,1,major=1|same=0,1,0
113,113_1,113_2,2,positive,0,3,1,0,major=1|same=0,1,0
113,113_2,113_3,1,neutral,0,1,1,0,major=1|same=0,1,0
113,113_3,113_4,0,negative,0,2,3,0,major=1|same=0,1,0
113,113_4,113_5,0,negative,1,0,3,1,major=1|same=0,1,0
113,113_5,113_6,0,negative,0,0,3,1,major=1|same=0,1,0
113,113_6,113_7,0,negative,0,2,3,1,major=1|same=0,1,0
113,113_7,113_8,0,negative,0,1,3,1,major=1|same=0,1,0
113,113_8,113_9,1,neutral,0,3,2,1,major=1|same=0,1,0
113,113_9,113_10,0,negative,1,1,2,1,major=1|same=0,1,0
113,113_10,113_11,1,neutral,1,2,2,1,major=1|same=0,1,0
113,113_11,113_12,2,positive,0,2,2,1,major=1|same=0,1,0
113,113_12,113_13,0,negative,0,1,2,1,major=1|same=0,1,0
113,113_13,113_14,0,negative,1,0,3,1,major=1|same=0,1,0
113,113_14,113_15,0,negative,0,0,3,1,major=1|same=0,1,0
113,113_15,113_16,1,neutral,0,0,1,3,major=1|same=0,1,0
114,114_0,114_1,1,neutral,1,3,3,0,major=1|same=0,1,0
114,114_1,114_2,2,positive,0,2,2,1,major=1|same=0,1,0
114,114_2,114_3,1,neutral,0,0,2,1,major=1|same=0,1,0
114,114_3,114_4,1,neutral,0,1,2,1,major=1|same=0,1,0
114,114_4,114_5,2,positive,0,1,3,1,major=1|same=0,1,0
115,115_0,115_1,1,neutral,0,3,0,2,major=0|same=0,0,0
115,115_1,115_2,0,negative,1,0,0,3,major=1|same=0,1,0
115,115_2,115_3,0,negative,0,3,0,1,major=1|same=0,1,0
115,115_3,115_4,1,neutral,0,3,0,2,major=1|same=0,1,0
115,115_4,115_5,1,neutral,1,2,0,1,major=1|same=0,1,0
116,116_0,116_1,1,neutral,0,3,0,2,major=0|same=0,0,0
116,116_1,116_2,0,negative,0,3,1,2,major=1|same=0,1,0
116,116_2,116_3,1,neutral,0,3,0,2,major=0|same=0,0,0
116,116_3,116_4,0,negative,0,3,3,1,major=1|same=0,1,0
116,116_4,116_5,0,negative,0,3,3,3,major=0|same=0,0,0
116,116_5,116_6,1,neutral,0,2,0,2,major=1|same=1,1,1
116,116_6,116_7,1,neutral,0,2,3,1,major=1|same=0,1,0
116,116_7,116_8,1,neutral,0,3,0,2,major=0|same=0,0,0
116,116_8,116_9,1,neutral,1,0,0,2,major=1|same=0,1,0
116,116_9,116_10,1,neutral,1,3,1,2,major=0|same=0,0,0
116,116_10,116_11,0,negative,1,3,1,3,major=1|same=0,1,0
117,117_0,117_1,2,positive,0,3,3,3,major=0|same=0,0,0
117,117_1,117_2,1,neutral,1,3,0,2,major=1|same=0,1,0
117,117_2,117_3,1,neutral,0,3,0,2,major=0|same=0,0,0
117,117_3,117_4,1,neutral,0,0,2,1,major=1|same=1,1,1
117,117_4,117_5,0,negative,0,1,3,2,major=1|same=1,1,1
117,117_5,117_6,1,neutral,0,3,2,1,major=1|same=0,1,0
117,117_6,117_7,0,negative,0,1,3,1,major=0|same=0,0,0
117,117_7,117_8,0,negative,0,1,2,1,major=1|same=0,1,0
118,118_0,118_1,0,negative,0,0,1,1,major=0|same=1,0,1
118,118_1,118_2,2,positive,0,1,1,3,major=0|same=0,0,0
118,118_2,118_3,2,positive,0,2,1,0,major=1|same=0,1,0
118,118_3,118_4,0,negative,0,3,3,3,major=0|same=0,0,0
118,118_4,118_5,0,negative,1,1,1,3,major=1|same=0,1,0
118,118_5,118_6,1,neutral,0,3,2,0,major=0|same=0,0,0
118,118_6,118_7,2,positive,0,3,1,0,major=1|same=0,1,0
118,118_7,118_8,1,neutral,0,1,1,0,major=0|same=0,0,0
118,118_8,118_9,0,negative,0,3,1,3,major=1|same=1,1,1
118,118_9,118_10,2,positive,0,0,1,1,major=1|same=0,1,0
118,118_10,118_11,1,neutral,0,0,1,0,major=0|same=0,0,0
119,119_0,119_1,0,negative,0,2,2,3,major=1|same=0,1,0
119,119_1,119_2,1,neutral,0,1,2,3,major=1|same=0,1,0
119,119_2,119_3,0,negative,0,2,2,1,major=1|same=0,1,0
119,119_3,119_4,1,neutral,0,2,2,1,major=1|same=0,1,0
119,119_4,119_5,0,negative,1,3,2,1,major=1|same=0,1,0
119,119_5,119_6,0,negative,0,1,2,1,major=1|same=0,1,0
120,120_0,120_1,1,neutral,0,2,1,0,major=1|same=0,1,0
120,120_1,120_2,2,positive,0,3,1,0,major=1|same=1,1,1
120,120_2,120_3,2,positive,0,1,2,2,major=1|same=1,1,1
120,120_3,120_4,1,neutral,0,0,3,2,major=1|same=1,1,1
120,120_4,120_5,2,positive,1,0,3,1,major=1|same=0,1,0
120,120_5,120_6,2,positive,0,1,2,2,major=1|same=1,1,1
120,120_6,120_7,1,neutral,0,1,2,0,major=1|same=1,1,1
120,120_7,120_8,1,neutral,1,0,2,0,major=1|same=1,1,1
120,120_8,120_9,0,negative,0,1,1,1,major=1|same=0,1,0
120,120_9,120_10,2,positive,0,1,2,1,major=1|same=0,1,0
120,120_10,120_11,0,negative,1,2,2,1,major=1|same=0,1,0
120,120_11,120_12,0,negative,0,2,3,1,major=1|same=0,1,0
120,120_12,120_13,1,neutral,1,3,3,1,major=1|same=0,1,0
120,120_13,120_14,1,neutral,0,0,2,1,major=1|same=0,1,0
120,120_14,120_15,0,negative,0,1,2,1,major=1|same=0,1,0
120,120_15,120_16,0,negative,0,0,2,1,major=1|same=0,1,0
120,120_16,120_17,0,negative,0,3,2,1,major=1|same=0,1,0
120,120_17,120_18,1,neutral,0,3,2,1,major=1|same=0,1,0
121,121_0,121_1,2,positive,0,3,2,2,major=1|same=0,1,0
121,121_1,121_2,1,neutral,0,3,2,2,major=1|same=0,1,0
121,121_2,121_3,1,neutral,0,3,1,3,major=1|same=0,1,0
121,121_3,121_4,2,positive,0,1,3,1,major=1|same=0,1,0
121,121_4,121_5,2,positive,0,0,2,3,major=1|same=0,1,0
122,122_0,122_1,0,negative,0,2,3,1,major=1|same=0,1,0
122,122_1,122_2,1,neutral,0,2,3,2,major=1|same=0,1,0
122,122_2,122_3,2,positive,0,0,3,3,major=1|same=0,1,0
122,122_3,122_4,1,neutral,0,2,3,1,major=1|same=0,1,0
123,123_0,123_1,1,neutral,0,0,3,1,major=1|same=0,1,0
123,123_1,123_2,0,negative,0,0,3,1,major=1|same=0,1,0
123,123_2,123_3,1,neutral,0,3,2,2,major=1|same=0,1,0
123,123_3,123_4,0,negative,0,2,2,1,major=1|same=0,1,0
123,123_4,123_5,1,neutral,0,0,2,1,major=1|same=0,1,0
123,123_5,123_6,0,negative,0,3,2,3,major=1|same=0,1,0
123,123_6,123_7,1,neutral,0,3,2,3,major=1|same=0,1,0
123,123_7,123_8,1,neutral,0,1,2,3,major=1|same=0,1,0
123,123_8,123_9,0,negative,0,2,2,1,major=1|same=0,1,0
123,123_9,123_10,0,negative,0,3,2,1,major=1|same=0,1,0
123,123_10,123_11,0,negative,0,0,2,1,major=1|same=0,1,0
123,123_11,123_12,1,neutral,0,3,3,3,major=1|same=0,1,0
123,123_12,123_13,0,negative,0,3,3,0,major=1|same=0,1,0
123,123_13,123_14,1,neutral,0,3,2,3,major=1|same=0,1,0
123,123_14,123_15,0,negative,1,1,3,3,major=1|same=0,1,0
124,124_0,124_1,0,negative,0,2,3,2,major=0|same=0,0,0
124,124_1,124_2,0,negative,0,0,1,3,major=1|same=0,1,0
124,124_2,124_3,1,neutral,0,0,1,3,major=0|same=0,0,0
124,124_3,124_4,1,neutral,0,1,1,3,major=1|same=0,1,0
124,124_4,124_5,0,negative,0,0,1,2,major=0|same=0,0,0
124,124_5,124_6,1,neutral,0,2,1,2,major=1|same=0,1,0
124,124_6,124_7,0,negative,0,3,1,3,major=0|same=0,0,0
124,124_7,124_8,2,positive,0,0,3,2,major=1|same=0,1,0
124,124_8,124_9,2,positive,0,0,3,2,major=0|same=0,0,0
124,124_9,124_10,2,positive,0,1,3,2,major=1|same=1,1,1
124,124_10,124_11,2,positive,0,2,3,3,major=1|same=1,1,1
124,124_11,124_12,0,negative,0,0,0,3,major=1|same=1,1,1
124,124_12,124_13,1,neutral,0,1,1,3,major=1|same=0,1,0
124,124_13,124_14,2,positive,0,1,1,3,major=0|same=0,0,0
125,125_0,125_1,1,neutral,0,3,3,0,major=1|same=0,1,0
125,125_1,125_2,1,neutral,3,1,1,0,major=1|same=0,1,0
125,125_2,125_3,1,neutral,0,1,3,3,major=1|same=0,1,0
125,125_3,125_4,1,neutral,0,1,2,2,major=1|same=0,1,0
125,125_4,125_5,1,neutral,0,0,3,1,major=1|same=0,1,0
125,125_5,125_6,1,neutral,0,0,2,2,major=1|same=0,1,0
125,125_6,125_7,2,positive,0,2,3,3,major=1|same=1,1,1
125,125_7,125_8,1,neutral,0,1,3,3,major=1|same=1,1,1
125,125_8,125_9,1,neutral,0,1,3,1,major=1|same=1,1,1
125,125_9,125_10,1,neutral,1,1,3,3,major=1|same=1,1,1
125,125_10,125_11,2,positive,0,2,3,1,major=1|same=1,1,1
125,125_11,125_12,1,neutral,0,3,1,0,major=1|same=1,1,1
125,125_12,125_13,0,negative,0,3,3,1,major=1|same=1,1,1
125,125_13,125_14,0,negative,0,2,3,1,major=1|same=1,1,1
125,125_14,125_15,1,neutral,1,0,3,1,major=1|same=1,1,1
125,125_15,125_16,1,neutral,0,1,3,1,major=1|same=1,1,1
125,125_16,125_17,0,negative,0,2,3,1,major=1|same=1,1,1
125,125_17,125_18,0,negative,0,2,3,1,major=1|same=1,1,1
125,125_18,125_19,0,negative,0,2,1,0,major=1|same=1,1,1
125,125_19,125_20,0,negative,0,1,3,1,major=1|same=0,1,0
125,125_20,125_21,0,negative,0,3,3,1,major=1|same=0,1,0
125,125_21,125_22,0,negative,0,0,3,1,major=1|same=0,1,0
126,126_0,126_1,2,positive,1,0,1,2,major=1|same=0,1,0
126,126_1,126_2,2,positive,1,2,1,2,major=0|same=0,0,0
126,126_2,126_3,1,neutral,0,3,3,2,major=1|same=0,1,0
126,126_3,126_4,0,negative,0,1,1,1,major=0|same=0,0,0
126,126_4,126_5,1,neutral,0,2,2,1,major=1|same=0,1,0
126,126_5,126_6,1,neutral,0,1,2,1,major=0|same=0,0,0
126,126_6,126_7,1,neutral,0,2,1,2,major=1|same=0,1,0
126,126_7,126_8,0,negative,0,0,1,0,major=0|same=0,0,0
126,126_8,126_9,1,neutral,0,0,1,3,major=1|same=0,1,0
126,126_9,126_10,0,negative,0,2,1,3,major=1|same=0,1,0
126,126_10,126_11,1,neutral,0,3,2,3,major=1|same=0,1,0
126,126_11,126_12,0,negative,0,3,1,3,major=1|same=0,1,0
126,126_12,126_13,2,positive,0,2,1,0,major=1|same=0,1,0
126,126_13,126_14,2,positive,0,2,1,0,major=0|same=0,0,0
126,126_14,126_15,1,neutral,0,2,1,0,major=1|same=0,1,0
127,127_0,127_1,1,neutral,0,3,3,3,major=1|same=0,1,0
127,127_1,127_2,1,neutral,0,0,3,1,major=1|same=0,1,0
127,127_2,127_3,1,neutral,0,0,2,3,major=1|same=0,1,0
127,127_3,127_4,1,neutral,0,1,3,1,major=1|same=0,1,0
127,127_4,127_5,1,neutral,0,3,3,3,major=1|same=0,1,0
128,128_0,128_1,1,neutral,0,2,0,3,major=0|same=0,0,0
128,128_1,128_2,1,neutral,0,2,0,3,major=1|same=0,1,0
128,128_2,128_3,0,negative,0,0,1,0,major=0|same=0,0,0
128,128_3,128_4,0,negative,0,3,2,1,major=1|same=0,1,0
128,128_4,128_5,0,negative,0,2,2,3,major=0|same=0,0,0
128,128_5,128_6,0,negative,1,3,2,3,major=1|same=0,1,0
128,128_6,128_7,1,neutral,0,1,3,1,major=0|same=0,0,0
128,128_7,128_8,0,negative,0,2,3,1,major=1|same=0,1,0
128,128_8,128_9,1,neutral,1,1,2,1,major=0|same=0,0,0
129,129_0,129_1,0,negative,1,1,3,2,major=0|same=1,0,1
129,129_1,129_2,1,neutral,0,2,3,2,major=0|same=0,0,0
129,129_2,129_3,0,negative,1,1,3,2,major=1|same=0,1,0
129,129_3,129_4,1,neutral,0,0,0,1,major=0|same=0,0,0
129,129_4,129_5,1,neutral,0,2,0,2,major=1|same=0,1,0
129,129_5,129_6,1,neutral,1,1,3,1,major=0|same=1,0,1
129,129_6,129_7,1,neutral,1,2,3,2,major=0|same=1,0,1
130,130_0,130_1,0,negative,0,3,1,0,major=0|same=0,0,0
130,130_1,130_2,1,neutral,0,1,1,0,major=1|same=1,1,1
130,130_2,130_3,1,neutral,0,0,3,1,major=1|same=1,1,1
130,130_3,130_4,1,neutral,0,2,1,0,major=1|same=0,1,0
130,130_4,130_5,2,positive,0,3,1,0,major=0|same=0,0,0
130,130_5,130_6,2,positive,0,0,1,0,major=1|same=0,1,0
130,130_6,130_7,1,neutral,0,3,3,2,major=0|same=0,0,0
130,130_7,130_8,2,positive,0,2,3,2,major=1|same=0,1,0
130,130_8,130_9,1,neutral,0,1,0,2,major=0|same=0,0,0
130,130_9,130_10,0,negative,0,2,0,2,major=1|same=0,1,0
130,130_10,130_11,0,negative,0,3,0,2,major=0|same=0,0,0
130,130_11,130_12,0,negative,0,3,0,3,major=1|same=0,1,0
130,130_12,130_13,1,neutral,1,2,0,2,major=0|same=1,0,1
130,130_13,130_14,1,neutral,1,0,0,1,major=0|same=1,0,1
130,130_14,130_15,1,neutral,0,3,1,0,major=0|same=0,0,0
130,130_15,130_16,1,neutral,0,2,1,0,major=1|same=0,1,0
130,130_16,130_17,1,neutral,0,2,3,2,major=0|same=0,0,0
131,131_0,131_1,2,positive,0,0,2,0,major=1|same=0,1,0
131,131_1,131_2,1,neutral,3,1,1,0,major=1|same=0,1,0
131,131_2,131_3,2,positive,0,1,0,3,major=1|same=0,1,0
131,131_3,131_4,1,neutral,0,2,0,3,major=1|same=0,1,0
131,131_4,131_5,1,neutral,0,2,0,3,major=1|same=0,1,0
131,131_5,131_6,2,positive,0,0,0,3,major=1|same=0,1,0
131,131_6,131_7,1,neutral,0,0,0,3,major=1|same=0,1,0
131,131_7,131_8,2,positive,1,3,0,3,major=1|same=0,1,0
132,132_0,132_1,1,neutral,0,1,3,3,major=1|same=1,1,1
132,132_1,132_2,1,neutral,0,1,3,3,major=1|same=1,1,1
132,132_2,132_3,1,neutral,0,0,3,3,major=1|same=0,1,0
132,132_3,132_4,2,positive,0,3,3,2,major=0|same=0,0,0
132,132_4,132_5,1,neutral,0,3,3,3,major=1|same=0,1,0
132,132_5,132_6,1,neutral,0,0,3,2,major=0|same=0,0,0
132,132_6,132_7,1,neutral,0,3,3,1,major=1|same=0,1,0
132,132_7,132_8,1,neutral,0,1,3,2,major=0|same=0,0,0
132,132_8,132_9,0,negative,1,2,3,1,major=1|same=0,1,0
132,132_9,132_10,0,negative,0,3,3,1,major=0|same=0,0,0
132,132_10,132_11,1,neutral,0,0,3,1,major=1|same=0,1,0
132,132_11,132_12,1,neutral,0,0,3,1,major=1|same=0,1,0
132,132_12,132_13,1,neutral,0,2,3,1,major=1|same=1,1,1
132,132_13,132_14,1,neutral,1,3,3,1,major=1|same=1,1,1
132,132_14,132_15,1,neutral,0,3,3,1,major=1|same=0,1,0
132,132_15,132_16,2,positive,0,1,3,2,major=0|same=0,0,0
132,132_16,132_17,1,neutral,0,3,3,1,major=1|same=0,1,0
132,132_17,132_18,1,neutral,0,3,3,3,major=1|same=0,1,0
132,132_18,132_19,0,negative,0,1,3,2,major=1|same=0,1,0
133,133_0,133_1,2,positive,0,2,0,2,major=1|same=0,1,0
133,133_1,133_2,1,neutral,0,1,3,2,major=0|same=0,0,0
133,133_2,133_3,2,positive,0,1,3,3,major=0|same=0,0,0
133,133_3,133_4,2,positive,0,1,3,1,major=1|same=0,1,0
133,133_4,133_5,2,positive,0,1,1,3,major=0|same=0,0,0
133,133_5,133_6,1,neutral,0,0,1,1,major=1|same=0,1,0
133,133_6,133_7,1,neutral,0,3,1,3,major=0|same=0,0,0
133,133_7,133_8,2,positive,0,0,1,2,major=1|same=0,1,0
133,133_8,133_9,1,neutral,0,3,3,2,major=1|same=0,1,0
133,133_9,133_10,1,neutral,0,2,0,2,major=1|same=1,1,1
133,133_10,133_11,0,negative,0,1,1,2,major=1|same=0,1,0
133,133_11,133_12,0,negative,0,2,1,2,major=1|same=0,1,0
133,133_12,133_13,0,negative,0,3,3,1,major=1|same=0,1,0
133,133_13,133_14,1,neutral,0,1,1,3,major=1|same=0,1,0
133,133_14,133_15,0,negative,0,3,3,2,major=1|same=1,1,1
134,134_0,134_1,0,negative,0,2,2,2,major=1|same=0,1,0
134,134_1,134_2,2,positive,1,3,3,1,major=1|same=0,1,0
134,134_2,134_3,0,negative,0,2,2,2,major=1|same=0,1,0
135,135_0,135_1,2,positive,0,3,3,0,major=0|same=0,0,0
135,135_1,135_2,1,neutral,0,0,3,3,major=1|same=0,1,0
135,135_2,135_3,2,positive,0,2,0,3,major=0|same=0,0,0
135,135_3,135_4,2,positive,0,3,0,3,major=1|same=1,1,1
135,135_4,135_5,2,positive,0,0,0,3,major=1|same=1,1,1
137,137_0,137_1,1,neutral,1,2,3,2,major=1|same=0,1,0
137,137_1,137_2,1,neutral,3,1,2,2,major=1|same=0,1,0
137,137_2,137_3,1,neutral,3,0,2,2,major=1|same=0,1,0
137,137_3,137_4,1,neutral,0,0,2,2,major=1|same=0,1,0
137,137_4,137_5,1,neutral,1,1,1,2,major=1|same=0,1,0
137,137_5,137_6,1,neutral,0,0,3,3,major=1|same=0,1,0
137,137_6,137_7,0,negative,0,3,3,2,major=1|same=0,1,0
137,137_7,137_8,1,neutral,0,2,3,1,major=1|same=0,1,0
137,137_8,137_9,0,negative,0,2,3,1,major=1|same=0,1,0
137,137_9,137_10,0,negative,0,1,2,1,major=1|same=0,1,0
137,137_10,137_11,1,neutral,0,3,3,1,major=1|same=0,1,0
137,137_11,137_12,0,negative,0,2,3,1,major=1|same=0,1,0
137,137_12,137_13,0,negative,0,1,3,1,major=1|same=1,1,1
137,137_13,137_14,0,negative,0,3,0,1,major=1|same=1,1,1
138,138_0,138_1,0,negative,0,3,2,0,major=1|same=0,1,0
138,138_1,138_2,0,negative,0,1,2,2,major=1|same=0,1,0
138,138_2,138_3,0,negative,0,0,3,1,major=1|same=0,1,0
139,139_0,139_1,0,negative,1,3,2,3,major=0|same=0,0,0
139,139_1,139_2,1,neutral,0,1,3,3,major=1|same=0,1,0
139,139_2,139_3,2,positive,0,0,3,3,major=0|same=0,0,0
139,139_3,139_4,2,positive,0,1,3,1,major=1|same=0,1,0
139,139_4,139_5,1,neutral,3,2,3,3,major=0|same=0,0,0
139,139_5,139_6,1,neutral,0,1,3,3,major=1|same=0,1,0
139,139_6,139_7,2,positive,0,0,2,1,major=1|same=0,1,0
139,139_7,139_8,2,positive,0,3,2,1,major=1|same=0,1,0
139,139_8,139_9,1,neutral,1,0,3,1,major=1|same=0,1,0
140,140_0,140_1,0,negative,1,0,2,2,major=1|same=0,1,0
140,140_1,140_2,1,neutral,0,1,2,0,major=1|same=1,1,1
140,140_2,140_3,1,neutral,0,0,2,0,major=1|same=1,1,1
140,140_3,140_4,1,neutral,0,3,2,1,major=1|same=1,1,1
140,140_4,140_5,2,positive,0,2,2,1,major=1|same=1,1,1
140,140_5,140_6,1,neutral,0,2,3,1,major=1|same=1,1,1
140,140_6,140_7,1,neutral,0,3,2,3,major=1|same=1,1,1
140,140_7,140_8,0,negative,0,3,2,1,major=1|same=0,1,0
140,140_8,140_9,2,positive,0,1,3,1,major=1|same=1,1,1
140,140_9,140_10,1,neutral,1,3,3,1,major=1|same=0,1,0
140,140_10,140_11,0,negative,0,0,2,1,major=1|same=0,1,0
140,140_11,140_12,0,negative,0,2,2,0,major=1|same=1,1,1
140,140_12,140_13,0,negative,0,1,2,0,major=1|same=1,1,1
140,140_13,140_14,1,neutral,1,3,3,1,major=1|same=0,1,0
140,140_14,140_15,1,neutral,0,2,2,1,major=1|same=1,1,1
140,140_15,140_16,1,neutral,0,2,2,1,major=1|same=1,1,1
141,141_0,141_1,1,neutral,0,1,3,1,major=1|same=0,1,0
141,141_1,141_2,1,neutral,0,2,0,2,major=0|same=0,0,0
141,141_2,141_3,1,neutral,0,1,3,2,major=1|same=0,1,0
141,141_3,141_4,1,neutral,0,0,3,1,major=0|same=1,0,1
142,142_0,142_1,1,neutral,0,0,2,1,major=1|same=1,1,1
143,143_0,143_1,1,neutral,0,1,3,1,major=1|same=0,1,0
143,143_1,143_2,1,neutral,0,2,2,3,major=1|same=0,1,0
143,143_2,143_3,0,negative,1,2,2,1,major=1|same=0,1,0
143,143_3,143_4,1,neutral,0,2,2,3,major=1|same=0,1,0
143,143_4,143_5,0,negative,0,2,2,1,major=1|same=0,1,0
143,143_5,143_6,0,negative,0,0,2,1,major=1|same=0,1,0
143,143_6,143_7,0,negative,0,2,2,1,major=1|same=0,1,0
143,143_7,143_8,0,negative,0,2,2,1,major=1|same=0,1,0
144,144_0,144_1,2,positive,1,0,1,0,major=1|same=0,1,0
144,144_1,144_2,0,negative,0,2,1,0,major=1|same=0,1,0
144,144_2,144_3,1,neutral,0,0,3,3,major=1|same=0,1,0
144,144_3,144_4,0,negative,0,0,0,2,major=1|same=0,1,0
144,144_4,144_5,0,negative,0,3,3,1,major=1|same=0,1,0
144,144_5,144_6,0,negative,0,0,1,2,major=0|same=0,0,0
144,144_6,144_7,1,neutral,0,3,0,1,major=1|same=0,1,0
144,144_7,144_8,0,negative,0,2,0,2,major=1|same=0,1,0
144,144_8,144_9,0,negative,0,0,0,2,major=1|same=1,1,1
144,144_9,144_10,0,negative,0,3,0,2,major=1|same=1,1,1
144,144_10,144_11,0,negative,0,3,0,1,major=1|same=1,1,1
144,144_11,144_12,0,negative,0,0,0,2,major=1|same=1,1,1
144,144_12,144_13,1,neutral,0,0,0,1,major=1|same=0,1,0
144,144_13,144_14,1,neutral,0,2,1,2,major=0|same=0,0,0
145,145_0,145_1,2,positive,0,1,3,3,major=1|same=0,1,0
145,145_1,145_2,1,neutral,0,3,1,0,major=0|same=0,0,0
145,145_2,145_3,2,positive,0,3,3,1,major=1|same=0,1,0
145,145_3,145_4,1,neutral,0,0,2,2,major=0|same=0,0,0
145,145_4,145_5,1,neutral,1,3,3,1,major=1|same=0,1,0
145,145_5,145_6,1,neutral,0,0,2,1,major=0|same=0,0,0
145,145_6,145_7,1,neutral,0,0,3,1,major=1|same=1,1,1
145,145_7,145_8,1,neutral,0,2,2,1,major=1|same=0,1,0
145,145_8,145_9,2,positive,2,1,3,3,major=0|same=0,0,0
145,145_9,145_10,1,neutral,0,3,3,1,major=1|same=0,1,0
145,145_10,145_11,1,neutral,1,3,2,1,major=0|same=0,0,0
145,145_11,145_12,1,neutral,0,0,3,1,major=1|same=0,1,0
146,146_0,146_1,0,negative,0,3,1,0,major=1|same=0,1,0
146,146_1,146_2,0,negative,0,1,1,3,major=1|same=0,1,0
146,146_2,146_3,1,neutral,0,0,2,1,major=1|same=0,1,0
146,146_3,146_4,0,negative,0,0,3,3,major=1|same=0,1,0
146,146_4,146_5,2,positive,0,0,2,1,major=1|same=0,1,0
146,146_5,146_6,2,positive,0,0,3,3,major=1|same=0,1,0
147,147_0,147_1,0,negative,0,3,0,3,major=1|same=0,1,0
147,147_1,147_2,0,negative,0,3,0,3,major=1|same=0,1,0
147,147_2,147_3,0,negative,1,3,0,3,major=1|same=0,1,0
147,147_3,147_4,0,negative,0,0,0,1,major=1|same=0,1,0
147,147_4,147_5,0,negative,0,0,0,3,major=1|same=1,1,1
147,147_5,147_6,0,negative,0,1,0,3,major=1|same=1,1,1
147,147_6,147_7,1,neutral,0,2,0,3,major=1|same=1,1,1
147,147_7,147_8,1,neutral,0,2,0,1,major=1|same=1,1,1
147,147_8,147_9,1,neutral,0,0,0,1,major=1|same=0,1,0
147,147_9,147_10,2,positive,0,1,3,1,major=1|same=0,1,0
149,149_0,149_1,0,negative,0,2,3,1,major=1|same=0,1,0
149,149_1,149_2,0,negative,0,0,3,1,major=0|same=0,0,0
150,150_0,150_1,0,negative,0,2,1,1,major=0|same=0,0,0
150,150_1,150_2,0,negative,0,2,3,3,major=1|same=0,1,0
150,150_2,150_3,0,negative,0,2,1,1,major=0|same=0,0,0
150,150_3,150_4,0,negative,0,0,3,1,major=1|same=0,1,0
150,150_4,150_5,1,neutral,0,2,2,2,major=0|same=0,0,0
151,151_0,151_1,1,neutral,0,1,3,3,major=1|same=0,1,0
151,151_1,151_2,1,neutral,0,0,1,3,major=0|same=0,0,0
151,151_2,151_3,1,neutral,0,0,1,3,major=1|same=1,1,1
152,152_0,152_1,1,neutral,0,3,1,3,major=1|same=0,1,0
152,152_1,152_2,2,positive,0,2,3,1,major=0|same=0,0,0
152,152_2,152_3,1,neutral,1,0,1,3,major=1|same=0,1,0
152,152_3,152_4,1,neutral,1,2,3,2,major=0|same=0,0,0
153,153_0,153_1,1,neutral,0,2,3,1,major=1|same=0,1,0
153,153_1,153_2,1,neutral,0,2,3,1,major=1|same=0,1,0
153,153_2,153_3,1,neutral,0,3,3,1,major=1|same=1,1,1
153,153_3,153_4,0,negative,1,3,3,2,major=1|same=1,1,1
153,153_4,153_5,1,neutral,0,3,3,1,major=1|same=1,1,1
153,153_5,153_6,1,neutral,0,2,3,2,major=1|same=1,1,1
153,153_6,153_7,1,neutral,0,2,3,1,major=1|same=1,1,1
153,153_7,153_8,2,positive,0,2,2,1,major=1|same=0,1,0
153,153_8,153_9,1,neutral,0,1,3,1,major=1|same=0,1,0
153,153_9,153_10,2,positive,0,2,2,2,major=1|same=0,1,0
153,153_10,153_11,0,negative,0,1,2,1,major=1|same=0,1,0
154,154_0,154_1,2,positive,3,3,0,3,major=0|same=0,0,0
154,154_1,154_2,2,positive,0,2,1,0,major=1|same=0,1,0
154,154_2,154_3,2,positive,0,2,0,3,major=0|same=0,0,0
154,154_3,154_4,1,neutral,0,0,3,3,major=1|same=0,1,0
154,154_4,154_5,1,neutral,0,3,0,3,major=1|same=0,1,0
154,154_5,154_6,0,negative,0,3,0,1,major=1|same=0,1,0
154,154_6,154_7,2,positive,0,2,0,3,major=0|same=0,0,0
154,154_7,154_8,0,negative,0,1,2,1,major=1|same=0,1,0
154,154_8,154_9,2,positive,0,3,3,3,major=1|same=0,1,0
154,154_9,154_10,2,positive,0,3,0,3,major=0|same=0,0,0
154,154_10,154_11,2,positive,0,0,3,1,major=1|same=1,1,1
154,154_11,154_12,2,positive,0,0,3,3,major=1|same=1,1,1
154,154_12,154_13,1,neutral,0,3,0,1,major=1|same=0,1,0
154,154_13,154_14,1,neutral,1,3,0,1,major=0|same=1,0,1
154,154_14,154_15,0,negative,0,0,3,1,major=0|same=0,0,0
154,154_15,154_16,2,positive,0,3,3,3,major=1|same=0,1,0
154,154_16,154_17,2,positive,1,0,3,1,major=0|same=0,0,0
154,154_17,154_18,1,neutral,2,2,3,1,major=1|same=0,1,0
154,154_18,154_19,1,neutral,0,3,3,1,major=0|same=0,0,0
154,154_19,154_20,1,neutral,0,0,3,1,major=1|same=0,1,0
155,155_0,155_1,0,negative,0,3,3,1,major=1|same=0,1,0
155,155_1,155_2,1,neutral,0,0,3,1,major=1|same=0,1,0
155,155_2,155_3,0,negative,0,3,1,0,major=1|same=0,1,0
155,155_3,155_4,1,neutral,0,1,3,1,major=1|same=0,1,0
155,155_4,155_5,0,negative,1,1,0,3,major=1|same=0,1,0
155,155_5,155_6,1,neutral,0,2,3,0,major=1|same=0,1,0
155,155_6,155_7,1,neutral,0,1,3,1,major=1|same=1,1,1
155,155_7,155_8,0,negative,0,3,3,1,major=1|same=0,1,0
156,156_0,156_1,2,positive,0,3,3,0,major=0|same=0,0,0
156,156_1,156_2,1,neutral,1,1,3,1,major=1|same=0,1,0
156,156_2,156_3,1,neutral,0,2,0,3,major=0|same=0,0,0
156,156_3,156_4,1,neutral,0,0,1,0,major=1|same=0,1,0
156,156_4,156_5,1,neutral,0,2,1,3,major=0|same=0,0,0
156,156_5,156_6,0,negative,1,2,3,2,major=1|same=0,1,0
156,156_6,156_7,2,positive,0,2,0,3,major=0|same=0,0,0
156,156_7,156_8,1,neutral,0,1,3,1,major=1|same=0,1,0
156,156_8,156_9,0,negative,0,3,3,1,major=0|same=0,0,0
156,156_9,156_10,0,negative,0,1,3,1,major=1|same=0,1,0
156,156_10,156_11,2,positive,0,2,3,3,major=0|same=1,0,1
156,156_11,156_12,0,negative,0,1,2,3,major=0|same=0,0,0
156,156_12,156_13,1,neutral,0,3,3,1,major=1|same=0,1,0
156,156_13,156_14,2,positive,0,2,3,3,major=0|same=1,0,1
156,156_14,156_15,0,negative,0,2,3,1,major=0|same=0,0,0
157,157_0,157_1,1,neutral,0,1,3,2,major=1|same=1,1,1
157,157_1,157_2,0,negative,1,0,1,2,major=1|same=0,1,0
157,157_2,157_3,1,neutral,0,0,3,3,major=1|same=0,1,0
157,157_3,157_4,1,neutral,1,3,3,3,major=1|same=0,1,0
157,157_4,157_5,1,neutral,0,2,3,3,major=1|same=0,1,0
157,157_5,157_6,1,neutral,0,2,3,3,major=1|same=0,1,0
157,157_6,157_7,1,neutral,0,2,1,3,major=1|same=0,1,0
158,158_0,158_1,0,negative,0,3,1,0,major=0|same=0,0,0
158,158_1,158_2,0,negative,0,1,3,2,major=1|same=0,1,0
158,158_2,158_3,1,neutral,0,0,3,1,major=0|same=0,0,0
158,158_3,158_4,0,negative,0,1,1,2,major=0|same=0,0,0
158,158_4,158_5,1,neutral,0,0,1,2,major=0|same=0,0,0
158,158_5,158_6,0,negative,0,0,3,1,major=1|same=0,1,0
159,159_0,159_1,0,negative,0,1,3,3,major=0|same=1,0,1
160,160_0,160_1,0,negative,0,3,3,1,major=1|same=0,1,0
160,160_1,160_2,0,negative,0,3,0,1,major=1|same=1,1,1
160,160_2,160_3,0,negative,0,3,2,1,major=1|same=1,1,1
160,160_3,160_4,0,negative,0,3,2,3,major=1|same=1,1,1
160,160_4,160_5,0,negative,0,2,2,2,major=1|same=1,1,1
160,160_5,160_6,0,negative,0,3,2,3,major=1|same=1,1,1
160,160_6,160_7,0,negative,0,1,0,3,major=1|same=1,1,1
160,160_7,160_8,0,negative,0,3,2,3,major=1|same=0,1,0
160,160_8,160_9,0,negative,3,1,3,1,major=1|same=1,1,1
160,160_9,160_10,0,negative,0,2,3,3,major=1|same=1,1,1
160,160_10,160_11,0,negative,0,2,3,1,major=1|same=1,1,1
160,160_11,160_12,0,negative,1,2,0,3,major=1|same=1,1,1
160,160_12,160_13,0,negative,0,1,3,1,major=1|same=0,1,0
161,161_0,161_1,1,neutral,0,0,0,3,major=0|same=0,0,0
161,161_1,161_2,1,neutral,0,3,3,3,major=1|same=1,1,1
161,161_2,161_3,2,positive,0,3,3,3,major=1|same=1,1,1
161,161_3,161_4,2,positive,1,0,3,3,major=1|same=0,1,0
161,161_4,161_5,1,neutral,0,0,0,3,major=0|same=1,0,1
161,161_5,161_6,2,positive,0,1,3,2,major=0|same=0,0,0
161,161_6,161_7,1,neutral,0,2,3,2,major=1|same=0,1,0
161,161_7,161_8,1,neutral,0,0,3,2,major=1|same=0,1,0
161,161_8,161_9,1,neutral,0,0,3,2,major=1|same=0,1,0
161,161_9,161_10,2,positive,0,0,3,1,major=1|same=0,1,0
161,161_10,161_11,2,positive,0,1,3,1,major=1|same=1,1,1
162,162_0,162_1,1,neutral,0,1,1,2,major=1|same=0,1,0
162,162_1,162_2,1,neutral,0,2,3,3,major=0|same=0,0,0
162,162_2,162_3,1,neutral,0,0,1,2,major=1|same=0,1,0
162,162_3,162_4,1,neutral,0,3,3,3,major=0|same=0,0,0
162,162_4,162_5,0,negative,0,0,1,3,major=1|same=0,1,0
163,163_0,163_1,0,negative,1,3,0,1,major=1|same=0,1,0
163,163_1,163_2,0,negative,0,0,0,1,major=1|same=0,1,0
163,163_2,163_3,2,positive,3,0,0,1,major=1|same=1,1,1
163,163_3,163_4,1,neutral,0,3,0,1,major=1|same=1,1,1
163,163_4,163_5,1,neutral,0,1,0,1,major=1|same=1,1,1
163,163_5,163_6,0,negative,0,0,0,1,major=1|same=1,1,1
163,163_6,163_7,1,neutral,0,2,0,1,major=1|same=1,1,1
163,163_7,163_8,1,neutral,0,0,0,3,major=1|same=1,1,1
163,163_8,163_9,0,negative,0,2,0,3,major=1|same=0,1,0
164,164_0,164_1,1,neutral,0,0,1,0,major=1|same=0,1,0
164,164_1,164_2,1,neutral,0,1,1,0,major=1|same=0,1,0
164,164_2,164_3,1,neutral,0,0,3,1,major=1|same=0,1,0
164,164_3,164_4,1,neutral,1,2,3,3,major=1|same=0,1,0
164,164_4,164_5,1,neutral,1,1,3,1,major=1|same=0,1,0
164,164_5,164_6,1,neutral,1,2,3,1,major=1|same=0,1,0
164,164_6,164_7,0,negative,0,0,3,1,major=1|same=1,1,1
164,164_7,164_8,1,neutral,0,3,3,1,major=1|same=0,1,0
165,165_0,165_1,1,neutral,0,1,1,0,major=1|same=0,1,0
165,165_1,165_2,0,negative,0,3,2,2,major=1|same=0,1,0
165,165_2,165_3,0,negative,1,2,0,3,major=1|same=0,1,0
165,165_3,165_4,0,negative,1,3,0,3,major=1|same=0,1,0
166,166_0,166_1,0,negative,0,0,3,1,major=1|same=0,1,0
166,166_1,166_2,0,negative,0,2,0,1,major=1|same=0,1,0
166,166_2,166_3,0,negative,0,0,2,1,major=1|same=0,1,0
166,166_3,166_4,0,negative,1,2,0,1,major=1|same=0,1,0
166,166_4,166_5,0,negative,0,0,3,1,major=1|same=0,1,0
166,166_5,166_6,1,neutral,0,3,2,1,major=1|same=0,1,0
166,166_6,166_7,1,neutral,1,2,2,1,major=1|same=0,1,0
166,166_7,166_8,1,neutral,0,0,2,1,major=1|same=1,1,1
166,166_8,166_9,1,neutral,0,3,0,3,major=1|same=1,1,1
166,166_9,166_10,1,neutral,0,3,2,1,major=1|same=1,1,1
166,166_10,166_11,1,neutral,0,0,2,1,major=1|same=1,1,1
166,166_11,166_12,1,neutral,0,0,2,1,major=1|same=1,1,1
166,166_12,166_13,1,neutral,0,3,0,1,major=1|same=1,1,1
167,167_0,167_1,1,neutral,1,0,3,2,major=1|same=1,1,1
167,167_1,167_2,1,neutral,0,3,3,2,major=1|same=0,1,0
167,167_2,167_3,1,neutral,0,0,1,0,major=0|same=0,0,0
167,167_3,167_4,1,neutral,1,2,3,2,major=1|same=0,1,0
167,167_4,167_5,2,positive,0,3,3,1,major=0|same=0,0,0
167,167_5,167_6,2,positive,0,1,1,2,major=1|same=0,1,0
167,167_6,167_7,0,negative,0,0,3,1,major=0|same=0,0,0
167,167_7,167_8,0,negative,0,0,3,2,major=1|same=0,1,0
167,167_8,167_9,0,negative,0,0,3,2,major=1|same=0,1,0
167,167_9,167_10,1,neutral,1,3,3,2,major=1|same=0,1,0
167,167_10,167_11,1,neutral,0,2,2,2,major=0|same=0,0,0
167,167_11,167_12,1,neutral,0,2,3,3,major=1|same=0,1,0
167,167_12,167_13,1,neutral,0,1,3,2,major=0|same=0,0,0
167,167_13,167_14,0,negative,0,2,1,3,major=1|same=0,1,0
167,167_14,167_15,1,neutral,0,2,3,2,major=0|same=1,0,1
167,167_15,167_16,1,neutral,0,0,3,2,major=0|same=0,0,0
168,168_0,168_1,1,neutral,0,3,3,0,major=1|same=1,1,1
168,168_1,168_2,1,neutral,0,2,3,1,major=1|same=1,1,1
168,168_2,168_3,1,neutral,0,3,1,0,major=1|same=1,1,1
168,168_3,168_4,1,neutral,0,3,3,1,major=1|same=0,1,0
168,168_4,168_5,1,neutral,0,2,3,1,major=1|same=0,1,0
168,168_5,168_6,1,neutral,0,3,1,0,major=0|same=0,0,0
168,168_6,168_7,1,neutral,0,1,3,0,major=1|same=0,1,0
168,168_7,168_8,0,negative,0,1,3,3,major=0|same=0,0,0
168,168_8,168_9,1,neutral,1,0,1,1,major=1|same=0,1,0
168,168_9,168_10,1,neutral,0,3,2,1,major=1|same=0,1,0
168,168_10,168_11,0,negative,0,3,2,1,major=0|same=0,0,0
168,168_11,168_12,0,negative,1,1,3,1,major=1|same=0,1,0
168,168_12,168_13,0,negative,0,3,3,3,major=0|same=0,0,0
168,168_13,168_14,0,negative,0,3,2,1,major=1|same=0,1,0
168,168_14,168_15,0,negative,0,3,3,3,major=0|same=1,0,1
168,168_15,168_16,0,negative,0,0,3,3,major=0|same=1,0,1
168,168_16,168_17,0,negative,0,3,3,3,major=0|same=1,0,1
168,168_17,168_18,1,neutral,0,3,3,3,major=0|same=0,0,0
169,169_0,169_1,2,positive,0,1,3,3,major=1|same=0,1,0
169,169_1,169_2,0,negative,0,1,2,2,major=1|same=0,1,0
169,169_2,169_3,0,negative,0,3,3,3,major=1|same=0,1,0
169,169_3,169_4,0,negative,1,1,1,1,major=1|same=0,1,0
169,169_4,169_5,0,negative,0,0,1,3,major=1|same=0,1,0
169,169_5,169_6,0,negative,0,0,1,3,major=1|same=0,1,0
169,169_6,169_7,1,neutral,0,2,3,3,major=1|same=0,1,0
169,169_7,169_8,0,negative,1,2,3,3,major=1|same=0,1,0
169,169_8,169_9,0,negative,0,0,2,2,major=1|same=0,1,0
169,169_9,169_10,0,negative,3,1,2,2,major=1|same=0,1,0
169,169_10,169_11,0,negative,0,0,1,3,major=1|same=0,1,0
169,169_11,169_12,2,positive,1,2,0,1,major=1|same=0,1,0
169,169_12,169_13,1,neutral,1,0,3,2,major=1|same=0,1,0
169,169_13,169_14,1,neutral,0,2,2,1,major=1|same=0,1,0
169,169_14,169_15,0,negative,0,3,3,1,major=1|same=0,1,0
169,169_15,169_16,1,neutral,0,1,3,3,major=1|same=0,1,0
169,169_16,169_17,0,negative,0,3,3,2,major=1|same=0,1,0
169,169_17,169_18,0,negative,1,0,2,2,major=1|same=0,1,0
169,169_18,169_19,1,neutral,1,3,2,2,major=1|same=0,1,0
169,169_19,169_20,1,neutral,0,3,2,3,major=1|same=0,1,0
169,169_20,169_21,0,negative,0,3,0,2,major=1|same=0,1,0
169,169_21,169_22,0,negative,0,2,2,2,major=1|same=0,1,0
170,170_0,170_1,2,positive,0,1,2,3,major=1|same=0,1,0
170,170_1,170_2,1,neutral,1,3,3,3,major=1|same=0,1,0
170,170_2,170_3,0,negative,0,2,2,1,major=1|same=0,1,0
170,170_3,170_4,0,negative,0,3,3,3,major=1|same=1,1,1
171,171_0,171_1,2,positive,0,0,3,2,major=1|same=0,1,0
171,171_1,171_2,1,neutral,0,1,3,3,major=1|same=0,1,0
171,171_2,171_3,2,positive,0,3,0,1,major=1|same=0,1,0
171,171_3,171_4,2,positive,0,3,1,3,major=1|same=0,1,0
171,171_4,171_5,1,neutral,0,1,3,3,major=0|same=0,0,0
171,171_5,171_6,1,neutral,0,1,3,3,major=0|same=0,0,0
171,171_6,171_7,2,positive,0,1,3,3,major=0|same=0,0,0
171,171_7,171_8,2,positive,0,1,2,3,major=1|same=0,1,0
172,172_0,172_1,1,neutral,0,3,0,0,major=0|same=0,0,0
172,172_1,172_2,1,neutral,0,1,1,3,major=0|same=0,0,0
173,173_0,173_1,0,negative,0,2,1,2,major=1|same=0,1,0
173,173_1,173_2,1,neutral,0,2,1,1,major=1|same=1,1,1
173,173_2,173_3,1,neutral,0,0,0,3,major=1|same=1,1,1
173,173_3,173_4,0,negative,0,3,1,2,major=1|same=1,1,1
173,173_4,173_5,0,negative,0,0,1,1,major=1|same=1,1,1
173,173_5,173_6,0,negative,2,2,3,3,major=1|same=1,1,1
173,173_6,173_7,0,negative,2,1,3,3,major=1|same=1,1,1
173,173_7,173_8,0,negative,1,0,1,2,major=1|same=1,1,1
173,173_8,173_9,1,neutral,0,1,0,3,major=1|same=1,1,1
173,173_9,173_10,1,neutral,0,0,1,2,major=1|same=0,1,0
173,173_10,173_11,0,negative,1,3,3,1,major=1|same=0,1,0
173,173_11,173_12,0,negative,1,1,1,3,major=1|same=1,1,1
173,173_12,173_13,0,negative,1,0,2,3,major=1|same=1,1,1
173,173_13,173_14,0,negative,0,1,3,3,major=1|same=1,1,1
173,173_14,173_15,2,positive,0,0,3,1,major=1|same=1,1,1
173,173_15,173_16,0,negative,0,1,1,3,major=1|same=1,1,1
173,173_16,173_17,1,neutral,0,2,1,3,major=1|same=1,1,1
173,173_17,173_18,1,neutral,0,0,3,3,major=1|same=0,1,0
174,174_0,174_1,1,neutral,0,0,1,3,major=1|same=0,1,0
174,174_1,174_2,1,neutral,0,1,2,1,major=0|same=0,0,0
174,174_2,174_3,1,neutral,0,3,3,3,major=1|same=1,1,1
174,174_3,174_4,0,negative,0,3,1,3,major=1|same=0,1,0
174,174_4,174_5,2,positive,1,2,3,3,major=1|same=0,1,0
174,174_5,174_6,0,negative,0,1,3,3,major=1|same=0,1,0
174,174_6,174_7,1,neutral,0,0,3,2,major=1|same=0,1,0
174,174_7,174_8,0,negative,0,2,1,3,major=0|same=0,0,0
174,174_8,174_9,1,neutral,0,0,3,2,major=1|same=0,1,0
174,174_9,174_10,1,neutral,0,2,1,3,major=1|same=0,1,0
174,174_10,174_11,1,neutral,1,2,2,1,major=0|same=0,0,0
174,174_11,174_12,1,neutral,0,0,3,2,major=1|same=0,1,0
174,174_12,174_13,0,negative,0,2,3,3,major=1|same=0,1,0
174,174_13,174_14,1,neutral,1,0,3,3,major=1|same=0,1,0
174,174_14,174_15,0,negative,0,3,3,1,major=0|same=0,0,0
174,174_15,174_16,1,neutral,0,2,3,1,major=1|same=0,1,0
174,174_16,174_17,0,negative,0,0,3,3,major=0|same=0,0,0
174,174_17,174_18,1,neutral,0,3,3,1,major=1|same=0,1,0
175,175_0,175_1,1,neutral,1,2,2,1,major=1|same=0,1,0
175,175_1,175_2,2,positive,0,2,3,1,major=0|same=0,0,0
175,175_2,175_3,2,positive,0,2,3,1,major=1|same=0,1,0
175,175_3,175_4,0,negative,0,1,3,3,major=0|same=0,0,0
175,175_4,175_5,1,neutral,0,3,3,3,major=1|same=0,1,0
175,175_5,175_6,2,positive,0,2,3,1,major=0|same=0,0,0
175,175_6,175_7,1,neutral,0,3,3,3,major=1|same=0,1,0
175,175_7,175_8,0,negative,0,2,3,1,major=0|same=0,0,0
175,175_8,175_9,0,negative,0,1,3,3,major=1|same=1,1,1
175,175_9,175_10,0,negative,0,0,3,3,major=1|same=1,1,1
175,175_10,175_11,0,negative,0,2,3,3,major=1|same=1,1,1
175,175_11,175_12,0,negative,0,3,3,3,major=1|same=1,1,1
175,175_12,175_13,0,negative,0,3,3,3,major=1|same=0,1,0
175,175_13,175_14,0,negative,0,3,3,1,major=0|same=0,0,0
175,175_14,175_15,1,neutral,0,3,3,1,major=1|same=0,1,0
175,175_15,175_16,0,negative,0,0,3,1,major=0|same=0,0,0
175,175_16,175_17,0,negative,0,3,3,1,major=1|same=0,1,0
175,175_17,175_18,0,negative,0,3,3,1,major=0|same=0,0,0
175,175_18,175_19,1,neutral,0,1,3,1,major=1|same=0,1,0
175,175_19,175_20,0,negative,0,3,3,1,major=0|same=0,0,0
175,175_20,175_21,1,neutral,0,3,2,1,major=1|same=0,1,0
175,175_21,175_22,2,positive,0,2,3,2,major=0|same=0,0,0
176,176_0,176_1,1,neutral,0,0,3,1,major=1|same=0,1,0
177,177_0,177_1,1,neutral,0,1,3,3,major=1|same=0,1,0
177,177_1,177_2,1,neutral,0,2,2,3,major=1|same=0,1,0
178,178_0,178_1,1,neutral,1,0,1,0,major=1|same=0,1,0
178,178_1,178_2,2,positive,1,3,1,3,major=1|same=0,1,0
178,178_2,178_3,1,neutral,1,0,1,3,major=1|same=0,1,0
178,178_3,178_4,1,neutral,0,3,3,3,major=1|same=1,1,1
178,178_4,178_5,1,neutral,0,2,3,1,major=1|same=1,1,1
178,178_5,178_6,0,negative,0,3,2,1,major=1|same=1,1,1
178,178_6,178_7,1,neutral,0,0,3,1,major=1|same=0,1,0
178,178_7,178_8,1,neutral,0,0,1,3,major=1|same=0,1,0
178,178_8,178_9,0,negative,0,1,3,1,major=1|same=0,1,0
179,179_0,179_1,0,negative,0,0,2,2,major=1|same=0,1,0
179,179_1,179_2,0,negative,1,0,2,2,major=1|same=0,1,0
179,179_2,179_3,1,neutral,0,0,2,2,major=1|same=0,1,0
180,180_0,180_1,1,neutral,2,2,3,3,major=1|same=1,1,1
180,180_1,180_2,1,neutral,0,3,3,1,major=1|same=1,1,1
180,180_2,180_3,1,neutral,2,0,0,3,major=1|same=0,1,0
180,180_3,180_4,2,positive,0,1,0,3,major=0|same=0,0,0
180,180_4,180_5,2,positive,0,0,3,2,major=1|same=0,1,0
180,180_5,180_6,2,positive,0,1,3,3,major=1|same=0,1,0
180,180_6,180_7,1,neutral,0,0,3,3,major=1|same=0,1,0
180,180_7,180_8,0,negative,0,2,0,3,major=1|same=1,1,1
180,180_8,180_9,0,negative,0,3,0,1,major=1|same=1,1,1
181,181_0,181_1,2,positive,0,1,2,0,major=1|same=0,1,0
181,181_1,181_2,2,positive,0,2,2,1,major=1|same=0,1,0
181,181_2,181_3,1,neutral,0,0,1,0,major=1|same=0,1,0
181,181_3,181_4,1,neutral,3,3,1,0,major=0|same=0,0,0
181,181_4,181_5,0,negative,0,0,1,0,major=1|same=0,1,0
182,182_0,182_1,0,negative,0,0,2,2,major=1|same=1,1,1
182,182_1,182_2,0,negative,0,3,3,2,major=1|same=1,1,1
182,182_2,182_3,0,negative,3,1,3,3,major=1|same=1,1,1
182,182_3,182_4,0,negative,0,3,3,3,major=1|same=1,1,1
182,182_4,182_5,2,positive,0,2,2,2,major=1|same=1,1,1
182,182_5,182_6,2,positive,0,2,2,1,major=1|same=1,1,1
182,182_6,182_7,0,negative,0,0,0,3,major=1|same=1,1,1
182,182_7,182_8,0,negative,0,2,3,3,major=1|same=1,1,1
182,182_8,182_9,0,negative,0,2,3,2,major=1|same=1,1,1
183,183_0,183_1,1,neutral,0,2,0,2,major=0|same=0,0,0
183,183_1,183_2,1,neutral,0,2,2,2,major=1|same=0,1,0
183,183_2,183_3,0,negative,0,3,3,1,major=0|same=0,0,0
183,183_3,183_4,1,neutral,0,2,2,3,major=1|same=1,1,1
183,183_4,183_5,1,neutral,0,3,2,1,major=1|same=1,1,1
183,183_5,183_6,1,neutral,2,0,2,2,major=1|same=1,1,1
183,183_6,183_7,1,neutral,0,3,2,1,major=1|same=0,1,0
183,183_7,183_8,1,neutral,0,1,2,1,major=0|same=0,0,0
184,184_0,184_1,2,positive,1,0,3,3,major=1|same=0,1,0
184,184_1,184_2,0,negative,0,2,3,1,major=1|same=0,1,0
184,184_2,184_3,0,negative,0,2,3,1,major=1|same=1,1,1
184,184_3,184_4,0,negative,0,2,2,3,major=1|same=1,1,1
184,184_4,184_5,1,neutral,0,2,2,1,major=1|same=1,1,1
184,184_5,184_6,0,negative,0,0,2,3,major=1|same=0,1,0
184,184_6,184_7,0,negative,0,3,2,1,major=1|same=0,1,0
184,184_7,184_8,1,neutral,0,1,2,3,major=1|same=1,1,1
184,184_8,184_9,0,negative,0,3,2,3,major=1|same=0,1,0
184,184_9,184_10,1,neutral,0,1,3,1,major=1|same=0,1,0
184,184_10,184_11,2,positive,1,1,3,1,major=1|same=0,1,0
184,184_11,184_12,1,neutral,0,0,3,3,major=1|same=0,1,0
184,184_12,184_13,1,neutral,0,1,3,3,major=1|same=0,1,0
184,184_13,184_14,2,positive,0,2,3,3,major=1|same=0,1,0
185,185_0,185_1,1,neutral,0,0,3,1,major=1|same=1,1,1
185,185_1,185_2,0,negative,0,1,2,2,major=1|same=1,1,1
185,185_2,185_3,2,positive,0,2,3,2,major=1|same=0,1,0
185,185_3,185_4,0,negative,0,0,2,2,major=1|same=0,1,0
185,185_4,185_5,1,neutral,0,2,2,2,major=1|same=0,1,0
185,185_5,185_6,2,positive,0,1,2,2,major=1|same=0,1,0
185,185_6,185_7,1,neutral,0,1,3,1,major=1|same=0,1,0
186,186_0,186_1,1,neutral,0,3,3,1,major=1|same=0,1,0
186,186_1,186_2,1,neutral,1,3,3,1,major=1|same=0,1,0
186,186_2,186_3,0,negative,0,3,3,1,major=1|same=0,1,0
187,187_0,187_1,1,neutral,0,3,1,0,major=0|same=0,0,0
187,187_1,187_2,1,neutral,0,2,1,0,major=1|same=0,1,0
187,187_2,187_3,2,positive,0,3,1,1,major=0|same=0,0,0
187,187_3,187_4,2,positive,0,3,1,0,major=0|same=0,0,0
187,187_4,187_5,1,neutral,0,2,1,0,major=1|same=0,1,0
187,187_5,187_6,1,neutral,0,0,1,1,major=0|same=1,0,1
187,187_6,187_7,1,neutral,0,0,1,1,major=0|same=1,0,1
187,187_7,187_8,1,neutral,0,0,1,2,major=0|same=0,0,0
188,188_0,188_1,1,neutral,0,3,2,1,major=1|same=0,1,0
188,188_1,188_2,1,neutral,0,3,2,2,major=1|same=0,1,0
188,188_2,188_3,1,neutral,0,2,3,2,major=1|same=0,1,0
188,188_3,188_4,1,neutral,0,1,2,2,major=1|same=0,1,0
188,188_4,188_5,1,neutral,0,1,2,1,major=1|same=0,1,0
188,188_5,188_6,1,neutral,0,3,2,2,major=1|same=0,1,0
188,188_6,188_7,1,neutral,0,2,2,2,major=1|same=0,1,0
188,188_7,188_8,2,positive,0,2,2,1,major=1|same=0,1,0
189,189_0,189_1,2,positive,0,2,1,0,major=1|same=1,1,1
189,189_1,189_2,2,positive,0,1,1,2,major=1|same=1,1,1
189,189_2,189_3,2,positive,0,2,2,2,major=1|same=1,1,1
189,189_3,189_4,1,neutral,3,2,3,2,major=1|same=1,1,1
189,189_4,189_5,1,neutral,2,0,2,2,major=1|same=1,1,1
189,189_5,189_6,1,neutral,0,2,2,2,major=1|same=0,1,0
189,189_6,189_7,0,negative,1,3,2,2,major=1|same=0,1,0
189,189_7,189_8,0,negative,0,3,2,2,major=1|same=0,1,0
189,189_8,189_9,1,neutral,0,2,2,2,major=1|same=0,1,0
190,190_0,190_1,1,neutral,0,3,1,0,major=1|same=0,1,0
190,190_1,190_2,0,negative,0,3,3,3,major=1|same=0,1,0
190,190_2,190_3,1,neutral,0,2,1,0,major=1|same=0,1,0
190,190_3,190_4,1,neutral,0,1,3,1,major=1|same=0,1,0
191,191_0,191_1,1,neutral,0,1,1,0,major=1|same=0,1,0
191,191_1,191_2,0,negative,0,0,1,0,major=1|same=0,1,0
191,191_2,191_3,1,neutral,0,3,3,2,major=1|same=0,1,0
191,191_3,191_4,1,neutral,0,2,1,0,major=0|same=0,0,0
191,191_4,191_5,1,neutral,0,2,1,0,major=1|same=0,1,0
191,191_5,191_6,2,positive,0,3,1,0,major=0|same=0,0,0
191,191_6,191_7,1,neutral,0,3,2,1,major=1|same=0,1,0
191,191_7,191_8,2,positive,0,0,2,1,major=0|same=0,0,0
191,191_8,191_9,1,neutral,0,3,3,1,major=1|same=0,1,0
192,192_0,192_1,1,neutral,0,0,1,0,major=1|same=0,1,0
192,192_1,192_2,0,negative,0,3,3,1,major=1|same=0,1,0
192,192_2,192_3,1,neutral,0,2,2,1,major=1|same=0,1,0
192,192_3,192_4,0,negative,0,2,3,1,major=1|same=0,1,0
192,192_4,192_5,0,negative,0,0,2,1,major=1|same=0,1,0
192,192_5,192_6,1,neutral,0,0,2,1,major=1|same=0,1,0
192,192_6,192_7,0,negative,0,3,2,1,major=1|same=0,1,0
192,192_7,192_8,2,positive,0,1,1,0,major=1|same=0,1,0
192,192_8,192_9,0,negative,1,1,2,2,major=1|same=0,1,0
192,192_9,192_10,1,neutral,0,2,2,0,major=1|same=0,1,0
192,192_10,192_11,1,neutral,1,1,3,1,major=1|same=1,1,1
193,193_0,193_1,2,positive,1,1,1,0,major=1|same=1,1,1
193,193_1,193_2,1,neutral,0,3,3,0,major=1|same=1,1,1
193,193_2,193_3,1,neutral,0,2,3,1,major=1|same=1,1,1
193,193_3,193_4,1,neutral,0,2,3,2,major=1|same=1,1,1
194,194_0,194_1,1,neutral,0,1,3,1,major=1|same=1,1,1
194,194_1,194_2,1,neutral,0,0,3,2,major=1|same=0,1,0
194,194_2,194_3,0,negative,0,2,3,2,major=1|same=1,1,1
194,194_3,194_4,1,neutral,0,2,3,1,major=1|same=0,1,0
195,195_0,195_1,1,neutral,0,2,1,0,major=1|same=1,1,1
195,195_1,195_2,0,negative,0,3,3,3,major=1|same=1,1,1
195,195_2,195_3,1,neutral,1,3,3,1,major=1|same=0,1,0
195,195_3,195_4,1,neutral,1,1,2,1,major=1|same=0,1,0
195,195_4,195_5,1,neutral,0,3,3,1,major=1|same=0,1,0
195,195_5,195_6,2,positive,0,1,2,1,major=1|same=1,1,1
195,195_6,195_7,2,positive,1,3,3,1,major=1|same=1,1,1
195,195_7,195_8,2,positive,0,3,3,1,major=1|same=0,1,0
195,195_8,195_9,1,neutral,0,2,3,1,major=1|same=0,1,0
195,195_9,195_10,2,positive,0,2,3,1,major=1|same=0,1,0
195,195_10,195_11,1,neutral,0,2,3,1,major=1|same=0,1,0
196,196_0,196_1,0,negative,1,2,2,0,major=1|same=0,1,0
196,196_1,196_2,0,negative,0,2,3,2,major=1|same=0,1,0
196,196_2,196_3,0,negative,1,3,3,3,major=1|same=0,1,0
196,196_3,196_4,0,negative,0,0,3,1,major=1|same=1,1,1
196,196_4,196_5,0,negative,0,3,3,1,major=1|same=1,1,1
196,196_5,196_6,0,negative,1,0,3,1,major=1|same=1,1,1
196,196_6,196_7,0,negative,0,0,3,1,major=1|same=1,1,1
196,196_7,196_8,1,neutral,0,3,3,3,major=1|same=1,1,1
196,196_8,196_9,1,neutral,0,2,1,0,major=1|same=1,1,1
196,196_9,196_10,1,neutral,0,2,1,0,major=1|same=1,1,1
196,196_10,196_11,1,neutral,0,2,1,0,major=1|same=1,1,1
196,196_11,196_12,0,negative,0,2,3,1,major=1|same=1,1,1
196,196_12,196_13,1,neutral,0,2,3,1,major=1|same=1,1,1
196,196_13,196_14,0,negative,0,1,3,1,major=1|same=1,1,1
196,196_14,196_15,0,negative,0,0,2,0,major=1|same=1,1,1
196,196_15,196_16,0,negative,0,0,2,0,major=1|same=1,1,1
196,196_16,196_17,1,neutral,1,1,2,0,major=1|same=0,1,0
197,197_0,197_1,1,neutral,0,1,2,1,major=0|same=0,0,0
197,197_1,197_2,1,neutral,0,1,3,3,major=1|same=0,1,0
197,197_2,197_3,1,neutral,0,3,3,3,major=0|same=0,0,0
197,197_3,197_4,2,positive,0,0,3,3,major=1|same=0,1,0
198,198_0,198_1,2,positive,1,3,1,3,major=1|same=0,1,0
198,198_1,198_2,0,negative,0,2,3,1,major=1|same=0,1,0
198,198_2,198_3,1,neutral,0,3,3,1,major=1|same=0,1,0
198,198_3,198_4,0,negative,0,3,3,0,major=1|same=0,1,0
198,198_4,198_5,0,negative,0,3,2,1,major=1|same=0,1,0
198,198_5,198_6,2,positive,0,2,3,1,major=1|same=0,1,0
198,198_6,198_7,2,positive,0,2,0,1,major=1|same=1,1,1
198,198_7,198_8,0,negative,0,0,3,1,major=1|same=1,1,1
198,198_8,198_9,1,neutral,0,1,3,2,major=1|same=0,1,0
198,198_9,198_10,1,neutral,0,2,3,2,major=1|same=1,1,1
198,198_10,198_11,1,neutral,0,2,3,3,major=1|same=1,1,1
198,198_11,198_12,2,positive,0,3,2,1,major=1|same=1,1,1
199,199_0,199_1,0,negative,0,1,3,3,major=1|same=0,1,0
199,199_1,199_2,1,neutral,1,2,1,0,major=1|same=0,1,0
199,199_2,199_3,1,neutral,0,1,1,1,major=1|same=0,1,0
199,199_3,199_4,0,negative,0,2,2,2,major=1|same=0,1,0
199,199_4,199_5,0,negative,0,3,3,1,major=1|same=0,1,0
199,199_5,199_6,0,negative,0,3,3,3,major=1|same=0,1,0
199,199_6,199_7,0,negative,0,3,3,3,major=1|same=1,1,1
199,199_7,199_8,0,negative,0,2,0,2,major=1|same=1,1,1
199,199_8,199_9,0,negative,1,1,3,3,major=1|same=0,1,0
199,199_9,199_10,0,negative,0,2,1,3,major=1|same=0,1,0
199,199_10,199_11,0,negative,0,1,0,2,major=1|same=0,1,0
199,199_11,199_12,0,negative,0,2,2,2,major=1|same=0,1,0
199,199_12,199_13,0,negative,0,1,3,3,major=1|same=1,1,1
199,199_13,199_14,0,negative,0,1,3,3,major=1|same=0,1,0
199,199_14,199_15,2,positive,0,2,3,2,major=1|same=0,1,0
200,200_0,200_1,0,negative,1,2,3,1,major=1|same=1,1,1
200,200_1,200_2,0,negative,1,3,3,1,major=1|same=1,1,1
200,200_2,200_3,0,negative,1,3,3,1,major=1|same=1,1,1
200,200_3,200_4,0,negative,0,0,1,0,major=1|same=1,1,1
201,201_0,201_1,0,negative,0,3,3,1,major=1|same=0,1,0
201,201_1,201_2,2,positive,0,2,3,1,major=0|same=0,0,0
201,201_2,201_3,1,neutral,0,1,3,1,major=1|same=1,1,1
201,201_3,201_4,1,neutral,0,2,3,1,major=1|same=1,1,1
201,201_4,201_5,1,neutral,0,3,3,1,major=1|same=1,1,1
201,201_5,201_6,1,neutral,0,0,3,1,major=1|same=1,1,1
201,201_6,201_7,1,neutral,1,3,3,1,major=1|same=0,1,0
201,201_7,201_8,0,negative,0,3,3,1,major=0|same=0,0,0
201,201_8,201_9,1,neutral,0,2,3,2,major=1|same=0,1,0
201,201_9,201_10,2,positive,0,2,3,1,major=0|same=0,0,0
201,201_10,201_11,0,negative,0,2,2,0,major=1|same=1,1,1
202,202_0,202_1,2,positive,0,0,2,2,major=1|same=0,1,0
202,202_1,202_2,2,positive,3,2,1,0,major=1|same=0,1,0
202,202_2,202_3,2,positive,0,2,2,3,major=1|same=0,1,0
202,202_3,202_4,2,positive,0,0,2,1,major=0|same=0,0,0
202,202_4,202_5,2,positive,0,2,2,2,major=1|same=0,1,0
202,202_5,202_6,2,positive,0,3,3,3,major=1|same=0,1,0
202,202_6,202_7,2,positive,0,2,2,2,major=1|same=0,1,0
203,203_0,203_1,1,neutral,1,0,1,0,major=0|same=0,0,0
203,203_1,203_2,2,positive,0,2,1,0,major=1|same=0,1,0
203,203_2,203_3,2,positive,0,0,1,2,major=0|same=0,0,0
203,203_3,203_4,1,neutral,0,2,1,2,major=1|same=0,1,0
203,203_4,203_5,2,positive,1,0,1,2,major=0|same=0,0,0
203,203_5,203_6,2,positive,0,3,1,3,major=1|same=0,1,0
203,203_6,203_7,1,neutral,0,1,1,2,major=0|same=0,0,0
203,203_7,203_8,2,positive,0,0,1,1,major=1|same=0,1,0
203,203_8,203_9,2,positive,1,0,1,2,major=0|same=0,0,0
203,203_9,203_10,2,positive,0,2,1,3,major=1|same=0,1,0
203,203_10,203_11,1,neutral,0,3,1,3,major=0|same=0,0,0
203,203_11,203_12,1,neutral,0,1,1,2,major=1|same=0,1,0
204,204_0,204_1,0,negative,0,1,1,2,major=1|same=0,1,0
204,204_1,204_2,0,negative,0,2,1,0,major=1|same=0,1,0
204,204_2,204_3,0,negative,0,0,1,0,major=1|same=0,1,0
204,204_3,204_4,0,negative,1,3,1,2,major=1|same=1,1,1
204,204_4,204_5,0,negative,0,2,0,2,major=1|same=1,1,1
204,204_5,204_6,0,negative,0,3,0,2,major=1|same=1,1,1
204,204_6,204_7,0,negative,0,0,3,2,major=1|same=1,1,1
204,204_7,204_8,1,neutral,0,0,0,2,major=1|same=0,1,0
204,204_8,204_9,0,negative,0,3,0,2,major=1|same=0,1,0
205,205_0,205_1,0,negative,0,1,1,0,major=1|same=0,1,0
205,205_1,205_2,1,neutral,0,1,3,1,major=1|same=0,1,0
205,205_2,205_3,0,negative,0,0,3,1,major=1|same=0,1,0
205,205_3,205_4,0,negative,0,1,1,0,major=1|same=0,1,0
205,205_4,205_5,0,negative,1,0,2,3,major=1|same=0,1,0
205,205_5,205_6,0,negative,0,3,2,3,major=1|same=0,1,0
205,205_6,205_7,0,negative,0,2,2,3,major=1|same=0,1,0
206,206_0,206_1,1,neutral,0,1,1,0,major=1|same=0,1,0
206,206_1,206_2,1,neutral,1,3,0,3,major=1|same=0,1,0
206,206_2,206_3,1,neutral,0,2,0,3,major=1|same=0,1,0
206,206_3,206_4,0,negative,0,2,0,3,major=1|same=0,1,0
207,207_0,207_1,0,negative,0,0,3,3,major=1|same=0,1,0
208,208_0,208_1,1,neutral,3,0,3,3,major=1|same=1,1,1
208,208_1,208_2,1,neutral,1,3,3,1,major=1|same=1,1,1
208,208_2,208_3,1,neutral,0,2,3,3,major=1|same=0,1,0
208,208_3,208_4,0,negative,0,2,3,2,major=1|same=0,1,0
208,208_4,208_5,0,negative,1,2,3,3,major=1|same=0,1,0
208,208_5,208_6,1,neutral,1,3,3,3,major=1|same=0,1,0
208,208_6,208_7,0,negative,0,2,3,2,major=1|same=0,1,0
208,208_7,208_8,0,negative,0,2,1,1,major=1|same=0,1,0
208,208_8,208_9,0,negative,0,3,3,1,major=1|same=0,1,0
208,208_9,208_10,1,neutral,0,2,1,1,major=1|same=0,1,0
208,208_10,208_11,0,negative,0,0,3,1,major=1|same=0,1,0
208,208_11,208_12,1,neutral,0,1,1,3,major=1|same=0,1,0
208,208_12,208_13,0,negative,0,2,3,1,major=1|same=0,1,0
209,209_0,209_1,2,positive,0,0,0,3,major=1|same=0,1,0
210,210_0,210_1,0,negative,0,0,3,1,major=1|same=0,1,0
210,210_1,210_2,0,negative,0,1,2,0,major=1|same=0,1,0
210,210_2,210_3,1,neutral,0,1,3,3,major=1|same=0,1,0
210,210_3,210_4,0,negative,0,2,3,1,major=1|same=0,1,0
210,210_4,210_5,2,positive,0,3,3,1,major=1|same=0,1,0
210,210_5,210_6,0,negative,0,3,3,1,major=1|same=0,1,0
210,210_6,210_7,2,positive,0,1,2,2,major=1|same=0,1,0
210,210_7,210_8,0,negative,0,3,2,2,major=1|same=0,1,0
210,210_8,210_9,1,neutral,0,2,3,1,major=1|same=0,1,0
211,211_0,211_1,0,negative,0,0,2,1,major=0|same=0,0,0
211,211_1,211_2,0,negative,0,1,3,3,major=1|same=0,1,0
211,211_2,211_3,0,negative,0,1,2,3,major=0|same=0,0,0
211,211_3,211_4,0,negative,0,0,3,1,major=1|same=0,1,0
211,211_4,211_5,0,negative,0,2,2,1,major=1|same=0,1,0
211,211_5,211_6,1,neutral,0,1,2,1,major=0|same=0,0,0
211,211_6,211_7,1,neutral,0,3,2,2,major=1|same=0,1,0
212,212_0,212_1,1,neutral,0,2,3,3,major=1|same=0,1,0
212,212_1,212_2,0,negative,0,1,2,2,major=0|same=1,0,1
212,212_2,212_3,1,neutral,0,3,1,2,major=0|same=1,0,1
212,212_3,212_4,0,negative,0,1,1,3,major=0|same=1,0,1
212,212_4,212_5,1,neutral,0,0,1,3,major=0|same=0,0,0
212,212_5,212_6,0,negative,0,0,1,3,major=1|same=0,1,0
213,213_0,213_1,1,neutral,0,3,3,1,major=1|same=0,1,0
213,213_1,213_2,1,neutral,0,0,3,1,major=1|same=0,1,0
213,213_2,213_3,1,neutral,0,3,3,1,major=1|same=0,1,0
213,213_3,213_4,1,neutral,1,0,3,1,major=1|same=0,1,0
213,213_4,213_5,2,positive,0,2,3,1,major=1|same=0,1,0
213,213_5,213_6,2,positive,0,1,3,2,major=1|same=0,1,0
213,213_6,213_7,2,positive,0,0,3,1,major=1|same=0,1,0
213,213_7,213_8,1,neutral,0,1,3,2,major=1|same=0,1,0
213,213_8,213_9,1,neutral,1,0,3,2,major=1|same=0,1,0
213,213_9,213_10,1,neutral,0,3,2,1,major=1|same=0,1,0
213,213_10,213_11,1,neutral,0,3,2,3,major=1|same=0,1,0
214,214_0,214_1,0,negative,1,2,3,1,major=0|same=0,0,0
214,214_1,214_2,1,neutral,0,1,3,1,major=1|same=1,1,1
214,214_2,214_3,1,neutral,0,2,2,1,major=1|same=1,1,1
214,214_3,214_4,0,negative,1,3,3,1,major=1|same=1,1,1
214,214_4,214_5,2,positive,1,3,3,1,major=1|same=1,1,1
214,214_5,214_6,2,positive,0,1,3,1,major=1|same=1,1,1
214,214_6,214_7,2,positive,3,0,0,2,major=1|same=0,1,0
215,215_0,215_1,1,neutral,0,3,3,3,major=1|same=0,1,0
215,215_1,215_2,2,positive,0,2,3,3,major=0|same=0,0,0
215,215_2,215_3,1,neutral,1,0,3,1,major=1|same=0,1,0
215,215_3,215_4,2,positive,0,1,3,3,major=0|same=0,0,0
215,215_4,215_5,1,neutral,1,3,3,3,major=1|same=0,1,0
215,215_5,215_6,0,negative,0,2,3,3,major=0|same=0,0,0
215,215_6,215_7,0,negative,1,0,3,3,major=1|same=0,1,0
215,215_7,215_8,0,negative,0,0,3,3,major=0|same=0,0,0
215,215_8,215_9,1,neutral,0,2,1,3,major=1|same=0,1,0
215,215_9,215_10,0,negative,0,1,3,1,major=0|same=0,0,0
216,216_0,216_1,2,positive,1,2,3,3,major=1|same=0,1,0
216,216_1,216_2,1,neutral,0,2,3,1,major=1|same=0,1,0
216,216_2,216_3,1,neutral,0,2,3,2,major=1|same=0,1,0
217,217_0,217_1,0,negative,0,0,0,2,major=1|same=0,1,0
217,217_1,217_2,1,neutral,0,2,1,3,major=1|same=0,1,0
217,217_2,217_3,1,neutral,0,2,1,2,major=1|same=0,1,0
217,217_3,217_4,0,negative,0,2,0,2,major=1|same=0,1,0
217,217_4,217_5,1,neutral,0,2,1,3,major=1|same=0,1,0
217,217_5,217_6,0,negative,0,0,0,3,major=1|same=1,1,1
217,217_6,217_7,1,neutral,0,2,0,2,major=1|same=1,1,1
217,217_7,217_8,2,positive,1,2,0,3,major=1|same=0,1,0
217,217_8,217_9,1,neutral,0,2,0,2,major=1|same=0,1,0
217,217_9,217_10,1,neutral,0,1,0,2,major=1|same=0,1,0
217,217_10,217_11,1,neutral,0,2,0,2,major=1|same=0,1,0
218,218_0,218_1,1,neutral,0,0,1,0,major=1|same=0,1,0
218,218_1,218_2,1,neutral,0,2,0,2,major=1|same=0,1,0
219,219_0,219_1,0,negative,0,3,2,2,major=1|same=0,1,0
220,220_0,220_1,0,negative,0,1,3,1,major=1|same=0,1,0
221,221_0,221_1,1,neutral,0,1,1,0,major=1|same=0,1,0
221,221_1,221_2,1,neutral,0,2,1,0,major=1|same=1,1,1
221,221_2,221_3,1,neutral,0,0,0,2,major=1|same=0,1,0
221,221_3,221_4,0,negative,0,2,3,2,major=1|same=1,1,1
222,222_0,222_1,1,neutral,0,3,2,2,major=1|same=0,1,0
222,222_1,222_2,1,neutral,1,1,3,2,major=1|same=0,1,0
222,222_2,222_3,2,positive,0,0,2,2,major=1|same=1,1,1
222,222_3,222_4,2,positive,0,3,3,3,major=1|same=1,1,1
222,222_4,222_5,2,positive,0,3,2,1,major=1|same=1,1,1
222,222_5,222_6,2,positive,0,2,2,1,major=1|same=1,1,1
222,222_6,222_7,2,positive,0,2,2,0,major=1|same=1,1,1
222,222_7,222_8,1,neutral,0,3,2,0,major=1|same=1,1,1
222,222_8,222_9,1,neutral,0,2,2,3,major=1|same=0,1,0
222,222_9,222_10,0,negative,0,3,3,1,major=1|same=0,1,0
222,222_10,222_11,1,neutral,0,0,2,1,major=1|same=0,1,0
222,222_11,222_12,0,negative,0,3,3,1,major=1|same=1,1,1
222,222_12,222_13,2,positive,0,1,3,1,major=1|same=0,1,0
223,223_0,223_1,0,negative,1,3,3,1,major=1|same=0,1,0
223,223_1,223_2,1,neutral,0,1,2,2,major=1|same=1,1,1
223,223_2,223_3,0,negative,1,1,3,3,major=1|same=1,1,1
223,223_3,223_4,1,neutral,0,0,3,2,major=1|same=0,1,0
223,223_4,223_5,2,positive,1,2,1,3,major=1|same=0,1,0
223,223_5,223_6,1,neutral,0,0,2,2,major=1|same=0,1,0
224,224_0,224_1,1,neutral,0,1,1,0,major=0|same=1,0,1
224,224_1,224_2,1,neutral,0,1,1,0,major=0|same=1,0,1
224,224_2,224_3,1,neutral,0,1,1,0,major=0|same=1,0,1
224,224_3,224_4,1,neutral,0,2,1,0,major=0|same=1,0,1
224,224_4,224_5,1,neutral,0,0,1,0,major=0|same=1,0,1
224,224_5,224_6,1,neutral,0,1,1,0,major=0|same=1,0,1
224,224_6,224_7,1,neutral,0,1,1,0,major=0|same=1,0,1
224,224_7,224_8,1,neutral,0,1,1,3,major=0|same=1,0,1
225,225_0,225_1,2,positive,0,2,3,2,major=0|same=0,0,0
225,225_1,225_2,1,neutral,0,0,3,1,major=1|same=0,1,0
225,225_2,225_3,0,negative,0,2,3,3,major=1|same=0,1,0
225,225_3,225_4,1,neutral,0,3,3,2,major=1|same=0,1,0
225,225_4,225_5,1,neutral,0,2,3,3,major=1|same=0,1,0
226,226_0,226_1,2,positive,0,3,0,3,major=1|same=0,1,0
226,226_1,226_2,1,neutral,0,1,2,0,major=1|same=1,1,1
226,226_2,226_3,0,negative,0,1,0,3,major=1|same=1,1,1
226,226_3,226_4,1,neutral,0,3,0,3,major=1|same=0,1,0
226,226_4,226_5,0,negative,0,3,0,3,major=1|same=0,1,0
226,226_5,226_6,1,neutral,0,3,0,3,major=1|same=0,1,0
226,226_6,226_7,1,neutral,0,1,3,3,major=1|same=0,1,0
226,226_7,226_8,2,positive,0,3,3,3,major=0|same=0,0,0
227,227_0,227_1,0,negative,0,0,1,2,major=1|same=0,1,0
227,227_1,227_2,1,neutral,0,1,1,2,major=1|same=0,1,0
227,227_2,227_3,1,neutral,0,2,3,2,major=1|same=0,1,0
228,228_0,228_1,1,neutral,0,3,2,1,major=0|same=0,0,0
228,228_1,228_2,1,neutral,0,3,2,1,major=1|same=0,1,0
228,228_2,228_3,1,neutral,0,2,2,1,major=0|same=0,0,0
228,228_3,228_4,0,negative,0,1,3,0,major=1|same=1,1,1
228,228_4,228_5,1,neutral,0,0,3,0,major=1|same=1,1,1
228,228_5,228_6,1,neutral,0,3,2,1,major=1|same=1,1,1
228,228_6,228_7,0,negative,0,1,3,2,major=1|same=1,1,1
228,228_7,228_8,0,negative,0,1,3,3,major=1|same=1,1,1
228,228_8,228_9,0,negative,1,1,3,3,major=1|same=1,1,1
228,228_9,228_10,0,negative,0,3,2,3,major=1|same=0,1,0
228,228_10,228_11,0,negative,0,2,2,1,major=0|same=0,0,0
228,228_11,228_12,0,negative,0,2,3,3,major=1|same=0,1,0
229,229_0,229_1,1,neutral,1,1,3,3,major=1|same=0,1,0
229,229_1,229_2,2,positive,0,3,3,3,major=1|same=0,1,0
229,229_2,229_3,1,neutral,1,3,3,3,major=1|same=0,1,0
229,229_3,229_4,2,positive,0,0,3,1,major=1|same=0,1,0
229,229_4,229_5,2,positive,1,2,3,3,major=1|same=0,1,0
229,229_5,229_6,1,neutral,0,1,1,1,major=1|same=1,1,1
229,229_6,229_7,1,neutral,0,3,3,1,major=1|same=0,1,0
229,229_7,229_8,1,neutral,0,0,1,3,major=1|same=0,1,0
229,229_8,229_9,2,positive,1,2,3,2,major=1|same=0,1,0
229,229_9,229_10,2,positive,0,1,1,3,major=1|same=0,1,0
230,230_0,230_1,1,neutral,0,1,2,0,major=1|same=0,1,0
230,230_1,230_2,1,neutral,0,1,1,0,major=1|same=0,1,0
230,230_2,230_3,1,neutral,0,1,3,2,major=1|same=0,1,0
230,230_3,230_4,0,negative,0,1,1,3,major=1|same=0,1,0
230,230_4,230_5,1,neutral,0,3,3,1,major=1|same=0,1,0
230,230_5,230_6,1,neutral,0,1,3,1,major=1|same=0,1,0
230,230_6,230_7,1,neutral,0,1,0,3,major=1|same=0,1,0
230,230_7,230_8,0,negative,0,3,3,1,major=1|same=0,1,0
231,231_0,231_1,1,neutral,0,2,3,1,major=1|same=1,1,1
231,231_1,231_2,1,neutral,0,0,0,2,major=1|same=1,1,1
231,231_2,231_3,1,neutral,0,2,3,2,major=1|same=1,1,1
231,231_3,231_4,1,neutral,0,3,3,1,major=1|same=1,1,1
231,231_4,231_5,2,positive,0,3,3,3,major=1|same=0,1,0
231,231_5,231_6,2,positive,3,2,3,3,major=1|same=0,1,0
231,231_6,231_7,0,negative,3,0,3,1,major=1|same=1,1,1
231,231_7,231_8,0,negative,0,0,3,0,major=1|same=1,1,1
231,231_8,231_9,0,negative,0,3,3,1,major=1|same=0,1,0
231,231_9,231_10,0,negative,0,0,3,1,major=1|same=0,1,0
231,231_10,231_11,0,negative,1,1,2,1,major=1|same=0,1,0
231,231_11,231_12,2,positive,0,3,2,1,major=1|same=0,1,0
231,231_12,231_13,2,positive,1,3,2,2,major=1|same=1,1,1
232,232_0,232_1,1,neutral,0,3,3,0,major=1|same=0,1,0
232,232_1,232_2,1,neutral,0,1,2,1,major=1|same=0,1,0
232,232_2,232_3,1,neutral,0,3,3,3,major=1|same=0,1,0
232,232_3,232_4,1,neutral,0,1,3,2,major=1|same=0,1,0
232,232_4,232_5,2,positive,0,2,2,1,major=1|same=0,1,0
232,232_5,232_6,2,positive,0,1,3,2,major=1|same=0,1,0
232,232_6,232_7,1,neutral,0,0,2,3,major=1|same=0,1,0
232,232_7,232_8,2,positive,0,0,2,1,major=1|same=0,1,0
232,232_8,232_9,0,negative,0,3,2,1,major=1|same=0,1,0
233,233_0,233_1,0,negative,0,1,3,1,major=1|same=1,1,1
233,233_1,233_2,0,negative,0,3,3,1,major=1|same=0,1,0
233,233_2,233_3,1,neutral,0,2,3,2,major=1|same=0,1,0
233,233_3,233_4,0,negative,0,0,3,3,major=1|same=0,1,0
233,233_4,233_5,2,positive,0,0,2,2,major=1|same=0,1,0
233,233_5,233_6,2,positive,1,3,1,3,major=1|same=0,1,0
233,233_6,233_7,2,positive,0,1,3,3,major=1|same=0,1,0
233,233_7,233_8,1,neutral,0,1,3,1,major=1|same=0,1,0
233,233_8,233_9,2,positive,1,1,3,2,major=1|same=0,1,0
233,233_9,233_10,2,positive,0,0,1,1,major=1|same=0,1,0
233,233_10,233_11,2,positive,0,1,3,2,major=1|same=0,1,0
233,233_11,233_12,1,neutral,0,2,2,0,major=1|same=0,1,0
233,233_12,233_13,1,neutral,0,2,2,3,major=1|same=0,1,0
234,234_0,234_1,0,negative,1,0,0,2,major=1|same=0,1,0
234,234_1,234_2,1,neutral,1,3,2,1,major=0|same=0,0,0
234,234_2,234_3,0,negative,1,0,0,2,major=1|same=0,1,0
234,234_3,234_4,0,negative,0,2,2,1,major=0|same=1,0,1
234,234_4,234_5,0,negative,0,0,2,1,major=0|same=1,0,1
234,234_5,234_6,0,negative,0,1,2,2,major=0|same=1,0,1
234,234_6,234_7,0,negative,0,0,2,1,major=0|same=1,0,1
234,234_7,234_8,1,neutral,0,2,2,2,major=0|same=0,0,0
234,234_8,234_9,1,neutral,0,2,1,0,major=1|same=0,1,0
234,234_9,234_10,1,neutral,1,2,1,0,major=1|same=0,1,0
234,234_10,234_11,2,positive,0,0,1,0,major=1|same=0,1,0
234,234_11,234_12,2,positive,3,1,1,0,major=0|same=0,0,0
234,234_12,234_13,1,neutral,0,3,3,0,major=1|same=0,1,0
234,234_13,234_14,2,positive,0,2,3,3,major=0|same=0,0,0
237,237_0,237_1,1,neutral,1,1,2,3,major=1|same=0,1,0
237,237_1,237_2,1,neutral,1,2,2,2,major=1|same=0,1,0
237,237_2,237_3,0,negative,0,2,3,3,major=1|same=0,1,0
237,237_3,237_4,0,negative,1,0,3,1,major=1|same=0,1,0
237,237_4,237_5,0,negative,0,2,1,0,major=1|same=0,1,0
237,237_5,237_6,0,negative,0,3,3,2,major=1|same=1,1,1
237,237_6,237_7,2,positive,0,3,3,2,major=1|same=0,1,0
237,237_7,237_8,0,negative,0,3,1,0,major=1|same=0,1,0
237,237_8,237_9,0,negative,1,3,3,3,major=1|same=0,1,0
237,237_9,237_10,2,positive,0,2,3,3,major=1|same=0,1,0
237,237_10,237_11,1,neutral,0,2,3,2,major=1|same=0,1,0
238,238_0,238_1,0,negative,1,0,2,2,major=1|same=0,1,0
238,238_1,238_2,1,neutral,0,3,3,1,major=0|same=1,0,1
238,238_2,238_3,1,neutral,0,2,3,3,major=0|same=0,0,0
238,238_3,238_4,1,neutral,0,2,3,1,major=1|same=1,1,1
239,239_0,239_1,0,negative,0,1,2,1,major=0|same=0,0,0
239,239_1,239_2,2,positive,0,3,2,1,major=1|same=1,1,1
239,239_2,239_3,1,neutral,0,1,3,3,major=1|same=0,1,0
239,239_3,239_4,1,neutral,0,3,3,2,major=0|same=0,0,0
239,239_4,239_5,1,neutral,0,3,3,1,major=1|same=0,1,0
239,239_5,239_6,1,neutral,0,3,2,1,major=0|same=0,0,0
239,239_6,239_7,1,neutral,0,1,3,1,major=1|same=0,1,0
239,239_7,239_8,1,neutral,0,3,3,3,major=0|same=0,0,0
239,239_8,239_9,1,neutral,0,1,3,3,major=1|same=1,1,1
239,239_9,239_10,1,neutral,0,1,3,1,major=1|same=1,1,1
239,239_10,239_11,1,neutral,0,3,3,2,major=1|same=0,1,0
240,240_0,240_1,0,negative,1,3,2,3,major=0|same=0,0,0
240,240_1,240_2,0,negative,0,1,2,2,major=0|same=0,0,0
240,240_2,240_3,0,negative,0,2,3,3,major=0|same=0,0,0
240,240_3,240_4,2,positive,0,1,1,3,major=0|same=0,0,0
240,240_4,240_5,1,neutral,0,3,1,0,major=1|same=0,1,0
240,240_5,240_6,0,negative,0,1,1,1,major=0|same=0,0,0
240,240_6,240_7,2,positive,0,3,3,0,major=0|same=0,0,0
240,240_7,240_8,1,neutral,0,1,3,1,major=1|same=0,1,0
240,240_8,240_9,2,positive,0,2,0,3,major=0|same=0,0,0
240,240_9,240_10,2,positive,0,3,3,2,major=1|same=0,1,0
240,240_10,240_11,1,neutral,0,3,1,2,major=0|same=0,0,0
240,240_11,240_12,0,negative,0,3,1,3,major=1|same=0,1,0
240,240_12,240_13,1,neutral,0,3,1,2,major=0|same=0,0,0
240,240_13,240_14,0,negative,0,1,3,1,major=1|same=0,1,0
240,240_14,240_15,0,negative,0,2,1,0,major=0|same=0,0,0
240,240_15,240_16,0,negative,0,0,3,2,major=1|same=0,1,0
241,241_0,241_1,2,positive,0,2,3,0,major=1|same=0,1,0
241,241_1,241_2,2,positive,0,1,2,0,major=1|same=1,1,1
241,241_2,241_3,1,neutral,0,1,3,0,major=1|same=1,1,1
241,241_3,241_4,1,neutral,0,1,2,1,major=1|same=0,1,0
241,241_4,241_5,2,positive,0,1,2,2,major=1|same=0,1,0
241,241_5,241_6,2,positive,0,0,3,0,major=1|same=0,1,0
241,241_6,241_7,2,positive,0,0,0,3,major=0|same=0,0,0
241,241_7,241_8,1,neutral,0,0,0,3,major=1|same=0,1,0
241,241_8,241_9,2,positive,0,2,0,3,major=0|same=0,0,0
241,241_9,241_10,2,positive,1,3,0,3,major=1|same=0,1,0
241,241_10,241_11,1,neutral,0,3,0,3,major=0|same=0,0,0
241,241_11,241_12,2,positive,0,3,0,3,major=1|same=0,1,0
241,241_12,241_13,1,neutral,0,0,0,3,major=0|same=0,0,0
241,241_13,241_14,1,neutral,0,2,0,3,major=0|same=0,0,0
242,242_0,242_1,0,negative,0,3,0,2,major=1|same=1,1,1
242,242_1,242_2,0,negative,1,0,0,3,major=1|same=1,1,1
242,242_2,242_3,0,negative,0,2,0,2,major=1|same=1,1,1
242,242_3,242_4,2,positive,0,2,3,3,major=1|same=1,1,1
242,242_4,242_5,1,neutral,0,2,3,3,major=1|same=1,1,1
242,242_5,242_6,1,neutral,0,3,3,1,major=1|same=0,1,0
242,242_6,242_7,1,neutral,0,0,3,3,major=0|same=0,0,0
243,243_0,243_1,1,neutral,0,2,1,0,major=0|same=0,0,0
243,243_1,243_2,1,neutral,0,3,3,1,major=1|same=0,1,0
243,243_2,243_3,1,neutral,1,3,1,2,major=0|same=0,0,0
243,243_3,243_4,0,negative,0,2,3,1,major=1|same=0,1,0
243,243_4,243_5,1,neutral,0,3,1,2,major=0|same=0,0,0
244,244_0,244_1,1,neutral,0,1,2,3,major=1|same=0,1,0
244,244_1,244_2,1,neutral,0,3,2,2,major=1|same=0,1,0
244,244_2,244_3,1,neutral,3,0,0,3,major=1|same=0,1,0
244,244_3,244_4,0,negative,3,2,3,1,major=1|same=0,1,0
244,244_4,244_5,1,neutral,0,0,0,0,major=1|same=0,1,0
244,244_5,244_6,0,negative,0,3,0,0,major=1|same=0,1,0
244,244_6,244_7,0,negative,0,3,2,1,major=1|same=1,1,1
244,244_7,244_8,0,negative,0,0,2,1,major=1|same=1,1,1
244,244_8,244_9,1,neutral,0,3,2,1,major=1|same=1,1,1
244,244_9,244_10,1,neutral,0,2,2,3,major=1|same=0,1,0
244,244_10,244_11,1,neutral,0,2,3,2,major=1|same=0,1,0
244,244_11,244_12,1,neutral,0,0,3,2,major=1|same=1,1,1
244,244_12,244_13,1,neutral,0,3,2,1,major=1|same=1,1,1
244,244_13,244_14,1,neutral,0,1,2,1,major=1|same=0,1,0
244,244_14,244_15,0,negative,0,0,2,2,major=1|same=0,1,0
244,244_15,244_16,1,neutral,0,3,2,2,major=1|same=0,1,0
244,244_16,244_17,1,neutral,0,0,1,2,major=1|same=0,1,0
244,244_17,244_18,1,neutral,0,0,3,2,major=1|same=0,1,0
244,244_18,244_19,1,neutral,1,0,3,1,major=1|same=0,1,0
244,244_19,244_20,2,positive,0,2,3,2,major=1|same=0,1,0
244,244_20,244_21,2,positive,0,2,3,2,major=1|same=0,1,0
245,245_0,245_1,1,neutral,3,2,1,0,major=1|same=0,1,0
245,245_1,245_2,0,negative,0,2,1,0,major=1|same=0,1,0
245,245_2,245_3,2,positive,0,3,2,2,major=1|same=0,1,0
245,245_3,245_4,0,negative,0,0,2,2,major=1|same=1,1,1
246,246_0,246_1,1,neutral,0,2,1,0,major=1|same=0,1,0
246,246_1,246_2,0,negative,1,1,3,2,major=0|same=0,0,0
246,246_2,246_3,1,neutral,0,0,3,2,major=1|same=0,1,0
246,246_3,246_4,1,neutral,0,3,3,0,major=0|same=1,0,1
246,246_4,246_5,1,neutral,0,1,3,2,major=0|same=1,0,1
246,246_5,246_6,1,neutral,3,3,0,3,major=0|same=1,0,1
246,246_6,246_7,1,neutral,1,3,3,2,major=0|same=1,0,1
246,246_7,246_8,0,negative,0,3,3,2,major=0|same=1,0,1
246,246_8,246_9,1,neutral,0,1,3,2,major=0|same=1,0,1
246,246_9,246_10,1,neutral,0,2,3,2,major=0|same=0,0,0
246,246_10,246_11,1,neutral,0,3,3,0,major=1|same=1,1,1
246,246_11,246_12,1,neutral,0,3,3,2,major=1|same=0,1,0
246,246_12,246_13,1,neutral,0,0,3,2,major=1|same=0,1,0
247,247_0,247_1,1,neutral,0,3,0,2,major=0|same=0,0,0
247,247_1,247_2,1,neutral,0,0,2,2,major=1|same=0,1,0
247,247_2,247_3,2,positive,1,3,2,1,major=0|same=0,0,0
247,247_3,247_4,2,positive,0,2,3,3,major=1|same=0,1,0
249,249_0,249_1,1,neutral,0,1,3,3,major=0|same=0,0,0
249,249_1,249_2,1,neutral,0,0,3,1,major=1|same=0,1,0
249,249_2,249_3,1,neutral,0,1,1,1,major=0|same=1,0,1
249,249_3,249_4,1,neutral,0,3,1,1,major=0|same=1,0,1
249,249_4,249_5,2,positive,0,3,0,1,major=0|same=0,0,0
249,249_5,249_6,1,neutral,0,1,3,2,major=1|same=0,1,0
249,249_6,249_7,2,positive,0,2,3,2,major=0|same=0,0,0
250,250_0,250_1,1,neutral,0,2,3,1,major=0|same=0,0,0
250,250_1,250_2,0,negative,0,2,1,1,major=1|same=0,1,0
250,250_2,250_3,1,neutral,1,3,3,2,major=0|same=0,0,0
250,250_3,250_4,1,neutral,0,2,3,3,major=1|same=0,1,0
250,250_4,250_5,0,negative,0,2,1,3,major=0|same=0,0,0
250,250_5,250_6,1,neutral,0,2,2,2,major=1|same=0,1,0
250,250_6,250_7,1,neutral,0,3,3,3,major=1|same=1,1,1
250,250_7,250_8,1,neutral,0,2,3,3,major=1|same=1,1,1
251,251_0,251_1,1,neutral,0,2,3,2,major=0|same=0,0,0
251,251_1,251_2,1,neutral,0,3,2,3,major=1|same=0,1,0
251,251_2,251_3,2,positive,0,0,1,1,major=0|same=0,0,0
251,251_3,251_4,1,neutral,0,1,3,1,major=1|same=0,1,0
252,252_0,252_1,0,negative,0,1,2,2,major=1|same=0,1,0
252,252_1,252_2,0,negative,0,2,2,1,major=1|same=1,1,1
252,252_2,252_3,0,negative,0,1,2,1,major=1|same=1,1,1
252,252_3,252_4,0,negative,0,0,2,1,major=1|same=1,1,1
252,252_4,252_5,0,negative,0,1,2,1,major=1|same=1,1,1
252,252_5,252_6,0,negative,0,2,2,2,major=1|same=1,1,1
252,252_6,252_7,0,negative,1,2,2,1,major=1|same=0,1,0
252,252_7,252_8,1,neutral,0,0,2,2,major=1|same=0,1,0
252,252_8,252_9,1,neutral,0,1,2,1,major=1|same=1,1,1
252,252_9,252_10,0,negative,0,1,2,1,major=1|same=0,1,0
252,252_10,252_11,0,negative,0,1,1,0,major=1|same=1,1,1
252,252_11,252_12,1,neutral,0,2,1,0,major=1|same=1,1,1
252,252_12,252_13,0,negative,1,3,1,0,major=1|same=1,1,1
252,252_13,252_14,1,neutral,1,1,3,2,major=1|same=0,1,0
252,252_14,252_15,1,neutral,1,3,3,1,major=1|same=1,1,1
252,252_15,252_16,1,neutral,1,3,3,2,major=1|same=1,1,1
252,252_16,252_17,0,negative,0,3,3,2,major=1|same=0,1,0
252,252_17,252_18,1,neutral,0,2,2,2,major=1|same=0,1,0
253,253_0,253_1,1,neutral,0,2,3,2,major=0|same=0,0,0
253,253_1,253_2,0,negative,0,1,2,1,major=1|same=0,1,0
253,253_2,253_3,1,neutral,0,3,3,1,major=0|same=0,0,0
253,253_3,253_4,2,positive,0,3,2,1,major=1|same=0,1,0
253,253_4,253_5,1,neutral,0,3,3,3,major=0|same=0,0,0
253,253_5,253_6,2,positive,0,3,3,2,major=1|same=0,1,0
253,253_6,253_7,2,positive,0,0,3,1,major=0|same=0,0,0
253,253_7,253_8,1,neutral,0,3,3,1,major=0|same=0,0,0
253,253_8,253_9,1,neutral,0,3,1,1,major=0|same=0,0,0
253,253_9,253_10,2,positive,0,1,2,1,major=0|same=0,0,0
253,253_10,253_11,1,neutral,0,0,3,1,major=1|same=0,1,0
253,253_11,253_12,1,neutral,0,2,3,1,major=0|same=0,0,0
254,254_0,254_1,1,neutral,0,0,0,0,major=1|same=0,1,0
254,254_1,254_2,0,negative,0,3,3,3,major=1|same=0,1,0
254,254_2,254_3,0,negative,1,3,0,2,major=1|same=1,1,1
254,254_3,254_4,1,neutral,0,0,0,1,major=1|same=0,1,0
254,254_4,254_5,0,negative,0,1,0,3,major=1|same=0,1,0
254,254_5,254_6,0,negative,0,0,0,3,major=1|same=0,1,0
254,254_6,254_7,0,negative,0,0,0,3,major=1|same=0,1,0
254,254_7,254_8,1,neutral,0,0,0,3,major=1|same=0,1,0
254,254_8,254_9,1,neutral,0,0,3,3,major=1|same=0,1,0
254,254_9,254_10,1,neutral,0,1,0,3,major=1|same=0,1,0
254,254_10,254_11,0,negative,1,3,0,3,major=1|same=0,1,0
254,254_11,254_12,1,neutral,2,1,3,1,major=1|same=0,1,0
254,254_12,254_13,2,positive,0,0,0,1,major=1|same=0,1,0
254,254_13,254_14,0,negative,1,0,0,3,major=1|same=0,1,0
254,254_14,254_15,0,negative,0,0,0,1,major=1|same=0,1,0
254,254_15,254_16,1,neutral,0,0,0,2,major=1|same=0,1,0
254,254_16,254_17,1,neutral,0,2,0,1,major=1|same=0,1,0
255,255_0,255_1,2,positive,1,0,1,0,major=1|same=0,1,0
255,255_1,255_2,1,neutral,0,0,1,0,major=1|same=0,1,0
255,255_2,255_3,1,neutral,0,0,1,0,major=0|same=0,0,0
255,255_3,255_4,2,positive,0,0,3,2,major=1|same=0,1,0
255,255_4,255_5,2,positive,1,2,1,2,major=1|same=0,1,0
255,255_5,255_6,1,neutral,0,2,3,2,major=1|same=0,1,0
255,255_6,255_7,2,positive,0,3,3,1,major=1|same=0,1,0
255,255_7,255_8,0,negative,0,3,3,2,major=1|same=0,1,0
256,256_0,256_1,1,neutral,0,1,1,3,major=1|same=0,1,0
257,257_0,257_1,0,negative,0,0,2,1,major=1|same=0,1,0
257,257_1,257_2,1,neutral,1,0,3,2,major=1|same=0,1,0
257,257_2,257_3,1,neutral,0,2,3,2,major=1|same=0,1,0
257,257_3,257_4,2,positive,0,0,3,2,major=1|same=0,1,0
258,258_0,258_1,1,neutral,0,1,1,0,major=1|same=0,1,0
258,258_1,258_2,1,neutral,0,3,1,1,major=1|same=0,1,0
258,258_2,258_3,1,neutral,0,1,2,1,major=1|same=0,1,0
258,258_3,258_4,1,neutral,1,3,1,0,major=1|same=1,1,1
258,258_4,258_5,1,neutral,0,3,1,0,major=1|same=1,1,1
258,258_5,258_6,1,neutral,0,2,1,0,major=1|same=0,1,0
258,258_6,258_7,1,neutral,0,1,3,2,major=1|same=0,1,0
258,258_7,258_8,1,neutral,1,2,3,1,major=1|same=0,1,0
258,258_8,258_9,2,positive,1,0,2,1,major=1|same=0,1,0
258,258_9,258_10,1,neutral,0,1,2,2,major=1|same=0,1,0
258,258_10,258_11,2,positive,0,3,2,2,major=1|same=0,1,0
258,258_11,258_12,2,positive,0,1,3,2,major=1|same=0,1,0
259,259_0,259_1,1,neutral,0,1,3,1,major=1|same=1,1,1
259,259_1,259_2,2,positive,0,2,3,1,major=1|same=1,1,1
259,259_2,259_3,2,positive,0,3,3,1,major=1|same=1,1,1
259,259_3,259_4,0,negative,0,2,3,1,major=1|same=1,1,1
259,259_4,259_5,1,neutral,0,1,3,1,major=1|same=1,1,1
259,259_5,259_6,0,negative,0,3,3,1,major=1|same=1,1,1
259,259_6,259_7,1,neutral,0,0,3,1,major=1|same=0,1,0
259,259_7,259_8,1,neutral,0,2,3,1,major=1|same=0,1,0
259,259_8,259_9,0,negative,0,3,1,1,major=1|same=1,1,1
259,259_9,259_10,0,negative,0,3,3,1,major=1|same=1,1,1
259,259_10,259_11,0,negative,1,1,3,1,major=1|same=1,1,1
259,259_11,259_12,0,negative,0,3,3,1,major=1|same=1,1,1
259,259_12,259_13,0,negative,1,3,3,1,major=1|same=1,1,1
259,259_13,259_14,1,neutral,0,1,3,1,major=1|same=0,1,0
259,259_14,259_15,0,negative,1,1,3,2,major=1|same=0,1,0
260,260_0,260_1,2,positive,0,3,2,1,major=1|same=0,1,0
260,260_1,260_2,1,neutral,0,2,3,3,major=1|same=1,1,1
260,260_2,260_3,2,positive,0,3,2,3,major=1|same=0,1,0
260,260_3,260_4,2,positive,0,2,1,0,major=1|same=0,1,0
260,260_4,260_5,1,neutral,0,1,2,1,major=1|same=0,1,0
260,260_5,260_6,0,negative,0,3,3,1,major=1|same=0,1,0
260,260_6,260_7,1,neutral,0,2,3,1,major=1|same=0,1,0
260,260_7,260_8,0,negative,0,2,1,1,major=1|same=0,1,0
260,260_8,260_9,2,positive,0,1,2,2,major=1|same=0,1,0
260,260_9,260_10,0,negative,0,1,2,2,major=1|same=0,1,0
261,261_0,261_1,2,positive,0,1,3,3,major=1|same=0,1,0
261,261_1,261_2,2,positive,0,3,1,0,major=1|same=0,1,0
261,261_2,261_3,1,neutral,0,3,1,0,major=1|same=0,1,0
261,261_3,261_4,2,positive,0,2,3,1,major=1|same=0,1,0
261,261_4,261_5,1,neutral,0,2,3,3,major=1|same=0,1,0
261,261_5,261_6,1,neutral,1,3,3,2,major=1|same=0,1,0
261,261_6,261_7,1,neutral,1,2,2,2,major=1|same=0,1,0
261,261_7,261_8,1,neutral,0,1,3,2,major=1|same=0,1,0
262,262_0,262_1,2,positive,0,0,1,0,major=0|same=0,0,0
262,262_1,262_2,2,positive,0,3,1,0,major=1|same=0,1,0
262,262_2,262_3,2,positive,0,3,3,0,major=0|same=0,0,0
262,262_3,262_4,1,neutral,0,0,0,3,major=1|same=0,1,0
262,262_4,262_5,2,positive,0,2,2,2,major=0|same=0,0,0
262,262_5,262_6,2,positive,0,0,2,2,major=1|same=1,1,1
262,262_6,262_7,2,positive,0,3,3,3,major=1|same=1,1,1
262,262_7,262_8,1,neutral,0,0,3,3,major=1|same=1,1,1
262,262_8,262_9,1,neutral,0,0,3,1,major=1|same=0,1,0
262,262_9,262_10,1,neutral,0,3,0,3,major=0|same=0,0,0
262,262_10,262_11,1,neutral,0,0,2,2,major=1|same=0,1,0
262,262_11,262_12,1,neutral,0,2,2,1,major=0|same=0,0,0
262,262_12,262_13,1,neutral,2,0,3,3,major=1|same=0,1,0
262,262_13,262_14,1,neutral,0,1,0,3,major=0|same=0,0,0
262,262_14,262_15,2,positive,0,0,0,1,major=1|same=0,1,0
262,262_15,262_16,0,negative,0,3,2,1,major=0|same=0,0,0
263,263_0,263_1,1,neutral,0,2,2,1,major=1|same=0,1,0
263,263_1,263_2,1,neutral,3,1,3,3,major=1|same=1,1,1
263,263_2,263_3,1,neutral,0,3,1,0,major=1|same=0,1,0
263,263_3,263_4,0,negative,0,1,1,0,major=1|same=0,1,0
263,263_4,263_5,0,negative,0,3,2,1,major=1|same=0,1,0
263,263_5,263_6,2,positive,0,3,2,1,major=1|same=0,1,0
263,263_6,263_7,0,negative,0,1,2,1,major=1|same=0,1,0
263,263_7,263_8,1,neutral,0,3,2,1,major=1|same=0,1,0
263,263_8,263_9,0,negative,0,2,2,1,major=1|same=0,1,0
264,264_0,264_1,0,negative,0,1,0,2,major=1|same=0,1,0
264,264_1,264_2,2,positive,0,1,2,3,major=1|same=0,1,0
264,264_2,264_3,1,neutral,0,0,3,1,major=1|same=0,1,0
265,265_0,265_1,2,positive,0,3,3,1,major=1|same=0,1,0
266,266_0,266_1,1,neutral,0,2,3,3,major=1|same=0,1,0
266,266_1,266_2,1,neutral,0,2,3,3,major=1|same=0,1,0
266,266_2,266_3,1,neutral,0,1,3,1,major=1|same=0,1,0
266,266_3,266_4,1,neutral,0,3,3,3,major=1|same=0,1,0
266,266_4,266_5,1,neutral,0,2,3,3,major=1|same=1,1,1
266,266_5,266_6,1,neutral,0,3,3,1,major=1|same=1,1,1
266,266_6,266_7,1,neutral,0,2,3,1,major=1|same=1,1,1
266,266_7,266_8,2,positive,0,0,3,1,major=1|same=1,1,1
266,266_8,266_9,1,neutral,1,2,1,3,major=1|same=0,1,0
266,266_9,266_10,2,positive,0,1,3,2,major=1|same=0,1,0
266,266_10,266_11,0,negative,0,2,3,1,major=1|same=0,1,0
266,266_11,266_12,2,positive,0,0,3,3,major=1|same=0,1,0
266,266_12,266_13,0,negative,0,3,3,1,major=1|same=0,1,0
266,266_13,266_14,2,positive,0,1,3,3,major=1|same=0,1,0
266,266_14,266_15,0,negative,0,3,3,1,major=1|same=0,1,0
266,266_15,266_16,2,positive,0,2,3,3,major=1|same=0,1,0
267,267_0,267_1,1,neutral,0,3,3,0,major=0|same=1,0,1
267,267_1,267_2,1,neutral,0,1,3,1,major=0|same=1,0,1
267,267_2,267_3,0,negative,0,1,3,1,major=0|same=0,0,0
267,267_3,267_4,1,neutral,0,3,3,1,major=1|same=0,1,0
267,267_4,267_5,0,negative,0,3,3,1,major=0|same=0,0,0
267,267_5,267_6,1,neutral,0,0,3,1,major=1|same=0,1,0
267,267_6,267_7,1,neutral,1,1,3,2,major=0|same=1,0,1
267,267_7,267_8,0,negative,1,2,3,1,major=0|same=0,0,0
267,267_8,267_9,1,neutral,1,1,3,1,major=1|same=0,1,0
267,267_9,267_10,1,neutral,0,0,3,2,major=0|same=0,0,0
268,268_0,268_1,0,negative,0,1,1,2,major=1|same=0,1,0
268,268_1,268_2,0,negative,0,3,0,3,major=1|same=0,1,0
268,268_2,268_3,1,neutral,0,3,0,1,major=1|same=0,1,0
268,268_3,268_4,1,neutral,0,0,1,2,major=0|same=0,0,0
268,268_4,268_5,1,neutral,0,0,1,0,major=1|same=0,1,0
268,268_5,268_6,1,neutral,0,0,0,0,major=1|same=0,1,0
268,268_6,268_7,1,neutral,0,3,0,0,major=0|same=0,0,0
268,268_7,268_8,1,neutral,0,0,1,0,major=1|same=0,1,0
268,268_8,268_9,1,neutral,0,3,0,2,major=0|same=1,0,1
268,268_9,268_10,0,negative,0,3,0,2,major=0|same=0,0,0
268,268_10,268_11,1,neutral,1,1,3,3,major=1|same=0,1,0
268,268_11,268_12,1,neutral,1,0,0,2,major=1|same=0,1,0
268,268_12,268_13,1,neutral,0,1,0,2,major=0|same=0,0,0
269,269_0,269_1,0,negative,0,1,3,2,major=1|same=1,1,1
269,269_1,269_2,2,positive,0,0,1,0,major=1|same=0,1,0
269,269_2,269_3,2,positive,0,1,1,3,major=1|same=0,1,0
269,269_3,269_4,1,neutral,0,1,3,2,major=0|same=0,0,0
270,270_0,270_1,1,neutral,0,0,3,3,major=1|same=0,1,0
270,270_1,270_2,1,neutral,0,3,1,3,major=0|same=0,0,0
270,270_2,270_3,1,neutral,0,3,1,3,major=1|same=0,1,0
270,270_3,270_4,1,neutral,0,2,1,2,major=0|same=0,0,0
270,270_4,270_5,1,neutral,1,3,3,3,major=1|same=0,1,0
270,270_5,270_6,1,neutral,1,2,2,1,major=0|same=0,0,0
270,270_6,270_7,1,neutral,0,0,3,1,major=1|same=0,1,0
270,270_7,270_8,2,positive,1,1,3,3,major=0|same=0,0,0
270,270_8,270_9,1,neutral,0,2,2,2,major=1|same=0,1,0
270,270_9,270_10,2,positive,1,1,1,3,major=0|same=0,0,0
270,270_10,270_11,1,neutral,3,0,2,0,major=1|same=0,1,0
270,270_11,270_12,2,positive,1,0,3,3,major=0|same=0,0,0
270,270_12,270_13,2,positive,0,1,2,1,major=1|same=0,1,0
270,270_13,270_14,0,negative,0,1,1,0,major=0|same=0,0,0
271,271_0,271_1,1,neutral,0,0,3,3,major=1|same=0,1,0
271,271_1,271_2,1,neutral,0,1,0,2,major=1|same=0,1,0
271,271_2,271_3,0,negative,0,0,3,1,major=1|same=0,1,0
271,271_3,271_4,2,positive,0,2,0,2,major=1|same=0,1,0
271,271_4,271_5,1,neutral,0,2,3,1,major=1|same=0,1,0
272,272_0,272_1,1,neutral,0,3,1,2,major=0|same=1,0,1
272,272_1,272_2,1,neutral,1,3,1,2,major=0|same=1,0,1
272,272_2,272_3,1,neutral,0,3,1,0,major=0|same=1,0,1
272,272_3,272_4,0,negative,0,3,3,1,major=0|same=0,0,0
272,272_4,272_5,0,negative,0,1,3,2,major=1|same=0,1,0
273,273_0,273_1,0,negative,0,3,2,2,major=1|same=0,1,0
273,273_1,273_2,1,neutral,0,3,2,3,major=1|same=0,1,0
273,273_2,273_3,1,neutral,0,0,2,2,major=0|same=1,0,1
274,274_0,274_1,1,neutral,0,3,1,1,major=1|same=0,1,0
274,274_1,274_2,0,negative,0,3,2,1,major=1|same=0,1,0
274,274_2,274_3,2,positive,0,0,1,1,major=1|same=0,1,0
274,274_3,274_4,2,positive,0,0,2,2,major=1|same=0,1,0
275,275_0,275_1,1,neutral,0,0,2,1,major=1|same=0,1,0
275,275_1,275_2,1,neutral,0,2,3,2,major=1|same=0,1,0
275,275_2,275_3,1,neutral,0,3,3,1,major=1|same=0,1,0
278,278_0,278_1,2,positive,0,0,3,3,major=1|same=0,1,0
278,278_1,278_2,1,neutral,0,1,0,3,major=1|same=0,1,0
278,278_2,278_3,2,positive,0,0,1,0,major=1|same=0,1,0
278,278_3,278_4,1,neutral,0,3,1,1,major=1|same=0,1,0
278,278_4,278_5,2,positive,0,3,3,1,major=1|same=0,1,0
278,278_5,278_6,1,neutral,0,3,3,3,major=1|same=0,1,0
278,278_6,278_7,0,negative,0,3,2,1,major=1|same=0,1,0
278,278_7,278_8,0,negative,0,0,3,2,major=1|same=0,1,0
278,278_8,278_9,2,positive,1,1,3,1,major=1|same=0,1,0
278,278_9,278_10,1,neutral,0,2,3,2,major=1|same=0,1,0
278,278_10,278_11,2,positive,0,0,3,1,major=1|same=0,1,0
278,278_11,278_12,1,neutral,0,3,1,3,major=1|same=0,1,0
278,278_12,278_13,2,positive,0,0,3,2,major=1|same=0,1,0
278,278_13,278_14,1,neutral,0,2,1,3,major=1|same=0,1,0
278,278_14,278_15,1,neutral,0,0,3,3,major=1|same=0,1,0
278,278_15,278_16,1,neutral,0,3,1,3,major=1|same=0,1,0
279,279_0,279_1,0,negative,0,0,3,2,major=1|same=0,1,0
279,279_1,279_2,0,negative,0,1,3,2,major=1|same=0,1,0
279,279_2,279_3,0,negative,0,1,3,2,major=1|same=0,1,0
279,279_3,279_4,0,negative,0,3,3,2,major=1|same=0,1,0
279,279_4,279_5,1,neutral,0,2,3,3,major=1|same=1,1,1
279,279_5,279_6,1,neutral,0,3,3,1,major=1|same=0,1,0
279,279_6,279_7,0,negative,0,1,3,1,major=1|same=0,1,0
279,279_7,279_8,1,neutral,0,2,2,0,major=1|same=0,1,0
279,279_8,279_9,1,neutral,0,1,3,3,major=1|same=0,1,0
279,279_9,279_10,0,negative,1,0,3,3,major=1|same=1,1,1
279,279_10,279_11,1,neutral,0,3,3,3,major=1|same=0,1,0
279,279_11,279_12,0,negative,0,3,3,3,major=1|same=0,1,0
279,279_12,279_13,1,neutral,0,0,2,1,major=1|same=0,1,0
279,279_13,279_14,1,neutral,0,1,0,3,major=1|same=0,1,0
279,279_14,279_15,1,neutral,0,1,2,1,major=1|same=0,1,0
