"outcome","proxy_bins","replicate","witness_bits"
"primary",2,1,0.0105116492697747
"primary",2,2,0.0139182676604454
"primary",2,3,0.0114409623293395
"primary",2,4,0.00902329006128161
"primary",2,5,0.0160296493068772
"primary",2,6,0.010642684592793
"primary",2,7,0.0115496900649754
"primary",2,8,0.0127514847287265
"primary",2,9,0.0105056724649266
"primary",2,10,0.0115678660237434
"primary",2,11,0.0123198544580972
"primary",2,12,0.0163964962823946
"primary",2,13,0.01120181490009
"primary",2,14,0.0106787109907705
"primary",2,15,0.0122391712293412
"primary",2,16,0.010135501214623
"primary",2,17,0.0107377266231082
"primary",2,18,0.0119928534238749
"primary",2,19,0.0132496408762778
"primary",2,20,0.0122648685079802
"primary",2,21,0.0145918285854577
"primary",2,22,0.0148716298273459
"primary",2,23,0.0138405475786701
"primary",2,24,0.0130561038466828
"primary",2,25,0.0133472773150976
"primary",2,26,0.0155345092195094
"primary",2,27,0.0125480743399973
"primary",2,28,0.0102765498564382
"primary",2,29,0.0120955444616382
"primary",2,30,0.0142369526139263
"primary",2,31,0.0144181446760387
"primary",2,32,0.0113031859788873
"primary",2,33,0.0125083789410412
"primary",2,34,0.0130826736233922
"primary",2,35,0.0123728751753002
"primary",2,36,0.0118753371720296
"primary",2,37,0.0123994014998653
"primary",2,38,0.0123714455352872
"primary",2,39,0.0124119282733916
"primary",2,40,0.0112410809189254
"primary",2,41,0.0112168243424302
"primary",2,42,0.0143257721974976
"primary",2,43,0.0119927697779018
"primary",2,44,0.0113335948382724
"primary",2,45,0.0126319628922231
"primary",2,46,0.013847327508606
"primary",2,47,0.0109066825831789
"primary",2,48,0.0108568776688173
"primary",2,49,0.0121959198497002
"primary",2,50,0.013105102310468
"primary",2,51,0.0136750138854529
"primary",2,52,0.0102385061313266
"primary",2,53,0.0110314797573612
"primary",2,54,0.0122056032211702
"primary",2,55,0.00981763687501261
"primary",2,56,0.015421089454701
"primary",2,57,0.00989084732968798
"primary",2,58,0.010241213867129
"primary",2,59,0.0132056274435078
"primary",2,60,0.0157675360032539
"primary",2,61,0.0114755630904464
"primary",2,62,0.0122502927960193
"primary",2,63,0.0138179239042203
"primary",2,64,0.0134303427956708
"primary",2,65,0.0107759323374289
"primary",2,66,0.00986956247355827
"primary",2,67,0.00944941917169763
"primary",2,68,0.0131406482892374
"primary",2,69,0.0106225065091245
"primary",2,70,0.0128324766233613
"primary",2,71,0.0131178581456003
"primary",2,72,0.0111894303064254
"primary",2,73,0.0131573643508505
"primary",2,74,0.0100794725805197
"primary",2,75,0.00874651901132856
"primary",2,76,0.0125079049060372
"primary",2,77,0.0107956100823982
"primary",2,78,0.00944696864570394
"primary",2,79,0.0144168288013985
"primary",2,80,0.0127738250220147
"primary",2,81,0.0129880553556657
"primary",2,82,0.0122300120540842
"primary",2,83,0.010385920680646
"primary",2,84,0.0119654292516449
"primary",2,85,0.00902861079083796
"primary",2,86,0.010641039413725
"primary",2,87,0.0145195745382188
"primary",2,88,0.0130598667740491
"primary",2,89,0.0170559656323065
"primary",2,90,0.0143088400188062
"primary",2,91,0.0114266748968661
"primary",2,92,0.0100006394622824
"primary",2,93,0.0102575008016519
"primary",2,94,0.0129231039631259
"primary",2,95,0.011194226823333
"primary",2,96,0.0112601136169356
"primary",2,97,0.0131959978044469
"primary",2,98,0.0120460342216271
"primary",2,99,0.0113398943620549
"primary",2,100,0.00916093322128703
"primary",2,101,0.0128619574740581
"primary",2,102,0.0096878169203014
"primary",2,103,0.0118075073658167
"primary",2,104,0.00886506155413173
"primary",2,105,0.0164248990649878
"primary",2,106,0.0126989041889821
"primary",2,107,0.00953446486378302
"primary",2,108,0.0121981540796565
"primary",2,109,0.0134333918564756
"primary",2,110,0.01188249594146
"primary",2,111,0.0129833645239563
"primary",2,112,0.0103719934617073
"primary",2,113,0.0114716967790165
"primary",2,114,0.011339193012391
"primary",2,115,0.0153489821541755
"primary",2,116,0.0124499531497554
"primary",2,117,0.011061100808282
"primary",2,118,0.0121590716259332
"primary",2,119,0.0122831464169664
"primary",2,120,0.0161814779572974
"primary",2,121,0.0178956852259344
"primary",2,122,0.0131197978492562
"primary",2,123,0.00883078707504444
"primary",2,124,0.0149121366659596
"primary",2,125,0.0114294663289619
"primary",2,126,0.0114206871502911
"primary",2,127,0.0139466427063892
"primary",2,128,0.0127695765634143
"primary",2,129,0.00934479987970867
"primary",2,130,0.0148465744146556
"primary",2,131,0.0109820598829337
"primary",2,132,0.0141374089123179
"primary",2,133,0.0102320404438861
"primary",2,134,0.0131389840149169
"primary",2,135,0.0110032207734983
"primary",2,136,0.0115339345376289
"primary",2,137,0.0104896190664068
"primary",2,138,0.0091750843189431
"primary",2,139,0.0140876046525777
"primary",2,140,0.0140435727546748
"primary",2,141,0.014689214626415
"primary",2,142,0.0124859530282119
"primary",2,143,0.0101326905956423
"primary",2,144,0.0110506665910089
"primary",2,145,0.0114713752059797
"primary",2,146,0.0141541209896203
"primary",2,147,0.0131195877605618
"primary",2,148,0.0148994485727426
"primary",2,149,0.011201925390273
"primary",2,150,0.0120441722023797
"primary",2,151,0.0110523146724233
"primary",2,152,0.0134103737755173
"primary",2,153,0.0141569914097489
"primary",2,154,0.014302418328328
"primary",2,155,0.0134110871713295
"primary",2,156,0.0143566769984215
"primary",2,157,0.0138905798248056
"primary",2,158,0.0134898031095631
"primary",2,159,0.0120321670108214
"primary",2,160,0.0141961609532342
"primary",2,161,0.0112746087681753
"primary",2,162,0.0104276719764894
"primary",2,163,0.0128155608571004
"primary",2,164,0.0100098152837554
"primary",2,165,0.0107843504198518
"primary",2,166,0.00815759703445515
"primary",2,167,0.0115851041059292
"primary",2,168,0.0104162613196674
"primary",2,169,0.017382303676549
"primary",2,170,0.0163885258525356
"primary",2,171,0.011791363048789
"primary",2,172,0.0116650428195569
"primary",2,173,0.0103727309388256
"primary",2,174,0.010545633693455
"primary",2,175,0.014075925109193
"primary",2,176,0.00955916593843985
"primary",2,177,0.0113656948597258
"primary",2,178,0.0132433163393427
"primary",2,179,0.0112969982019341
"primary",2,180,0.0123944727102145
"primary",2,181,0.00919323013888454
"primary",2,182,0.0125360587061441
"primary",2,183,0.0131938153347469
"primary",2,184,0.00976469994078442
"primary",2,185,0.0132406675447827
"primary",2,186,0.0130473627473871
"primary",2,187,0.0130076683254221
"primary",2,188,0.0135089484877329
"primary",2,189,0.0143750138239298
"primary",2,190,0.013022312447868
"primary",2,191,0.0099919605136339
"primary",2,192,0.0106560539706674
"primary",2,193,0.0141393595567622
"primary",2,194,0.0111827577173157
"primary",2,195,0.0128688573973352
"primary",2,196,0.014801062790552
"primary",2,197,0.0120627488515792
"primary",2,198,0.00984360323922523
"primary",2,199,0.0111295309388797
"primary",2,200,0.0116333677558568
"primary",2,201,0.0129343535741835
"primary",2,202,0.0119974128544827
"primary",2,203,0.0108806397677111
"primary",2,204,0.00881211094438876
"primary",2,205,0.0106898529913395
"primary",2,206,0.011279556714008
"primary",2,207,0.0100191117079025
"primary",2,208,0.0125835917971299
"primary",2,209,0.0142849253757171
"primary",2,210,0.010458910636578
"primary",2,211,0.0111013095648141
"primary",2,212,0.016134569586966
"primary",2,213,0.0102795898408742
"primary",2,214,0.01204085719716
"primary",2,215,0.0101756014743756
"primary",2,216,0.0127886192361291
"primary",2,217,0.0124933832664627
"primary",2,218,0.0127296518737995
"primary",2,219,0.0106803757533287
"primary",2,220,0.00798518588345637
"primary",2,221,0.0128610052103656
"primary",2,222,0.0117563454894399
"primary",2,223,0.0148989023765002
"primary",2,224,0.0125955058233173
"primary",2,225,0.00999277270038896
"primary",2,226,0.011195436365499
"primary",2,227,0.0127977085746386
"primary",2,228,0.00954558802087105
"primary",2,229,0.0119637523919099
"primary",2,230,0.012169176959889
"primary",2,231,0.0120973729894371
"primary",2,232,0.0127217819953892
"primary",2,233,0.0147830909849777
"primary",2,234,0.0119377996411567
"primary",2,235,0.01366458098462
"primary",2,236,0.00911935783635414
"primary",2,237,0.0100908349155557
"primary",2,238,0.0125408750064899
"primary",2,239,0.0140356755756758
"primary",2,240,0.0135082450593278
"primary",2,241,0.0141438187559329
"primary",2,242,0.0130062708095163
"primary",2,243,0.0136743166054922
"primary",2,244,0.00936979590401963
"primary",2,245,0.0111070097776649
"primary",2,246,0.0117928059309128
"primary",2,247,0.0136886659996241
"primary",2,248,0.0100228464914958
"primary",2,249,0.00998968077755319
"primary",2,250,0.012574395974834
"primary",2,251,0.0137246197226732
"primary",2,252,0.0123254616273851
"primary",2,253,0.0135644337761623
"primary",2,254,0.0162302603401368
"primary",2,255,0.010632014332292
"primary",2,256,0.0133463783268561
"primary",2,257,0.00962758474456621
"primary",2,258,0.0108551962572317
"primary",2,259,0.0123557028883752
"primary",2,260,0.0116724580532781
"primary",2,261,0.0162913822404357
"primary",2,262,0.0128082675577515
"primary",2,263,0.0139933689711159
"primary",2,264,0.0136716575255138
"primary",2,265,0.0127405378576304
"primary",2,266,0.0134763016225328
"primary",2,267,0.00918581169909239
"primary",2,268,0.0103548025591711
"primary",2,269,0.0145472415490132
"primary",2,270,0.0105984754153431
"primary",2,271,0.00935970208076842
"primary",2,272,0.011303626808806
"primary",2,273,0.0138203262477412
"primary",2,274,0.00978471084105792
"primary",2,275,0.00976695581668743
"primary",2,276,0.0165730023779062
"primary",2,277,0.0128416448954395
"primary",2,278,0.0133192071429295
"primary",2,279,0.00994095268762887
"primary",2,280,0.0085018013229455
"primary",2,281,0.0109950330430642
"primary",2,282,0.0104130248893714
"primary",2,283,0.00930708758183071
"primary",2,284,0.0142017737602551
"primary",2,285,0.0128991492373739
"primary",2,286,0.0146697540600296
"primary",2,287,0.00871175125173676
"primary",2,288,0.0125883660219193
"primary",2,289,0.0133947015137775
"primary",2,290,0.012266377071732
"primary",2,291,0.0126220682650474
"primary",2,292,0.0113757389431336
"primary",2,293,0.0136446216811529
"primary",2,294,0.0109348289098855
"primary",2,295,0.0159546753734282
"primary",2,296,0.0122572135557615
"primary",2,297,0.00992931925039639
"primary",2,298,0.0136769595764376
"primary",2,299,0.0116711658563174
"primary",2,300,0.0148045544853422
"primary",2,301,0.0119430488362622
"primary",2,302,0.011779582511674
"primary",2,303,0.0133149073967265
"primary",2,304,0.0141235568191776
"primary",2,305,0.0144433132893351
"primary",2,306,0.011645774459329
"primary",2,307,0.0126939942083905
"primary",2,308,0.0108301049784269
"primary",2,309,0.0121971198301433
"primary",2,310,0.0115988605312439
"primary",2,311,0.015372449202867
"primary",2,312,0.0121869001146521
"primary",2,313,0.0106587480108149
"primary",2,314,0.0121598217906624
"primary",2,315,0.0134965545868501
"primary",2,316,0.014817609652047
"primary",2,317,0.0144399342983703
"primary",2,318,0.0114091689115482
"primary",2,319,0.011891456175984
"primary",2,320,0.0108286673511658
"primary",2,321,0.0104737866301502
"primary",2,322,0.00968805115387564
"primary",2,323,0.0136450439068468
"primary",2,324,0.0136225316013541
"primary",2,325,0.0165087397648213
"primary",2,326,0.011890188732064
"primary",2,327,0.0137915117736247
"primary",2,328,0.0119293495730374
"primary",2,329,0.0126416735169565
"primary",2,330,0.0123051572524758
"primary",2,331,0.0100718793997628
"primary",2,332,0.0155097812988156
"primary",2,333,0.0126635819131775
"primary",2,334,0.0123661967895783
"primary",2,335,0.0133903841690892
"primary",2,336,0.0133127626759652
"primary",2,337,0.0157140598229487
"primary",2,338,0.0125409827627483
"primary",2,339,0.010987555205329
"primary",2,340,0.0136351066163413
"primary",2,341,0.0105111051079074
"primary",2,342,0.0160379430382246
"primary",2,343,0.012699136979902
"primary",2,344,0.0108215814878013
"primary",2,345,0.0144582043480159
"primary",2,346,0.0095141388855034
"primary",2,347,0.0109262035268209
"primary",2,348,0.0120760072970221
"primary",2,349,0.0108647540535537
"primary",2,350,0.0131253474543401
"primary",2,351,0.00881345654282856
"primary",2,352,0.0118498235187865
"primary",2,353,0.0110130340381056
"primary",2,354,0.00999876976694062
"primary",2,355,0.0124972125937556
"primary",2,356,0.0133208084984954
"primary",2,357,0.0123593599046784
"primary",2,358,0.0127627234351351
"primary",2,359,0.0112904025506828
"primary",2,360,0.0112944971326134
"primary",2,361,0.011684443397488
"primary",2,362,0.0141443256143721
"primary",2,363,0.0128472565425517
"primary",2,364,0.0112598211403476
"primary",2,365,0.0119362846675482
"primary",2,366,0.0101911206561073
"primary",2,367,0.00961256930190386
"primary",2,368,0.0116910189060384
"primary",2,369,0.0138429418548914
"primary",2,370,0.0106971455354423
"primary",2,371,0.010673538426616
"primary",2,372,0.0130121090923368
"primary",2,373,0.0107275370722735
"primary",2,374,0.013240663715162
"primary",2,375,0.0128017968755786
"primary",2,376,0.0100710322448718
"primary",2,377,0.0149200656202106
"primary",2,378,0.0119550633221284
"primary",2,379,0.0109333653800406
"primary",2,380,0.0119835237930903
"primary",2,381,0.0138561736925872
"primary",2,382,0.0107651681853354
"primary",2,383,0.0127599232103616
"primary",2,384,0.0129219373689297
"primary",2,385,0.013686159892143
"primary",2,386,0.012781151108433
"primary",2,387,0.0117122759425448
"primary",2,388,0.0105784939167669
"primary",2,389,0.0140688903739735
"primary",2,390,0.00903468298723966
"primary",2,391,0.0143812089744708
"primary",2,392,0.010614451591376
"primary",2,393,0.0124186880730234
"primary",2,394,0.0113936582488229
"primary",2,395,0.0097139911038756
"primary",2,396,0.0119225452179667
"primary",2,397,0.0106485909899662
"primary",2,398,0.0147649756950597
"primary",2,399,0.010957810026105
"primary",2,400,0.0112864406220446
"primary",2,401,0.0116831240533269
"primary",2,402,0.0127290421336968
"primary",2,403,0.0124438620057927
"primary",2,404,0.0128144027189105
"primary",2,405,0.00831915586110552
"primary",2,406,0.0108478575172484
"primary",2,407,0.0108874650394724
"primary",2,408,0.0104600587411849
"primary",2,409,0.0133693151611075
"primary",2,410,0.0114397644798241
"primary",2,411,0.0109667720260661
"primary",2,412,0.0130103904557704
"primary",2,413,0.0139654661572435
"primary",2,414,0.0139931023219354
"primary",2,415,0.0107387059720706
"primary",2,416,0.0106728846359673
"primary",2,417,0.0146014503349356
"primary",2,418,0.0117204761965406
"primary",2,419,0.00972808850945366
"primary",2,420,0.0126668555621872
"primary",2,421,0.00937498308150024
"primary",2,422,0.0128092620938806
"primary",2,423,0.00831375143989265
"primary",2,424,0.0109589297307885
"primary",2,425,0.0129787228226887
"primary",2,426,0.010418851796049
"primary",2,427,0.0157248317965671
"primary",2,428,0.0114654677726583
"primary",2,429,0.0140398446155458
"primary",2,430,0.0128744316286814
"primary",2,431,0.0145562177100211
"primary",2,432,0.0132097486714622
"primary",2,433,0.0109071021050363
"primary",2,434,0.012648784615329
"primary",2,435,0.0138350737160697
"primary",2,436,0.00855078626789419
"primary",2,437,0.00986276606572294
"primary",2,438,0.0134002750069941
"primary",2,439,0.0128983644465078
"primary",2,440,0.0142036922333007
"primary",2,441,0.0155255586297451
"primary",2,442,0.0134065604611578
"primary",2,443,0.0118134068132677
"primary",2,444,0.00946039605100792
"primary",2,445,0.0112128142477781
"primary",2,446,0.0133020994852818
"primary",2,447,0.0105923401088395
"primary",2,448,0.0112171002099122
"primary",2,449,0.0090417969472827
"primary",2,450,0.0125250039118219
"primary",2,451,0.0132072311320533
"primary",2,452,0.0157939392332672
"primary",2,453,0.0123872924811045
"primary",2,454,0.0121189817702051
"primary",2,455,0.013884999311584
"primary",2,456,0.010848269681665
"primary",2,457,0.0120950186345265
"primary",2,458,0.0119910097531822
"primary",2,459,0.0128519700872516
"primary",2,460,0.0147207754952206
"primary",2,461,0.0121075058332283
"primary",2,462,0.013716690327884
"primary",2,463,0.0114469244757485
"primary",2,464,0.0135718266874393
"primary",2,465,0.0111343317246551
"primary",2,466,0.0137412382455824
"primary",2,467,0.0114706009381186
"primary",2,468,0.0102636569543483
"primary",2,469,0.0156796733783722
"primary",2,470,0.0151719598949752
"primary",2,471,0.012183112902416
"primary",2,472,0.00951120585096062
"primary",2,473,0.0115681569527303
"primary",2,474,0.01215943507432
"primary",2,475,0.00992226356003096
"primary",2,476,0.0107818192853528
"primary",2,477,0.0119088909625024
"primary",2,478,0.0129178254781186
"primary",2,479,0.011497585592884
"primary",2,480,0.0139489587753708
"primary",2,481,0.0104024040907416
"primary",2,482,0.0115032687392828
"primary",2,483,0.0122943686558027
"primary",2,484,0.00913128525207271
"primary",2,485,0.0103425143399731
"primary",2,486,0.0145507310736241
"primary",2,487,0.0124093648032985
"primary",2,488,0.0148397877576915
"primary",2,489,0.0108771157599146
"primary",2,490,0.0119473755070203
"primary",2,491,0.0119496085024474
"primary",2,492,0.0107574040431402
"primary",2,493,0.0087144444963567
"primary",2,494,0.0132875265737979
"primary",2,495,0.0114035377013871
"primary",2,496,0.0137275446800134
"primary",2,497,0.0136695115076822
"primary",2,498,0.0147029364636177
"primary",2,499,0.0104490001273886
"primary",2,500,0.0140003349280178
"primary",2,501,0.0119712105521204
"primary",2,502,0.0120483979863807
"primary",2,503,0.0117180390723269
"primary",2,504,0.0117863928666188
"primary",2,505,0.0134567284175732
"primary",2,506,0.0112887782452697
"primary",2,507,0.0109662963981785
"primary",2,508,0.0141866765801929
"primary",2,509,0.0102986894854032
"primary",2,510,0.0101416750167277
"primary",2,511,0.0138557254442178
"primary",2,512,0.0120154313809017
"primary",2,513,0.0118530311069618
"primary",2,514,0.013266629345429
"primary",2,515,0.0144474937512433
"primary",2,516,0.0125277323829983
"primary",2,517,0.012211144386074
"primary",2,518,0.0117586045851461
"primary",2,519,0.012548265772317
"primary",2,520,0.0120778093385274
"primary",2,521,0.0125607188857624
"primary",2,522,0.0150620322461198
"primary",2,523,0.0111367267551135
"primary",2,524,0.0103611388390091
"primary",2,525,0.010839107540029
"primary",2,526,0.015815473436464
"primary",2,527,0.0143826686680958
"primary",2,528,0.0147495526560806
"primary",2,529,0.00903418894136799
"primary",2,530,0.0100506363192881
"primary",2,531,0.0128636798225624
"primary",2,532,0.0149870699305641
"primary",2,533,0.0134272942953144
"primary",2,534,0.0119549253148274
"primary",2,535,0.0166405291799185
"primary",2,536,0.0112627752536602
"primary",2,537,0.0138652681879404
"primary",2,538,0.00887516169495659
"primary",2,539,0.0136244291976225
"primary",2,540,0.0120017695796164
"primary",2,541,0.014681735216824
"primary",2,542,0.0113703800679375
"primary",2,543,0.0104375549253594
"primary",2,544,0.0151163729724423
"primary",2,545,0.0108610676670821
"primary",2,546,0.0154690897808181
"primary",2,547,0.0106961105360438
"primary",2,548,0.0109555486856384
"primary",2,549,0.00982960182570245
"primary",2,550,0.0144568494665032
"primary",2,551,0.0123185030058935
"primary",2,552,0.0145747295309484
"primary",2,553,0.0114833112913195
"primary",2,554,0.0109386029656396
"primary",2,555,0.0127705690040813
"primary",2,556,0.0144093698812275
"primary",2,557,0.0129210011168241
"primary",2,558,0.0106010336783266
"primary",2,559,0.0142315823633776
"primary",2,560,0.0133967147191201
"primary",2,561,0.01328795865635
"primary",2,562,0.0112329516768073
"primary",2,563,0.013283406910407
"primary",2,564,0.013507856085328
"primary",2,565,0.0165410208132006
"primary",2,566,0.0122651938806505
"primary",2,567,0.0118124661418535
"primary",2,568,0.0111140224275457
"primary",2,569,0.0079756937354116
"primary",2,570,0.0132059993684179
"primary",2,571,0.0114901871106294
"primary",2,572,0.010363735362068
"primary",2,573,0.011616343610867
"primary",2,574,0.0129610277639634
"primary",2,575,0.0150894601799169
"primary",2,576,0.0110975878965936
"primary",2,577,0.0110777839327979
"primary",2,578,0.0139765628213287
"primary",2,579,0.0177337792214337
"primary",2,580,0.0123119334009676
"primary",2,581,0.0107574894890035
"primary",2,582,0.0127072121745075
"primary",2,583,0.0136453066064599
"primary",2,584,0.0100506145569262
"primary",2,585,0.011238302538649
"primary",2,586,0.0150972447341509
"primary",2,587,0.0145102147597533
"primary",2,588,0.0113665016398184
"primary",2,589,0.0128576249735264
"primary",2,590,0.0117419708705456
"primary",2,591,0.0128398571282564
"primary",2,592,0.015333232546882
"primary",2,593,0.0103280310831922
"primary",2,594,0.00987632356499575
"primary",2,595,0.0137401884156092
"primary",2,596,0.0127413564623358
"primary",2,597,0.0115012156291427
"primary",2,598,0.0127311956153924
"primary",2,599,0.0115462082393087
"primary",2,600,0.011735425077509
"primary",2,601,0.00989842724600956
"primary",2,602,0.0110788988076273
"primary",2,603,0.0113214677929015
"primary",2,604,0.0128507980544613
"primary",2,605,0.0140217416804591
"primary",2,606,0.0119292909875888
"primary",2,607,0.0103912062018431
"primary",2,608,0.0122579666951116
"primary",2,609,0.0100695301462108
"primary",2,610,0.0143784257261131
"primary",2,611,0.00775929784830193
"primary",2,612,0.0130278632739797
"primary",2,613,0.0118836680229302
"primary",2,614,0.0119912282657666
"primary",2,615,0.00980647372315646
"primary",2,616,0.0140365751225014
"primary",2,617,0.0123550914725937
"primary",2,618,0.0128561841753655
"primary",2,619,0.0145744465491445
"primary",2,620,0.0118630614783328
"primary",2,621,0.0114948106166129
"primary",2,622,0.0164626455293537
"primary",2,623,0.0117785210165226
"primary",2,624,0.0110720247575569
"primary",2,625,0.0110259389117649
"primary",2,626,0.0129380968781644
"primary",2,627,0.0124980473959561
"primary",2,628,0.0145971164370035
"primary",2,629,0.0128843595421213
"primary",2,630,0.00924693990924211
"primary",2,631,0.0112122877618676
"primary",2,632,0.0103519460482672
"primary",2,633,0.00909405324188132
"primary",2,634,0.00994954997212591
"primary",2,635,0.0121037709603422
"primary",2,636,0.0104307463426786
"primary",2,637,0.014547051984872
"primary",2,638,0.0131476964958671
"primary",2,639,0.0106783313984843
"primary",2,640,0.0125142380192184
"primary",2,641,0.0107272141739727
"primary",2,642,0.012427354036471
"primary",2,643,0.0200213807330672
"primary",2,644,0.0109824655267006
"primary",2,645,0.012164316633246
"primary",2,646,0.0100096864931029
"primary",2,647,0.0116249807558316
"primary",2,648,0.00770359609583488
"primary",2,649,0.0124874383544618
"primary",2,650,0.0120808495568026
"primary",2,651,0.014412820804411
"primary",2,652,0.0109057894414981
"primary",2,653,0.0125541565102154
"primary",2,654,0.0152419654775954
"primary",2,655,0.0119127258021073
"primary",2,656,0.0131546160596968
"primary",2,657,0.0117991236670307
"primary",2,658,0.0113776027252299
"primary",2,659,0.0117980523632843
"primary",2,660,0.0105183442302217
"primary",2,661,0.0137909203447903
"primary",2,662,0.0170209891766459
"primary",2,663,0.0135574009335556
"primary",2,664,0.0117497837965616
"primary",2,665,0.0129958054609172
"primary",2,666,0.0151614581927075
"primary",2,667,0.0134059023929352
"primary",2,668,0.0129274664557859
"primary",2,669,0.0118132260221705
"primary",2,670,0.0123486585110815
"primary",2,671,0.0138723656959385
"primary",2,672,0.0129111933180632
"primary",2,673,0.0116434955400594
"primary",2,674,0.0114406494212368
"primary",2,675,0.0108591667820867
"primary",2,676,0.010242403127523
"primary",2,677,0.0148067220149248
"primary",2,678,0.0108220861899731
"primary",2,679,0.0128296959525258
"primary",2,680,0.0141684108233245
"primary",2,681,0.0112224146973103
"primary",2,682,0.012976348071836
"primary",2,683,0.0109115623779381
"primary",2,684,0.0135232220154823
"primary",2,685,0.0128510143885378
"primary",2,686,0.0133727721818109
"primary",2,687,0.0109446968584596
"primary",2,688,0.0131639070957522
"primary",2,689,0.0116491824083737
"primary",2,690,0.0127699929293214
"primary",2,691,0.0125335967323629
"primary",2,692,0.0121555800999364
"primary",2,693,0.0147376009464672
"primary",2,694,0.0130863953397515
"primary",2,695,0.0112002385645471
"primary",2,696,0.00922541409349374
"primary",2,697,0.00966635021561627
"primary",2,698,0.0104676515006932
"primary",2,699,0.0156149379840995
"primary",2,700,0.0128800783550891
"primary",2,701,0.0134070947084393
"primary",2,702,0.0097623169462884
"primary",2,703,0.0116600416061057
"primary",2,704,0.0134336948193997
"primary",2,705,0.0139249736837884
"primary",2,706,0.00960417489712668
"primary",2,707,0.0126187115635685
"primary",2,708,0.00678273402706738
"primary",2,709,0.0098768574113721
"primary",2,710,0.0117615698917605
"primary",2,711,0.0112072152049106
"primary",2,712,0.0114025322252498
"primary",2,713,0.0148331653158497
"primary",2,714,0.0119294274372961
"primary",2,715,0.0125463118983871
"primary",2,716,0.013576774581484
"primary",2,717,0.00997954310673216
"primary",2,718,0.0137909749158696
"primary",2,719,0.0120629065884753
"primary",2,720,0.0157628377501462
"primary",2,721,0.0123031330139471
"primary",2,722,0.00919484637280577
"primary",2,723,0.0117980203062331
"primary",2,724,0.00843435910929705
"primary",2,725,0.0107235781530383
"primary",2,726,0.0105512351738523
"primary",2,727,0.0101071988456135
"primary",2,728,0.0101132379468897
"primary",2,729,0.0115553261303145
"primary",2,730,0.0130307195109235
"primary",2,731,0.0126281741570615
"primary",2,732,0.0123324182181391
"primary",2,733,0.0104262905887476
"primary",2,734,0.013795561032847
"primary",2,735,0.0104544783542868
"primary",2,736,0.0109294456401306
"primary",2,737,0.0112033019765487
"primary",2,738,0.0115889102490126
"primary",2,739,0.0117647826356316
"primary",2,740,0.0103844223568305
"primary",2,741,0.0103322938880948
"primary",2,742,0.0117420244990808
"primary",2,743,0.0117017749131181
"primary",2,744,0.0107058161124765
"primary",2,745,0.0124225915253365
"primary",2,746,0.0123159844596613
"primary",2,747,0.0105015713964848
"primary",2,748,0.0117836831398897
"primary",2,749,0.0141974921150513
"primary",2,750,0.0103378496614575
"primary",2,751,0.0121272325203839
"primary",2,752,0.0116489047144138
"primary",2,753,0.0130200392935978
"primary",2,754,0.014120765753795
"primary",2,755,0.0123773487547087
"primary",2,756,0.0117084014912022
"primary",2,757,0.0131815067037794
"primary",2,758,0.0109057762904735
"primary",2,759,0.013940099572997
"primary",2,760,0.0101912148371822
"primary",2,761,0.0103581554440767
"primary",2,762,0.0139781337098313
"primary",2,763,0.0115076223611176
"primary",2,764,0.0141258599431632
"primary",2,765,0.0136625366277137
"primary",2,766,0.0123571074645976
"primary",2,767,0.0108287168336287
"primary",2,768,0.0123886636445133
"primary",2,769,0.0111625085513693
"primary",2,770,0.0117883463354524
"primary",2,771,0.0119996110686757
"primary",2,772,0.0102472515247155
"primary",2,773,0.0129591869587618
"primary",2,774,0.0109580819708605
"primary",2,775,0.0106502015633457
"primary",2,776,0.0120458050194203
"primary",2,777,0.0135114281871681
"primary",2,778,0.0119059830192369
"primary",2,779,0.0129949070139671
"primary",2,780,0.00974567945749773
"primary",2,781,0.0150919091954655
"primary",2,782,0.00967006638467092
"primary",2,783,0.013924150621589
"primary",2,784,0.0116853298389067
"primary",2,785,0.0118915421248852
"primary",2,786,0.0141693302955369
"primary",2,787,0.0119852692665948
"primary",2,788,0.0121533316375597
"primary",2,789,0.013274323352889
"primary",2,790,0.0149251708417888
"primary",2,791,0.0134734281580009
"primary",2,792,0.013635102999577
"primary",2,793,0.0121454280825203
"primary",2,794,0.00863318962165915
"primary",2,795,0.0123015060047755
"primary",2,796,0.0115604996777976
"primary",2,797,0.0136631976679463
"primary",2,798,0.0143747635604506
"primary",2,799,0.0139767042358621
"primary",2,800,0.0157805056151295
"primary",2,801,0.010572812535379
"primary",2,802,0.0114107701377626
"primary",2,803,0.014512209882356
"primary",2,804,0.00940285550544469
"primary",2,805,0.0136922777172946
"primary",2,806,0.0133280249245494
"primary",2,807,0.0162800137255357
"primary",2,808,0.0138739384645743
"primary",2,809,0.0133329399231893
"primary",2,810,0.0123569174584567
"primary",2,811,0.00954995752970889
"primary",2,812,0.0108445950793253
"primary",2,813,0.0120046610476471
"primary",2,814,0.0114701501067223
"primary",2,815,0.0132315663361681
"primary",2,816,0.0123862689707274
"primary",2,817,0.0143417371563789
"primary",2,818,0.00787724330411107
"primary",2,819,0.0137139253159164
"primary",2,820,0.0100438845252257
"primary",2,821,0.011089904132751
"primary",2,822,0.00994183744682467
"primary",2,823,0.0124350437884264
"primary",2,824,0.013442154982949
"primary",2,825,0.0108116317591804
"primary",2,826,0.00962409692568321
"primary",2,827,0.0119970023144351
"primary",2,828,0.0117874823852024
"primary",2,829,0.0107122069254628
"primary",2,830,0.0135135833726741
"primary",2,831,0.0121066067545456
"primary",2,832,0.0119699093498039
"primary",2,833,0.0116815817592183
"primary",2,834,0.0129380696221453
"primary",2,835,0.0149086177790126
"primary",2,836,0.010005706096885
"primary",2,837,0.0169860625808054
"primary",2,838,0.0113658972682626
"primary",2,839,0.013204706714412
"primary",2,840,0.0109979288250312
"primary",2,841,0.00997107750651213
"primary",2,842,0.00998882662952845
"primary",2,843,0.00980459046110941
"primary",2,844,0.00879115296600654
"primary",2,845,0.0167621841844704
"primary",2,846,0.0118162264835288
"primary",2,847,0.0160978453345207
"primary",2,848,0.0141162155576095
"primary",2,849,0.0121572448681581
"primary",2,850,0.0103302166169426
"primary",2,851,0.0139458501133107
"primary",2,852,0.0128132100893806
"primary",2,853,0.0115421051511655
"primary",2,854,0.0152636129466078
"primary",2,855,0.0103236114308483
"primary",2,856,0.00865409180245425
"primary",2,857,0.016651793305639
"primary",2,858,0.0152502626422623
"primary",2,859,0.0117702923506858
"primary",2,860,0.0100762206895541
"primary",2,861,0.0112510492375896
"primary",2,862,0.0138544525868851
"primary",2,863,0.0094810705436902
"primary",2,864,0.0142088782711568
"primary",2,865,0.0118597421806107
"primary",2,866,0.0138675930570468
"primary",2,867,0.0100902973744856
"primary",2,868,0.0126500555068041
"primary",2,869,0.0115658582858062
"primary",2,870,0.0150075598359389
"primary",2,871,0.011190621696465
"primary",2,872,0.0155977808637961
"primary",2,873,0.0149030016118018
"primary",2,874,0.0109510957949801
"primary",2,875,0.0135612804442154
"primary",2,876,0.0143235670799726
"primary",2,877,0.0114766382352525
"primary",2,878,0.0102029157722372
"primary",2,879,0.0105708490240224
"primary",2,880,0.0108132909057454
"primary",2,881,0.0135014760498861
"primary",2,882,0.0105261491334381
"primary",2,883,0.0112297492860779
"primary",2,884,0.0104526910931922
"primary",2,885,0.0129634732704943
"primary",2,886,0.0111397360023117
"primary",2,887,0.0127907851556028
"primary",2,888,0.013710681353438
"primary",2,889,0.0129909692380931
"primary",2,890,0.0111874784838664
"primary",2,891,0.0119095748820338
"primary",2,892,0.0126471445725328
"primary",2,893,0.0142053781060615
"primary",2,894,0.0096303557598949
"primary",2,895,0.0106231296563671
"primary",2,896,0.0121773326889278
"primary",2,897,0.00990089809636384
"primary",2,898,0.00916200447873559
"primary",2,899,0.0130183551254038
"primary",2,900,0.00967884141571524
"primary",2,901,0.0131427893513037
"primary",2,902,0.010837859357635
"primary",2,903,0.0101178067213223
"primary",2,904,0.0132605855155467
"primary",2,905,0.0116884287492735
"primary",2,906,0.0122885612988802
"primary",2,907,0.00966821825758062
"primary",2,908,0.018722916004366
"primary",2,909,0.0138656653211654
"primary",2,910,0.0128766806029296
"primary",2,911,0.0139452190099426
"primary",2,912,0.0137588839674093
"primary",2,913,0.0151396925334972
"primary",2,914,0.0131919666622486
"primary",2,915,0.0111093317714961
"primary",2,916,0.00907226652074174
"primary",2,917,0.0146674008295922
"primary",2,918,0.0126586497826715
"primary",2,919,0.0135325134699057
"primary",2,920,0.0125171624927244
"primary",2,921,0.012018081534508
"primary",2,922,0.0121764821623698
"primary",2,923,0.0100343861203013
"primary",2,924,0.0127194381279745
"primary",2,925,0.0111777342501081
"primary",2,926,0.0124890686267678
"primary",2,927,0.0135735859572548
"primary",2,928,0.00977911632197026
"primary",2,929,0.0119468089408515
"primary",2,930,0.0111268182634864
"primary",2,931,0.0117700922947272
"primary",2,932,0.0113569530490776
"primary",2,933,0.0111958436170928
"primary",2,934,0.00985467257855957
"primary",2,935,0.0112889309971049
"primary",2,936,0.0138780946555241
"primary",2,937,0.0111354045874091
"primary",2,938,0.0157118798205269
"primary",2,939,0.0102788662018229
"primary",2,940,0.0103609481869463
"primary",2,941,0.00895559174027398
"primary",2,942,0.0123266712552719
"primary",2,943,0.010184183323027
"primary",2,944,0.0106410953385979
"primary",2,945,0.0109421683923183
"primary",2,946,0.0115793407813031
"primary",2,947,0.0114997968480008
"primary",2,948,0.0146419557168657
"primary",2,949,0.0136510455067575
"primary",2,950,0.0123333346479057
"primary",2,951,0.0160374987016909
"primary",2,952,0.0122598248259248
"primary",2,953,0.0171021028995693
"primary",2,954,0.0147999851956
"primary",2,955,0.0108337332692526
"primary",2,956,0.0081112228152076
"primary",2,957,0.0132853669771387
"primary",2,958,0.0102107658222817
"primary",2,959,0.0112978317624661
"primary",2,960,0.0113068915056626
"primary",2,961,0.0109539162608611
"primary",2,962,0.0109460083064124
"primary",2,963,0.0121182219758536
"primary",2,964,0.0108830063676475
"primary",2,965,0.0124650998295597
"primary",2,966,0.0165651360808617
"primary",2,967,0.0104231425753894
"primary",2,968,0.0119020767927143
"primary",2,969,0.0132702807464424
"primary",2,970,0.0127054386249187
"primary",2,971,0.013032514699346
"primary",2,972,0.0122488894823373
"primary",2,973,0.0075309041684116
"primary",2,974,0.0138010926258389
"primary",2,975,0.00907336396220119
"primary",2,976,0.0152531086759367
"primary",2,977,0.01181622480762
"primary",2,978,0.0132379036368624
"primary",2,979,0.014598837963113
"primary",2,980,0.00818510331281603
"primary",2,981,0.0130072468003228
"primary",2,982,0.0158231329045574
"primary",2,983,0.0138139231904285
"primary",2,984,0.0126793797414292
"primary",2,985,0.0126629600702404
"primary",2,986,0.0117201039769632
"primary",2,987,0.0127303529527771
"primary",2,988,0.0125602818728158
"primary",2,989,0.0113209252560205
"primary",2,990,0.00952705660134672
"primary",2,991,0.0111024191643223
"primary",2,992,0.0122172432483488
"primary",2,993,0.0114851645060896
"primary",2,994,0.0132150898029683
"primary",2,995,0.00765787308496493
"primary",2,996,0.0108896027398949
"primary",2,997,0.0114075256367303
"primary",2,998,0.0131453929639861
"primary",2,999,0.0103176304945927
"primary",2,1000,0.0151074256599375
"primary",3,1,0.0225058246438529
"primary",3,2,0.0241130197314082
"primary",3,3,0.0200734837080397
"primary",3,4,0.018477687518957
"primary",3,5,0.0244947279825399
"primary",3,6,0.0227181180377584
"primary",3,7,0.0197003356722515
"primary",3,8,0.0217346475194917
"primary",3,9,0.0215513618386237
"primary",3,10,0.0212306914456623
"primary",3,11,0.0234382955503734
"primary",3,12,0.0262732599692865
"primary",3,13,0.0212028192440153
"primary",3,14,0.0191143011663931
"primary",3,15,0.0219432959183695
"primary",3,16,0.0196835397486892
"primary",3,17,0.0201386132912358
"primary",3,18,0.0211056650246088
"primary",3,19,0.0226597941281447
"primary",3,20,0.0226025570680282
"primary",3,21,0.0255208746598686
"primary",3,22,0.0262127229474981
"primary",3,23,0.0240586161724026
"primary",3,24,0.0254069148835393
"primary",3,25,0.0227342788317679
"primary",3,26,0.0264897891487207
"primary",3,27,0.0237328502822625
"primary",3,28,0.0199659871341549
"primary",3,29,0.0232441600897133
"primary",3,30,0.0225995112681925
"primary",3,31,0.027070437347011
"primary",3,32,0.0212620455878767
"primary",3,33,0.0238539493088255
"primary",3,34,0.0230355003981426
"primary",3,35,0.0246633621894653
"primary",3,36,0.0241650476998575
"primary",3,37,0.0231345712677304
"primary",3,38,0.0238751387399304
"primary",3,39,0.0217567038127587
"primary",3,40,0.0212953861349104
"primary",3,41,0.0218042522752106
"primary",3,42,0.0220561584055337
"primary",3,43,0.021439906906566
"primary",3,44,0.022819140699067
"primary",3,45,0.0244891070172181
"primary",3,46,0.0233112182006481
"primary",3,47,0.0224421481465986
"primary",3,48,0.0209528286667621
"primary",3,49,0.0221581489968441
"primary",3,50,0.0210320383887
"primary",3,51,0.0225398464579684
"primary",3,52,0.0203478991408928
"primary",3,53,0.0221103137546448
"primary",3,54,0.0216872373452639
"primary",3,55,0.0209177995271799
"primary",3,56,0.0259024692823222
"primary",3,57,0.0195408364356773
"primary",3,58,0.0200752920801223
"primary",3,59,0.0224361502480576
"primary",3,60,0.0232648134009571
"primary",3,61,0.0186038347289037
"primary",3,62,0.0195330205402056
"primary",3,63,0.0200219407957227
"primary",3,64,0.0218070164973972
"primary",3,65,0.0210467422741061
"primary",3,66,0.0193962610204428
"primary",3,67,0.0199754438493591
"primary",3,68,0.022650319774484
"primary",3,69,0.0194148523286269
"primary",3,70,0.0235359186318756
"primary",3,71,0.0210072285073549
"primary",3,72,0.0226111611584446
"primary",3,73,0.0249675461685856
"primary",3,74,0.0198995149864295
"primary",3,75,0.018877222450811
"primary",3,76,0.0232090925465675
"primary",3,77,0.0215378369500009
"primary",3,78,0.0181297217855427
"primary",3,79,0.0243220889103092
"primary",3,80,0.0205006931638805
"primary",3,81,0.0247496391257879
"primary",3,82,0.0213239635341688
"primary",3,83,0.020054242987942
"primary",3,84,0.0228407536315409
"primary",3,85,0.0223045010815322
"primary",3,86,0.0208731125752676
"primary",3,87,0.0251528077399272
"primary",3,88,0.0226027581027255
"primary",3,89,0.0261964879189459
"primary",3,90,0.0254716759740805
"primary",3,91,0.0199233031634483
"primary",3,92,0.0201472497753769
"primary",3,93,0.019796924414386
"primary",3,94,0.0246024576926983
"primary",3,95,0.0219921172434641
"primary",3,96,0.0226764062197756
"primary",3,97,0.0242615216545274
"primary",3,98,0.01989467389585
"primary",3,99,0.0235557737253074
"primary",3,100,0.0193710403524543
"primary",3,101,0.0216647899167281
"primary",3,102,0.0199094637264147
"primary",3,103,0.0194259153937917
"primary",3,104,0.017969202254144
"primary",3,105,0.0253438262452917
"primary",3,106,0.0241778935065662
"primary",3,107,0.020656702522674
"primary",3,108,0.0238190842774257
"primary",3,109,0.0221402023532439
"primary",3,110,0.0213444252696211
"primary",3,111,0.0209331229679119
"primary",3,112,0.0203021168203682
"primary",3,113,0.0222685768907714
"primary",3,114,0.0200770016896289
"primary",3,115,0.0250973490591803
"primary",3,116,0.0214060394692122
"primary",3,117,0.0186656650250625
"primary",3,118,0.0212477386224619
"primary",3,119,0.0216450082941818
"primary",3,120,0.0267129650311643
"primary",3,121,0.0255108856591223
"primary",3,122,0.0258872387145599
"primary",3,123,0.0203113859180923
"primary",3,124,0.0235011567588713
"primary",3,125,0.0214731903109921
"primary",3,126,0.01889137747119
"primary",3,127,0.0236629541818357
"primary",3,128,0.0190519790446016
"primary",3,129,0.0196655268569974
"primary",3,130,0.0256475669774189
"primary",3,131,0.019761387804632
"primary",3,132,0.0264463115835448
"primary",3,133,0.0203821644960392
"primary",3,134,0.0221726288684921
"primary",3,135,0.0215752645649434
"primary",3,136,0.0243141847456942
"primary",3,137,0.0207205434081167
"primary",3,138,0.0188468409034442
"primary",3,139,0.0244864934576758
"primary",3,140,0.0214676534777796
"primary",3,141,0.0247838717909246
"primary",3,142,0.0256853515800333
"primary",3,143,0.0197289246092636
"primary",3,144,0.0184603742881313
"primary",3,145,0.019687107878525
"primary",3,146,0.0234359768176808
"primary",3,147,0.0234658427205089
"primary",3,148,0.0259032287752394
"primary",3,149,0.0218252621205825
"primary",3,150,0.0213728330712732
"primary",3,151,0.0193674319823315
"primary",3,152,0.02473833676155
"primary",3,153,0.0229275789264939
"primary",3,154,0.0228555659476666
"primary",3,155,0.0224778024310268
"primary",3,156,0.0256121176374371
"primary",3,157,0.0231395191999237
"primary",3,158,0.0248530774213682
"primary",3,159,0.024681197946524
"primary",3,160,0.0248528617957838
"primary",3,161,0.0186941639759077
"primary",3,162,0.0228927128519467
"primary",3,163,0.0242687476455542
"primary",3,164,0.022031339239108
"primary",3,165,0.0193851078936985
"primary",3,166,0.0179046324505001
"primary",3,167,0.0204363387775673
"primary",3,168,0.0182581798917301
"primary",3,169,0.0281292706908209
"primary",3,170,0.0263599854649403
"primary",3,171,0.0224571101655508
"primary",3,172,0.0214784567819897
"primary",3,173,0.0206485455972567
"primary",3,174,0.0211292348383427
"primary",3,175,0.023252958754344
"primary",3,176,0.019342908987273
"primary",3,177,0.0209797911674577
"primary",3,178,0.0217327020074071
"primary",3,179,0.0203500795552802
"primary",3,180,0.0225913207068693
"primary",3,181,0.0207031073467055
"primary",3,182,0.0236803426418178
"primary",3,183,0.0215479570110229
"primary",3,184,0.0223733180219876
"primary",3,185,0.0225896742360634
"primary",3,186,0.0214793229779833
"primary",3,187,0.0230345275600373
"primary",3,188,0.0209766275805722
"primary",3,189,0.0273917462026579
"primary",3,190,0.0226872141663884
"primary",3,191,0.0225212458651158
"primary",3,192,0.0207896560810907
"primary",3,193,0.026722204580221
"primary",3,194,0.0217038711672083
"primary",3,195,0.0244979550815252
"primary",3,196,0.0231945286120607
"primary",3,197,0.0222976519672786
"primary",3,198,0.0189720652542919
"primary",3,199,0.0230863473508353
"primary",3,200,0.0229656741654581
"primary",3,201,0.0262251599623082
"primary",3,202,0.0217698891307361
"primary",3,203,0.0203038627468118
"primary",3,204,0.0185180866316889
"primary",3,205,0.0241193367027166
"primary",3,206,0.0197017132700658
"primary",3,207,0.0199911518254113
"primary",3,208,0.0217856337019298
"primary",3,209,0.0217421615054379
"primary",3,210,0.0219437394810019
"primary",3,211,0.0200727138175649
"primary",3,212,0.0231166194897688
"primary",3,213,0.0209638032815266
"primary",3,214,0.0218883456397147
"primary",3,215,0.0188999892765735
"primary",3,216,0.0220937665334851
"primary",3,217,0.0202319175450676
"primary",3,218,0.024407728518936
"primary",3,219,0.0227885619445906
"primary",3,220,0.0207689456682526
"primary",3,221,0.0224555841929727
"primary",3,222,0.0219820513018372
"primary",3,223,0.0236114947336829
"primary",3,224,0.0220924498646354
"primary",3,225,0.0184041363955752
"primary",3,226,0.0200789839983437
"primary",3,227,0.0207451734423722
"primary",3,228,0.0217027660506257
"primary",3,229,0.0223779629682784
"primary",3,230,0.0227965501719309
"primary",3,231,0.0229649321606125
"primary",3,232,0.0215820298470671
"primary",3,233,0.0235286675161574
"primary",3,234,0.0207602440086399
"primary",3,235,0.0211877019379658
"primary",3,236,0.0197803034074324
"primary",3,237,0.0205426112147427
"primary",3,238,0.0239151000814234
"primary",3,239,0.0243135323562642
"primary",3,240,0.0239801686748165
"primary",3,241,0.0209230648183295
"primary",3,242,0.022560355093501
"primary",3,243,0.0223590782690875
"primary",3,244,0.0209085803935013
"primary",3,245,0.0205267609506862
"primary",3,246,0.0221149262950348
"primary",3,247,0.02309291436652
"primary",3,248,0.0194043365478463
"primary",3,249,0.0198248291791227
"primary",3,250,0.0220350950921657
"primary",3,251,0.0235099263458831
"primary",3,252,0.0231596675300527
"primary",3,253,0.0226749907583516
"primary",3,254,0.02448324405487
"primary",3,255,0.0196682756528878
"primary",3,256,0.0242686860427019
"primary",3,257,0.0193963823681217
"primary",3,258,0.0197269669207562
"primary",3,259,0.0230320046358724
"primary",3,260,0.0216856595355498
"primary",3,261,0.0248094481558458
"primary",3,262,0.021895572771439
"primary",3,263,0.0254641088792101
"primary",3,264,0.0223783283223169
"primary",3,265,0.0215685381247328
"primary",3,266,0.0246833593309815
"primary",3,267,0.0205500375009274
"primary",3,268,0.0184711572531258
"primary",3,269,0.0233894513904257
"primary",3,270,0.0201268062625979
"primary",3,271,0.020201230246467
"primary",3,272,0.025158772517923
"primary",3,273,0.0232348492861739
"primary",3,274,0.0229692175943528
"primary",3,275,0.0198089768493868
"primary",3,276,0.0255434352967998
"primary",3,277,0.0236545920071596
"primary",3,278,0.0236241335918642
"primary",3,279,0.0179599010313357
"primary",3,280,0.017531639502879
"primary",3,281,0.0208830510669398
"primary",3,282,0.0239048978262888
"primary",3,283,0.0213448583183122
"primary",3,284,0.0235900819496486
"primary",3,285,0.0202082845347065
"primary",3,286,0.0246567156183313
"primary",3,287,0.0189779271628146
"primary",3,288,0.0232894456756825
"primary",3,289,0.0246835008903004
"primary",3,290,0.0228132067464398
"primary",3,291,0.0233980904052625
"primary",3,292,0.0232803530841481
"primary",3,293,0.0232432201877368
"primary",3,294,0.0213468563571895
"primary",3,295,0.0253609422210619
"primary",3,296,0.0247103737124657
"primary",3,297,0.0218778837521636
"primary",3,298,0.0235767987445563
"primary",3,299,0.0221238675514406
"primary",3,300,0.0220078643497159
"primary",3,301,0.0230435417390586
"primary",3,302,0.0176070193044434
"primary",3,303,0.0231872656187268
"primary",3,304,0.0254042538637909
"primary",3,305,0.0222294955945013
"primary",3,306,0.0202421063164472
"primary",3,307,0.0253543548151376
"primary",3,308,0.0220114042214329
"primary",3,309,0.0230751928638988
"primary",3,310,0.0208948496320245
"primary",3,311,0.0255318838781779
"primary",3,312,0.0239594303301122
"primary",3,313,0.0217345855007686
"primary",3,314,0.0259272754808399
"primary",3,315,0.0232174126647555
"primary",3,316,0.0240801671560004
"primary",3,317,0.0244952321721472
"primary",3,318,0.0220653174382147
"primary",3,319,0.0236925865525442
"primary",3,320,0.0209890824490042
"primary",3,321,0.0213231275796379
"primary",3,322,0.0199586780967375
"primary",3,323,0.0243059931236572
"primary",3,324,0.0228625642611396
"primary",3,325,0.02601834649769
"primary",3,326,0.0226961589083485
"primary",3,327,0.021873532408615
"primary",3,328,0.0204856027028882
"primary",3,329,0.0223981124932386
"primary",3,330,0.0223116777106981
"primary",3,331,0.0190122202177487
"primary",3,332,0.0240240965555684
"primary",3,333,0.0189644143478869
"primary",3,334,0.021011716009134
"primary",3,335,0.020980934436643
"primary",3,336,0.0234189664973561
"primary",3,337,0.0255671771138413
"primary",3,338,0.0221199200923825
"primary",3,339,0.0203964698682164
"primary",3,340,0.022764045926088
"primary",3,341,0.0203519942260381
"primary",3,342,0.0253990856609483
"primary",3,343,0.021368246801707
"primary",3,344,0.0226009271952956
"primary",3,345,0.0260760491326999
"primary",3,346,0.0180742303781709
"primary",3,347,0.021778410450444
"primary",3,348,0.0221690124976639
"primary",3,349,0.0195076875337045
"primary",3,350,0.0217492384779733
"primary",3,351,0.0192752433274032
"primary",3,352,0.0206246710412798
"primary",3,353,0.0197563290402612
"primary",3,354,0.0209763267639335
"primary",3,355,0.0214404468784843
"primary",3,356,0.023029198538664
"primary",3,357,0.0222417404354923
"primary",3,358,0.0209774122666244
"primary",3,359,0.0238617705567435
"primary",3,360,0.0219632703646986
"primary",3,361,0.0235913272381706
"primary",3,362,0.0248949333477756
"primary",3,363,0.022218983736878
"primary",3,364,0.0203217643635862
"primary",3,365,0.0188412885580558
"primary",3,366,0.0207482584345196
"primary",3,367,0.0164353152263944
"primary",3,368,0.0197402252998515
"primary",3,369,0.0257513054218568
"primary",3,370,0.0219864262232621
"primary",3,371,0.0198898940998869
"primary",3,372,0.025036870368771
"primary",3,373,0.022383947500137
"primary",3,374,0.024329845660302
"primary",3,375,0.0236198615555684
"primary",3,376,0.0189876202051893
"primary",3,377,0.0252784233711239
"primary",3,378,0.0218401385734846
"primary",3,379,0.0204554455751731
"primary",3,380,0.0216594682260285
"primary",3,381,0.0243808070240429
"primary",3,382,0.0193142033145209
"primary",3,383,0.0224710504085486
"primary",3,384,0.0250922729240672
"primary",3,385,0.0232602193704448
"primary",3,386,0.0216583885395793
"primary",3,387,0.0227159588342101
"primary",3,388,0.0226488383295043
"primary",3,389,0.0212034446270302
"primary",3,390,0.0203838297206068
"primary",3,391,0.023832813244415
"primary",3,392,0.023799105017441
"primary",3,393,0.0203185391822223
"primary",3,394,0.021272866519151
"primary",3,395,0.0191115027773294
"primary",3,396,0.0198228948991914
"primary",3,397,0.0173854255846833
"primary",3,398,0.0227512842451405
"primary",3,399,0.0219903036210022
"primary",3,400,0.0205099014475398
"primary",3,401,0.0211542138892081
"primary",3,402,0.021389583613175
"primary",3,403,0.0184420518062043
"primary",3,404,0.0257349789303334
"primary",3,405,0.0200327120013212
"primary",3,406,0.0206855195018638
"primary",3,407,0.0204038082945007
"primary",3,408,0.0188913407648456
"primary",3,409,0.0202814710313966
"primary",3,410,0.020878799828289
"primary",3,411,0.0187972826058847
"primary",3,412,0.0257989178562119
"primary",3,413,0.0241683782802845
"primary",3,414,0.0208933945541288
"primary",3,415,0.0199258360560763
"primary",3,416,0.0217188649234621
"primary",3,417,0.0237616698891488
"primary",3,418,0.0248506366372512
"primary",3,419,0.0215746355183252
"primary",3,420,0.0213170154804235
"primary",3,421,0.0200946360049347
"primary",3,422,0.0243324655664881
"primary",3,423,0.0164437571118975
"primary",3,424,0.0209563120212638
"primary",3,425,0.0234219700769066
"primary",3,426,0.0225901275423974
"primary",3,427,0.0244890444948018
"primary",3,428,0.0221908365421617
"primary",3,429,0.023085677962382
"primary",3,430,0.0223803986495568
"primary",3,431,0.0247054924327438
"primary",3,432,0.0225031585700773
"primary",3,433,0.0218770081597435
"primary",3,434,0.0225368839230219
"primary",3,435,0.0208461660614656
"primary",3,436,0.0174551042940835
"primary",3,437,0.0219571749096146
"primary",3,438,0.0260549895754829
"primary",3,439,0.0213532056240831
"primary",3,440,0.0233506672208573
"primary",3,441,0.025215843230325
"primary",3,442,0.0241035339395943
"primary",3,443,0.0194857237315916
"primary",3,444,0.0193004187068377
"primary",3,445,0.0239934410500532
"primary",3,446,0.0248690289154907
"primary",3,447,0.02527196222428
"primary",3,448,0.0204582305948538
"primary",3,449,0.0187989535757709
"primary",3,450,0.021084475406841
"primary",3,451,0.0229150563775031
"primary",3,452,0.0240339161124717
"primary",3,453,0.0234150171128495
"primary",3,454,0.0210689157283937
"primary",3,455,0.0258935809763603
"primary",3,456,0.0235413333504729
"primary",3,457,0.0264596484648453
"primary",3,458,0.0213493981441537
"primary",3,459,0.0237080552850577
"primary",3,460,0.022328401708477
"primary",3,461,0.0198589968989273
"primary",3,462,0.0222330416971211
"primary",3,463,0.0201484973876
"primary",3,464,0.0254668848283796
"primary",3,465,0.0231437771865714
"primary",3,466,0.0254647578229626
"primary",3,467,0.0205716823975135
"primary",3,468,0.0218244505945246
"primary",3,469,0.0254738037536613
"primary",3,470,0.0216310977172146
"primary",3,471,0.0210696785959175
"primary",3,472,0.0159842607777859
"primary",3,473,0.0201975843649358
"primary",3,474,0.0201848646232316
"primary",3,475,0.0190161518488275
"primary",3,476,0.021105794970702
"primary",3,477,0.0188244246293693
"primary",3,478,0.0231132036102025
"primary",3,479,0.0203404075758082
"primary",3,480,0.0248654546405806
"primary",3,481,0.020754624771372
"primary",3,482,0.0192381966919245
"primary",3,483,0.0215416304982767
"primary",3,484,0.0163194192424999
"primary",3,485,0.02048921873558
"primary",3,486,0.0223900243714723
"primary",3,487,0.0188801946225339
"primary",3,488,0.0254337893708311
"primary",3,489,0.0202721355744825
"primary",3,490,0.0192573365046818
"primary",3,491,0.0224165677056723
"primary",3,492,0.0220717186819636
"primary",3,493,0.0189219991473211
"primary",3,494,0.026270112345063
"primary",3,495,0.0215856193931912
"primary",3,496,0.0225529347378844
"primary",3,497,0.0223206512774925
"primary",3,498,0.0234851013669616
"primary",3,499,0.0208400420757335
"primary",3,500,0.0231352997149084
"primary",3,501,0.0232155521520974
"primary",3,502,0.0218443352580094
"primary",3,503,0.0219134050577362
"primary",3,504,0.0199339400776957
"primary",3,505,0.0251412006550149
"primary",3,506,0.0228827191608626
"primary",3,507,0.0242160424118142
"primary",3,508,0.0227551362737086
"primary",3,509,0.0214105603503149
"primary",3,510,0.01838061051337
"primary",3,511,0.0275912567546738
"primary",3,512,0.0241741554839585
"primary",3,513,0.0226399086391751
"primary",3,514,0.0233249261890026
"primary",3,515,0.026832136541784
"primary",3,516,0.0232787604746748
"primary",3,517,0.0185661914478205
"primary",3,518,0.0234165377560205
"primary",3,519,0.0223296673684491
"primary",3,520,0.021107675724103
"primary",3,521,0.021047856282435
"primary",3,522,0.0242071336204343
"primary",3,523,0.0215952545208433
"primary",3,524,0.0218350032351091
"primary",3,525,0.0203159874868013
"primary",3,526,0.0262422489880926
"primary",3,527,0.022419657301146
"primary",3,528,0.0236528632461896
"primary",3,529,0.0182775707110768
"primary",3,530,0.0194362086900542
"primary",3,531,0.024760596076318
"primary",3,532,0.0235463412297847
"primary",3,533,0.0221384885681314
"primary",3,534,0.0216434645884588
"primary",3,535,0.0258281026726337
"primary",3,536,0.0218284236311485
"primary",3,537,0.0249359427353167
"primary",3,538,0.021425171441227
"primary",3,539,0.0237417270341923
"primary",3,540,0.0217622453988662
"primary",3,541,0.0227504847387862
"primary",3,542,0.0210391557453354
"primary",3,543,0.0191622324212804
"primary",3,544,0.0263365669075191
"primary",3,545,0.0202652692132539
"primary",3,546,0.0219887544499208
"primary",3,547,0.0216087499788686
"primary",3,548,0.0190834712287328
"primary",3,549,0.020276136955489
"primary",3,550,0.0242761018177371
"primary",3,551,0.0224566178327602
"primary",3,552,0.0241557476342813
"primary",3,553,0.0193012658230865
"primary",3,554,0.0223677184798281
"primary",3,555,0.024431075788856
"primary",3,556,0.0249225530515254
"primary",3,557,0.0228055035756437
"primary",3,558,0.0193975486641766
"primary",3,559,0.0229289070293004
"primary",3,560,0.0217793258691885
"primary",3,561,0.0204162280422393
"primary",3,562,0.0217279001700983
"primary",3,563,0.0247298897841269
"primary",3,564,0.0224460434782389
"primary",3,565,0.0253197038822454
"primary",3,566,0.0236235752938325
"primary",3,567,0.0206511053300617
"primary",3,568,0.0201036673052228
"primary",3,569,0.0200940685057889
"primary",3,570,0.0226444094604859
"primary",3,571,0.0216660507507821
"primary",3,572,0.0207718089387992
"primary",3,573,0.0213281839125549
"primary",3,574,0.0225113074640023
"primary",3,575,0.0207269110318357
"primary",3,576,0.0229433760548919
"primary",3,577,0.0221322648230551
"primary",3,578,0.0235280043549324
"primary",3,579,0.0273365820203952
"primary",3,580,0.0232426414414531
"primary",3,581,0.0191114432606932
"primary",3,582,0.0236711969788831
"primary",3,583,0.0238668298806256
"primary",3,584,0.0209541084206942
"primary",3,585,0.0221754918309137
"primary",3,586,0.0254350808311735
"primary",3,587,0.0251055584913706
"primary",3,588,0.0221590316485238
"primary",3,589,0.0214974086672586
"primary",3,590,0.0235369130700691
"primary",3,591,0.0213301083632318
"primary",3,592,0.0247580414977312
"primary",3,593,0.0237910413725022
"primary",3,594,0.0229911797306893
"primary",3,595,0.025737138884794
"primary",3,596,0.0202773658867859
"primary",3,597,0.0212491959855587
"primary",3,598,0.0205666231408622
"primary",3,599,0.0196631485095549
"primary",3,600,0.0209304622430136
"primary",3,601,0.0218532394430851
"primary",3,602,0.0208652878698533
"primary",3,603,0.0224781467283176
"primary",3,604,0.0244396859323922
"primary",3,605,0.0249013668531408
"primary",3,606,0.0176072234683818
"primary",3,607,0.0181977416323864
"primary",3,608,0.0221708924221488
"primary",3,609,0.0217499916325452
"primary",3,610,0.0225943290973254
"primary",3,611,0.0173084385644272
"primary",3,612,0.0232535105693663
"primary",3,613,0.0215635805766456
"primary",3,614,0.0240891928388929
"primary",3,615,0.0216322903318088
"primary",3,616,0.0217551560123602
"primary",3,617,0.0218346340554824
"primary",3,618,0.0239227407056051
"primary",3,619,0.0233233372529899
"primary",3,620,0.0213594661061603
"primary",3,621,0.0195407134567314
"primary",3,622,0.0259494341006713
"primary",3,623,0.020312678235538
"primary",3,624,0.0204007300077581
"primary",3,625,0.0214369126203322
"primary",3,626,0.0233996317508397
"primary",3,627,0.0213046418246605
"primary",3,628,0.0240102948732388
"primary",3,629,0.0225306070470248
"primary",3,630,0.0182740471046117
"primary",3,631,0.0219783837712185
"primary",3,632,0.0189484558530466
"primary",3,633,0.0183153223216687
"primary",3,634,0.0210585051777523
"primary",3,635,0.0227292214786817
"primary",3,636,0.0223193827217129
"primary",3,637,0.0237876461615025
"primary",3,638,0.0218739788631531
"primary",3,639,0.0207835849877384
"primary",3,640,0.0183900551769988
"primary",3,641,0.0194481697465342
"primary",3,642,0.0218630054589846
"primary",3,643,0.0289223765009544
"primary",3,644,0.0189975309164411
"primary",3,645,0.0209869011251465
"primary",3,646,0.0235097377695791
"primary",3,647,0.0213983400549995
"primary",3,648,0.0170526385163553
"primary",3,649,0.0208884234252066
"primary",3,650,0.0250811917130368
"primary",3,651,0.0243468757848611
"primary",3,652,0.0210122346077159
"primary",3,653,0.0226421930636759
"primary",3,654,0.0234201772911763
"primary",3,655,0.0209134406707904
"primary",3,656,0.0245786829209079
"primary",3,657,0.0237631220933576
"primary",3,658,0.0214535492293012
"primary",3,659,0.0220743205446668
"primary",3,660,0.0198487344683008
"primary",3,661,0.0234903116073534
"primary",3,662,0.027752428665628
"primary",3,663,0.0235305729932726
"primary",3,664,0.022023678907641
"primary",3,665,0.0244925785483437
"primary",3,666,0.0234922676450195
"primary",3,667,0.0238946442680616
"primary",3,668,0.0224906615879279
"primary",3,669,0.0190896783806955
"primary",3,670,0.0222474673818828
"primary",3,671,0.0220468924536383
"primary",3,672,0.0222859768275701
"primary",3,673,0.0219658879586566
"primary",3,674,0.0216352246363088
"primary",3,675,0.0212352639940554
"primary",3,676,0.0201050816143492
"primary",3,677,0.0245828373197477
"primary",3,678,0.0217401534649772
"primary",3,679,0.0241118987375535
"primary",3,680,0.0245670898327121
"primary",3,681,0.0192452758754003
"primary",3,682,0.0204537182661885
"primary",3,683,0.0212529980465652
"primary",3,684,0.0254920845584392
"primary",3,685,0.0221044105091318
"primary",3,686,0.0239502343701308
"primary",3,687,0.0220287960117099
"primary",3,688,0.02127890735194
"primary",3,689,0.0212296179943144
"primary",3,690,0.0206697682550455
"primary",3,691,0.0213219140705735
"primary",3,692,0.0235796985323877
"primary",3,693,0.0256936819592332
"primary",3,694,0.0239096408003527
"primary",3,695,0.0224281703618688
"primary",3,696,0.019857462833208
"primary",3,697,0.0214410887823879
"primary",3,698,0.0224531640459337
"primary",3,699,0.0239990673756234
"primary",3,700,0.0230786815755463
"primary",3,701,0.0228223473656773
"primary",3,702,0.020396042171923
"primary",3,703,0.020735591414024
"primary",3,704,0.0225652255205579
"primary",3,705,0.0231313794313704
"primary",3,706,0.0177221708268376
"primary",3,707,0.0220438259384463
"primary",3,708,0.0176163318187262
"primary",3,709,0.0225399827945025
"primary",3,710,0.0195975198749108
"primary",3,711,0.0188616493583686
"primary",3,712,0.0206758215311938
"primary",3,713,0.0227768824085848
"primary",3,714,0.020950066612123
"primary",3,715,0.0214275830137665
"primary",3,716,0.0194551048895974
"primary",3,717,0.0210295365332658
"primary",3,718,0.0257037510826148
"primary",3,719,0.0211181819492528
"primary",3,720,0.0270307194015037
"primary",3,721,0.0207294611354043
"primary",3,722,0.0208296837518075
"primary",3,723,0.0206257017483101
"primary",3,724,0.0181656891852319
"primary",3,725,0.01928547815069
"primary",3,726,0.0207448865062064
"primary",3,727,0.0185229072058078
"primary",3,728,0.0211150090098085
"primary",3,729,0.0216939059048005
"primary",3,730,0.023089235350175
"primary",3,731,0.0238816104134041
"primary",3,732,0.0247486977357783
"primary",3,733,0.019797637012948
"primary",3,734,0.0222340390597429
"primary",3,735,0.0215077533782079
"primary",3,736,0.0201260796195419
"primary",3,737,0.0189693185980861
"primary",3,738,0.0207256994848344
"primary",3,739,0.019180675425767
"primary",3,740,0.0188093370499956
"primary",3,741,0.0222839031580574
"primary",3,742,0.0243332679228987
"primary",3,743,0.0197200094566363
"primary",3,744,0.0210631794165674
"primary",3,745,0.0217019976093991
"primary",3,746,0.0203213817349127
"primary",3,747,0.0242747187833058
"primary",3,748,0.0200720085097269
"primary",3,749,0.02284878188507
"primary",3,750,0.020051766140422
"primary",3,751,0.0224750506186699
"primary",3,752,0.021326347038606
"primary",3,753,0.0239119197632897
"primary",3,754,0.0237181374499823
"primary",3,755,0.0261335369710038
"primary",3,756,0.0231607140550549
"primary",3,757,0.021961590070786
"primary",3,758,0.0206033376668469
"primary",3,759,0.0225805212646613
"primary",3,760,0.0203637764616763
"primary",3,761,0.0175128740816993
"primary",3,762,0.0230927823180924
"primary",3,763,0.0227496287033576
"primary",3,764,0.0229497593741163
"primary",3,765,0.0214910050877119
"primary",3,766,0.0199946898779293
"primary",3,767,0.0194435177316431
"primary",3,768,0.0226931288409597
"primary",3,769,0.0193627038167476
"primary",3,770,0.0233208589764918
"primary",3,771,0.0203306971079577
"primary",3,772,0.0220438891430867
"primary",3,773,0.0202650941236339
"primary",3,774,0.0215601875349411
"primary",3,775,0.0201392246128563
"primary",3,776,0.0231030502618584
"primary",3,777,0.0227007513881311
"primary",3,778,0.0186325893417502
"primary",3,779,0.0228633186528099
"primary",3,780,0.0199695167839499
"primary",3,781,0.0249074045440762
"primary",3,782,0.0174085037031697
"primary",3,783,0.024074137740143
"primary",3,784,0.0203158703947378
"primary",3,785,0.0201242519803523
"primary",3,786,0.0219002109772525
"primary",3,787,0.0206273465999758
"primary",3,788,0.0243248966939086
"primary",3,789,0.0230650990868477
"primary",3,790,0.0238192944025715
"primary",3,791,0.020330688639833
"primary",3,792,0.0244760326330529
"primary",3,793,0.0216970571482318
"primary",3,794,0.0207434828868182
"primary",3,795,0.0228182614433241
"primary",3,796,0.0214868363050487
"primary",3,797,0.0228044109724731
"primary",3,798,0.0230815278495884
"primary",3,799,0.0246709601523439
"primary",3,800,0.0225514251263315
"primary",3,801,0.0178006532570229
"primary",3,802,0.0213353351856912
"primary",3,803,0.0242049851224333
"primary",3,804,0.0204380303085815
"primary",3,805,0.0244835298300529
"primary",3,806,0.0232644576549906
"primary",3,807,0.0233128564168938
"primary",3,808,0.0226536530893965
"primary",3,809,0.0209648291389308
"primary",3,810,0.0207712536430589
"primary",3,811,0.0201670036565421
"primary",3,812,0.0220957581291438
"primary",3,813,0.0225329770199177
"primary",3,814,0.0216741175536954
"primary",3,815,0.0235338229448691
"primary",3,816,0.021353606758829
"primary",3,817,0.0218406239995865
"primary",3,818,0.0202835929965754
"primary",3,819,0.0228376868920399
"primary",3,820,0.0212554359739766
"primary",3,821,0.0189752230884497
"primary",3,822,0.0175255616042446
"primary",3,823,0.0226938396606574
"primary",3,824,0.0226798549518408
"primary",3,825,0.0202512519067598
"primary",3,826,0.0211018426862852
"primary",3,827,0.0212589443690781
"primary",3,828,0.0203525503146154
"primary",3,829,0.0191306019574801
"primary",3,830,0.0214882086323448
"primary",3,831,0.0210913335179517
"primary",3,832,0.0221929984206438
"primary",3,833,0.0215451032757972
"primary",3,834,0.0241466394137466
"primary",3,835,0.0275071416964416
"primary",3,836,0.0212509788160084
"primary",3,837,0.0286459518777719
"primary",3,838,0.0196421098234033
"primary",3,839,0.0236000288680746
"primary",3,840,0.022504886682416
"primary",3,841,0.0207066706316416
"primary",3,842,0.0220923952040953
"primary",3,843,0.0198653129792658
"primary",3,844,0.018484847195695
"primary",3,845,0.0264493623813267
"primary",3,846,0.0237460856876851
"primary",3,847,0.0245579616074358
"primary",3,848,0.0222686407167695
"primary",3,849,0.0224187337875486
"primary",3,850,0.0191683063373997
"primary",3,851,0.0244446992134294
"primary",3,852,0.0210842405227424
"primary",3,853,0.0224457369137007
"primary",3,854,0.0250340855796883
"primary",3,855,0.0196338384150795
"primary",3,856,0.0203693283094261
"primary",3,857,0.0253632504621967
"primary",3,858,0.0243648082669589
"primary",3,859,0.0217124113553789
"primary",3,860,0.0189083471642783
"primary",3,861,0.0197855518931645
"primary",3,862,0.023567650085082
"primary",3,863,0.0180379528016877
"primary",3,864,0.0234751522870431
"primary",3,865,0.0229716725549551
"primary",3,866,0.0236942096816862
"primary",3,867,0.0203304912329398
"primary",3,868,0.0232945897870735
"primary",3,869,0.021991652355236
"primary",3,870,0.0246379151054906
"primary",3,871,0.0213675647721683
"primary",3,872,0.0237691523934561
"primary",3,873,0.0227060687883061
"primary",3,874,0.0202225331293537
"primary",3,875,0.0255257327645168
"primary",3,876,0.0215220032082622
"primary",3,877,0.023292608986752
"primary",3,878,0.0180591685747637
"primary",3,879,0.020082592444993
"primary",3,880,0.020166990601001
"primary",3,881,0.025547874768099
"primary",3,882,0.0195250399973851
"primary",3,883,0.0218541959153914
"primary",3,884,0.0212598125651455
"primary",3,885,0.0210326762237407
"primary",3,886,0.023723386324204
"primary",3,887,0.0229124165867756
"primary",3,888,0.026090656694518
"primary",3,889,0.0222607453139073
"primary",3,890,0.0198201586735748
"primary",3,891,0.0211293074306515
"primary",3,892,0.0228385300115711
"primary",3,893,0.0244748373344486
"primary",3,894,0.0179867381259925
"primary",3,895,0.0230386143602522
"primary",3,896,0.0194508488121304
"primary",3,897,0.021112437041645
"primary",3,898,0.0197507649493517
"primary",3,899,0.0240149831451138
"primary",3,900,0.0172892000505245
"primary",3,901,0.0229760973298712
"primary",3,902,0.0215436310004396
"primary",3,903,0.0172832790565955
"primary",3,904,0.0245445578501429
"primary",3,905,0.0236400879234014
"primary",3,906,0.0230968050053436
"primary",3,907,0.019755530734937
"primary",3,908,0.0250904932672098
"primary",3,909,0.0247031117928829
"primary",3,910,0.0236473952475819
"primary",3,911,0.0223892324943726
"primary",3,912,0.0250346784870231
"primary",3,913,0.0270023557250781
"primary",3,914,0.0235355927320051
"primary",3,915,0.0216601634173976
"primary",3,916,0.0177829079528313
"primary",3,917,0.025136159642119
"primary",3,918,0.0213859306022253
"primary",3,919,0.023295643588392
"primary",3,920,0.0251769725741095
"primary",3,921,0.0237605705097736
"primary",3,922,0.022914849943532
"primary",3,923,0.0211902790135513
"primary",3,924,0.022255639173584
"primary",3,925,0.0189796225049695
"primary",3,926,0.0211260996673336
"primary",3,927,0.0220404013578922
"primary",3,928,0.0183218175218029
"primary",3,929,0.0202244676598828
"primary",3,930,0.0195241549710391
"primary",3,931,0.0197771922497404
"primary",3,932,0.0237458230189813
"primary",3,933,0.0205583634295611
"primary",3,934,0.0209509688580963
"primary",3,935,0.0199931793386802
"primary",3,936,0.0231903003221106
"primary",3,937,0.0238890365747319
"primary",3,938,0.0282374301836493
"primary",3,939,0.0184265837353199
"primary",3,940,0.0201932906177141
"primary",3,941,0.0194584430555095
"primary",3,942,0.0241950999636705
"primary",3,943,0.0234238909513697
"primary",3,944,0.0205601155585424
"primary",3,945,0.0200642749383923
"primary",3,946,0.0223601371060572
"primary",3,947,0.0241345817750715
"primary",3,948,0.0245560717711049
"primary",3,949,0.0252806180519082
"primary",3,950,0.0235063338942597
"primary",3,951,0.0240454590594401
"primary",3,952,0.0257392307235444
"primary",3,953,0.0259793050323428
"primary",3,954,0.024339094080207
"primary",3,955,0.0206543065694395
"primary",3,956,0.0181980561420845
"primary",3,957,0.023406016814769
"primary",3,958,0.0204825915380558
"primary",3,959,0.020386882126074
"primary",3,960,0.0195810196250467
"primary",3,961,0.0197180298478451
"primary",3,962,0.0228296840720396
"primary",3,963,0.0235291597345947
"primary",3,964,0.0195073906770567
"primary",3,965,0.0207003697954472
"primary",3,966,0.0237764048645901
"primary",3,967,0.0198172069986841
"primary",3,968,0.0225682972748572
"primary",3,969,0.0216981155292667
"primary",3,970,0.0224404972476853
"primary",3,971,0.0227571085516505
"primary",3,972,0.0197046769091352
"primary",3,973,0.0191989558541064
"primary",3,974,0.0240712577861219
"primary",3,975,0.0190977447592766
"primary",3,976,0.0220365195686123
"primary",3,977,0.0192631720765839
"primary",3,978,0.0225274630845221
"primary",3,979,0.0245447627629124
"primary",3,980,0.019024629083881
"primary",3,981,0.0211137945538049
"primary",3,982,0.0247629032327559
"primary",3,983,0.0240808919379486
"primary",3,984,0.0231911086410839
"primary",3,985,0.0236209844103755
"primary",3,986,0.0212647666087437
"primary",3,987,0.0234842007986211
"primary",3,988,0.0209356870766546
"primary",3,989,0.0212643465246823
"primary",3,990,0.0213280767656051
"primary",3,991,0.0208225907305671
"primary",3,992,0.0211913918929102
"primary",3,993,0.0198134327332037
"primary",3,994,0.0243051962163527
"primary",3,995,0.0177005602125514
"primary",3,996,0.0217379981811381
"primary",3,997,0.021861935806103
"primary",3,998,0.0240273926031943
"primary",3,999,0.0208754373738936
"primary",3,1000,0.0231483166950714
"primary",4,1,0.0298689087208472
"primary",4,2,0.0325274856707047
"primary",4,3,0.0292235603592324
"primary",4,4,0.0275945144653582
"primary",4,5,0.034846814197786
"primary",4,6,0.0335225080040176
"primary",4,7,0.0313965889939202
"primary",4,8,0.0316704644605692
"primary",4,9,0.0337590857322685
"primary",4,10,0.0326220359029337
"primary",4,11,0.0354959158825041
"primary",4,12,0.0391014666747535
"primary",4,13,0.0316304031390182
"primary",4,14,0.0279050356654515
"primary",4,15,0.0289095520441481
"primary",4,16,0.0287446058671398
"primary",4,17,0.0322864723108718
"primary",4,18,0.0312565598430159
"primary",4,19,0.0338711781096689
"primary",4,20,0.0339044324364683
"primary",4,21,0.0372656905984124
"primary",4,22,0.0338491692601732
"primary",4,23,0.0338601937774914
"primary",4,24,0.0333096573377502
"primary",4,25,0.0329735445221163
"primary",4,26,0.0360458165732374
"primary",4,27,0.0344828343414726
"primary",4,28,0.0307091271527632
"primary",4,29,0.0335525357613537
"primary",4,30,0.0315243771124335
"primary",4,31,0.0360403670315949
"primary",4,32,0.0296846234469233
"primary",4,33,0.03218509455374
"primary",4,34,0.033557356096925
"primary",4,35,0.031414503338379
"primary",4,36,0.0361586992805167
"primary",4,37,0.0355132843495743
"primary",4,38,0.0307308065944309
"primary",4,39,0.032958976924849
"primary",4,40,0.0299322497444995
"primary",4,41,0.0300667313628907
"primary",4,42,0.0335424356452287
"primary",4,43,0.0291067902435194
"primary",4,44,0.0330890692754036
"primary",4,45,0.0350521337529313
"primary",4,46,0.0325281626240322
"primary",4,47,0.0311826543825309
"primary",4,48,0.0284506759424348
"primary",4,49,0.031498598838306
"primary",4,50,0.0308505602817525
"primary",4,51,0.0350669078904976
"primary",4,52,0.0307858534879392
"primary",4,53,0.0316519233027514
"primary",4,54,0.0303856955841611
"primary",4,55,0.0297051409210009
"primary",4,56,0.0362455346572853
"primary",4,57,0.0292108653615272
"primary",4,58,0.0285775673396703
"primary",4,59,0.0319552578638827
"primary",4,60,0.0362322528470143
"primary",4,61,0.0302720182121928
"primary",4,62,0.0315139300876186
"primary",4,63,0.032621747798623
"primary",4,64,0.0302990492004163
"primary",4,65,0.0315741647663621
"primary",4,66,0.0292350097729411
"primary",4,67,0.0285400679536259
"primary",4,68,0.0315250509951717
"primary",4,69,0.0301788103400761
"primary",4,70,0.0310395274292989
"primary",4,71,0.0326424458858542
"primary",4,72,0.0321565305047595
"primary",4,73,0.0344869030373675
"primary",4,74,0.0280148875983276
"primary",4,75,0.0272074567786558
"primary",4,76,0.0350714118806097
"primary",4,77,0.0315969981986343
"primary",4,78,0.0280908278567896
"primary",4,79,0.0354401886694015
"primary",4,80,0.0293914387241053
"primary",4,81,0.0332487212754798
"primary",4,82,0.0336472256967509
"primary",4,83,0.0284680668384863
"primary",4,84,0.0320319047051545
"primary",4,85,0.0325521550543839
"primary",4,86,0.0323421711407641
"primary",4,87,0.0337665456966564
"primary",4,88,0.0338187157022022
"primary",4,89,0.0377938551174103
"primary",4,90,0.0370612278104933
"primary",4,91,0.030866042672047
"primary",4,92,0.0293800816405436
"primary",4,93,0.0278412678638908
"primary",4,94,0.0321861117382311
"primary",4,95,0.0277240761665714
"primary",4,96,0.0332526024722889
"primary",4,97,0.0338727595636115
"primary",4,98,0.0297817963459841
"primary",4,99,0.0342078186585958
"primary",4,100,0.030470009760628
"primary",4,101,0.0335640353826856
"primary",4,102,0.0284970246822175
"primary",4,103,0.0307816295224252
"primary",4,104,0.0260525303716802
"primary",4,105,0.0347645680069837
"primary",4,106,0.0343958170177072
"primary",4,107,0.0312795434924147
"primary",4,108,0.0324407613429973
"primary",4,109,0.0316666395089047
"primary",4,110,0.0325303000890747
"primary",4,111,0.0307432029593724
"primary",4,112,0.0272406308548114
"primary",4,113,0.0315083472482325
"primary",4,114,0.0285039538363109
"primary",4,115,0.0364609881812625
"primary",4,116,0.0319080459052128
"primary",4,117,0.0276971067945542
"primary",4,118,0.0303104164433267
"primary",4,119,0.0318388474836452
"primary",4,120,0.0376228617527979
"primary",4,121,0.0386741861032078
"primary",4,122,0.0330681086386645
"primary",4,123,0.0300389688706226
"primary",4,124,0.0378879231568491
"primary",4,125,0.0313330476057105
"primary",4,126,0.0296327703689572
"primary",4,127,0.0353357790430034
"primary",4,128,0.0307578346079557
"primary",4,129,0.0270338838702625
"primary",4,130,0.0385908453741042
"primary",4,131,0.0294236015218094
"primary",4,132,0.0371335475813135
"primary",4,133,0.0271492540777756
"primary",4,134,0.0331851304734554
"primary",4,135,0.0305414437917121
"primary",4,136,0.0322334206978588
"primary",4,137,0.0307158257794484
"primary",4,138,0.0290950111418963
"primary",4,139,0.0359045370126944
"primary",4,140,0.0316723409199382
"primary",4,141,0.0361802101708483
"primary",4,142,0.0351269836459948
"primary",4,143,0.028397164804079
"primary",4,144,0.030900877886343
"primary",4,145,0.0311289539348505
"primary",4,146,0.0354470712564388
"primary",4,147,0.0356380082478516
"primary",4,148,0.0373059076819687
"primary",4,149,0.0310026042745829
"primary",4,150,0.0321920307322601
"primary",4,151,0.0273268782884848
"primary",4,152,0.0372764140516942
"primary",4,153,0.0336071681275108
"primary",4,154,0.0331899724825468
"primary",4,155,0.031693311949978
"primary",4,156,0.037168351726614
"primary",4,157,0.0349936745113511
"primary",4,158,0.0336979277567584
"primary",4,159,0.0375757267707761
"primary",4,160,0.0366241340948046
"primary",4,161,0.0290665489446141
"primary",4,162,0.033772260441464
"primary",4,163,0.0346930820745763
"primary",4,164,0.0297824427917039
"primary",4,165,0.0289380744459252
"primary",4,166,0.0278332548834559
"primary",4,167,0.0306509758392151
"primary",4,168,0.0296410734315397
"primary",4,169,0.0402544802504517
"primary",4,170,0.0387571649020968
"primary",4,171,0.0327883159688984
"primary",4,172,0.0323654155543554
"primary",4,173,0.0312997604552261
"primary",4,174,0.0310864332872012
"primary",4,175,0.0363782443710344
"primary",4,176,0.0269891727099329
"primary",4,177,0.0326560648633861
"primary",4,178,0.032672798495734
"primary",4,179,0.0306196783170465
"primary",4,180,0.0334469874952039
"primary",4,181,0.0284381462734816
"primary",4,182,0.0337210105888656
"primary",4,183,0.0324299753297541
"primary",4,184,0.0292882701888797
"primary",4,185,0.0327639166606329
"primary",4,186,0.0312162747603568
"primary",4,187,0.0321899549246353
"primary",4,188,0.0331377563794499
"primary",4,189,0.0381564972482851
"primary",4,190,0.0342242424557005
"primary",4,191,0.031469342575648
"primary",4,192,0.0313371877854822
"primary",4,193,0.0373229092639922
"primary",4,194,0.0306131808311201
"primary",4,195,0.0344873540484861
"primary",4,196,0.0339665824952934
"primary",4,197,0.0333205821111665
"primary",4,198,0.0277538675845478
"primary",4,199,0.033536408723932
"primary",4,200,0.0359739987215264
"primary",4,201,0.0366184211013301
"primary",4,202,0.0308211214738664
"primary",4,203,0.029569011356078
"primary",4,204,0.0280094305071572
"primary",4,205,0.0298262492573694
"primary",4,206,0.030768750192176
"primary",4,207,0.0312398685822271
"primary",4,208,0.0329885567277376
"primary",4,209,0.0362155494085215
"primary",4,210,0.0301634906817272
"primary",4,211,0.0302791854769223
"primary",4,212,0.0364654782984514
"primary",4,213,0.0280335509379457
"primary",4,214,0.029665814379777
"primary",4,215,0.0301354057082435
"primary",4,216,0.032676802687064
"primary",4,217,0.0317514911883496
"primary",4,218,0.0355087836524089
"primary",4,219,0.0330419280242795
"primary",4,220,0.028382218559136
"primary",4,221,0.0304184533541428
"primary",4,222,0.0292569855244291
"primary",4,223,0.0351924420697838
"primary",4,224,0.0339958985591675
"primary",4,225,0.026838521235459
"primary",4,226,0.0308361400847006
"primary",4,227,0.0316793623291494
"primary",4,228,0.0303098711283096
"primary",4,229,0.0325550125253621
"primary",4,230,0.0326672189034466
"primary",4,231,0.0317458726299027
"primary",4,232,0.0319144770508743
"primary",4,233,0.0334392056553763
"primary",4,234,0.0315133091524122
"primary",4,235,0.0315499153841729
"primary",4,236,0.029610146306811
"primary",4,237,0.0310860113493976
"primary",4,238,0.0329513136580666
"primary",4,239,0.0345035443685528
"primary",4,240,0.0351966007907211
"primary",4,241,0.0337370146109863
"primary",4,242,0.033239956201619
"primary",4,243,0.0339115463683902
"primary",4,244,0.0313023893477749
"primary",4,245,0.0313993134662237
"primary",4,246,0.0322153354057981
"primary",4,247,0.0362732903656022
"primary",4,248,0.0282963594803235
"primary",4,249,0.029988585862419
"primary",4,250,0.0323702512559423
"primary",4,251,0.0363482755502873
"primary",4,252,0.033411393599799
"primary",4,253,0.0369950426086195
"primary",4,254,0.0347301576344806
"primary",4,255,0.0286568719439759
"primary",4,256,0.0368994218156301
"primary",4,257,0.0284481009248556
"primary",4,258,0.0309011910845515
"primary",4,259,0.0331246282280791
"primary",4,260,0.0319002068894999
"primary",4,261,0.0355760640670928
"primary",4,262,0.0326417376510562
"primary",4,263,0.0362669111631252
"primary",4,264,0.0315833063486104
"primary",4,265,0.0293531283856386
"primary",4,266,0.0350841406736729
"primary",4,267,0.0280413752340178
"primary",4,268,0.0297409069612702
"primary",4,269,0.0346259501483636
"primary",4,270,0.0320514965023512
"primary",4,271,0.0307346759663595
"primary",4,272,0.0356181771722899
"primary",4,273,0.0340734773408419
"primary",4,274,0.0308191034685627
"primary",4,275,0.0299467568515044
"primary",4,276,0.0400048252658858
"primary",4,277,0.0330564409523825
"primary",4,278,0.034649026870139
"primary",4,279,0.0269562925834326
"primary",4,280,0.0260331667912989
"primary",4,281,0.0289339993133375
"primary",4,282,0.0319973441595935
"primary",4,283,0.0283401849836916
"primary",4,284,0.0328305485120308
"primary",4,285,0.0300324254656234
"primary",4,286,0.035226273534311
"primary",4,287,0.0275203027657197
"primary",4,288,0.0344945965333434
"primary",4,289,0.0377483608436926
"primary",4,290,0.0341745360881154
"primary",4,291,0.0367508876832517
"primary",4,292,0.0313693712569938
"primary",4,293,0.0368050788499464
"primary",4,294,0.0307269255312858
"primary",4,295,0.0342120767647228
"primary",4,296,0.033855259886597
"primary",4,297,0.0304821185512989
"primary",4,298,0.033290158881774
"primary",4,299,0.0333438612134958
"primary",4,300,0.0321235665039694
"primary",4,301,0.0332086040850979
"primary",4,302,0.0277140467935975
"primary",4,303,0.0316285590948722
"primary",4,304,0.0349265163293311
"primary",4,305,0.0327241830424035
"primary",4,306,0.0320576048675354
"primary",4,307,0.0345155118331292
"primary",4,308,0.0336956359635006
"primary",4,309,0.0326662002254808
"primary",4,310,0.0313684348134499
"primary",4,311,0.0347234186151172
"primary",4,312,0.0335720717818426
"primary",4,313,0.0298802729182367
"primary",4,314,0.0335664667809247
"primary",4,315,0.0350336849243339
"primary",4,316,0.0346124151986019
"primary",4,317,0.0358768073073219
"primary",4,318,0.0321904182077949
"primary",4,319,0.032892432119448
"primary",4,320,0.0313189817012633
"primary",4,321,0.0300839770327315
"primary",4,322,0.0264633292078106
"primary",4,323,0.0357174004809986
"primary",4,324,0.0355731359583911
"primary",4,325,0.039079249941893
"primary",4,326,0.0325075284067786
"primary",4,327,0.0329640768333157
"primary",4,328,0.031108652820915
"primary",4,329,0.0343992324560356
"primary",4,330,0.0306208618790469
"primary",4,331,0.028420784419257
"primary",4,332,0.035936297196501
"primary",4,333,0.0302861159146329
"primary",4,334,0.0319582940433155
"primary",4,335,0.0332218452725233
"primary",4,336,0.0330049879980712
"primary",4,337,0.0363319305289421
"primary",4,338,0.0340858003341101
"primary",4,339,0.0286452971127266
"primary",4,340,0.0318135517014433
"primary",4,341,0.0297687072138689
"primary",4,342,0.0380336549039327
"primary",4,343,0.0312830065962331
"primary",4,344,0.0302350652026313
"primary",4,345,0.0359192791848692
"primary",4,346,0.0285980801920095
"primary",4,347,0.0319016624446205
"primary",4,348,0.0334131233053086
"primary",4,349,0.0290606768250651
"primary",4,350,0.0323826210766616
"primary",4,351,0.0278305097764283
"primary",4,352,0.0299627837501073
"primary",4,353,0.0310471135550501
"primary",4,354,0.0281286568187278
"primary",4,355,0.0304941826880572
"primary",4,356,0.0338742163140477
"primary",4,357,0.0331204562783192
"primary",4,358,0.034022780709404
"primary",4,359,0.0342374684529262
"primary",4,360,0.029547028479348
"primary",4,361,0.0348799511034358
"primary",4,362,0.03739518167007
"primary",4,363,0.0345524973923918
"primary",4,364,0.02862815429789
"primary",4,365,0.0308483864878158
"primary",4,366,0.0308572337949079
"primary",4,367,0.0278456039446423
"primary",4,368,0.0302387839234371
"primary",4,369,0.0345259102637286
"primary",4,370,0.0314422280703609
"primary",4,371,0.0267550027243523
"primary",4,372,0.0361884727350553
"primary",4,373,0.0316175422017325
"primary",4,374,0.0347178761227847
"primary",4,375,0.0351395470896593
"primary",4,376,0.0295525015962785
"primary",4,377,0.0382139447833399
"primary",4,378,0.0327284139547824
"primary",4,379,0.0283715160544982
"primary",4,380,0.0309382985167559
"primary",4,381,0.0357620707322871
"primary",4,382,0.029855248690825
"primary",4,383,0.0338932529054565
"primary",4,384,0.0357940825633205
"primary",4,385,0.0360665327119101
"primary",4,386,0.0328380707107297
"primary",4,387,0.0339030756526212
"primary",4,388,0.0313051793254787
"primary",4,389,0.0319170460788162
"primary",4,390,0.0290683983390917
"primary",4,391,0.0347766615732001
"primary",4,392,0.0322402173821947
"primary",4,393,0.0335953975462045
"primary",4,394,0.0314216270377649
"primary",4,395,0.0265214799334903
"primary",4,396,0.0302024616872778
"primary",4,397,0.0269287528366963
"primary",4,398,0.0351995751753267
"primary",4,399,0.0304908072403592
"primary",4,400,0.0295654719701114
"primary",4,401,0.0315176922958308
"primary",4,402,0.0320418254688067
"primary",4,403,0.0290386221197976
"primary",4,404,0.0348265566673131
"primary",4,405,0.0319061706861436
"primary",4,406,0.0297408424110673
"primary",4,407,0.0296431469865499
"primary",4,408,0.0293313411326334
"primary",4,409,0.0306699678812265
"primary",4,410,0.0313480778030386
"primary",4,411,0.0303049383016729
"primary",4,412,0.0347742164408835
"primary",4,413,0.0351726910338518
"primary",4,414,0.0314887055064335
"primary",4,415,0.030428001979151
"primary",4,416,0.0328285468387684
"primary",4,417,0.0337196752844945
"primary",4,418,0.0341530837444834
"primary",4,419,0.0309740118051656
"primary",4,420,0.0327810406922967
"primary",4,421,0.0298708382887109
"primary",4,422,0.0331947358254692
"primary",4,423,0.0237372320443742
"primary",4,424,0.0292738951713469
"primary",4,425,0.0351873240832199
"primary",4,426,0.0308725116314363
"primary",4,427,0.0354454164668509
"primary",4,428,0.0308166708851812
"primary",4,429,0.0329422144064166
"primary",4,430,0.0336011790295678
"primary",4,431,0.0348235760102046
"primary",4,432,0.032914462878473
"primary",4,433,0.0287675171344114
"primary",4,434,0.0318817495531418
"primary",4,435,0.031507034337732
"primary",4,436,0.0272955854264611
"primary",4,437,0.0303776424686854
"primary",4,438,0.0358389259674471
"primary",4,439,0.0331831030135859
"primary",4,440,0.033246188476266
"primary",4,441,0.0371310443677719
"primary",4,442,0.035737586193272
"primary",4,443,0.0289764293641229
"primary",4,444,0.0284293890748136
"primary",4,445,0.0312820518603043
"primary",4,446,0.0339777786331954
"primary",4,447,0.0317609777498513
"primary",4,448,0.0296716091074989
"primary",4,449,0.0264052939442408
"primary",4,450,0.0297399309811536
"primary",4,451,0.0330528954249596
"primary",4,452,0.0351219034312345
"primary",4,453,0.0333539796784165
"primary",4,454,0.0339177271845286
"primary",4,455,0.0345528878937609
"primary",4,456,0.0307735341207004
"primary",4,457,0.038343588188667
"primary",4,458,0.0306128345771947
"primary",4,459,0.0326902164057599
"primary",4,460,0.0336498485179231
"primary",4,461,0.0313074922632298
"primary",4,462,0.0342054835337131
"primary",4,463,0.0310462696494452
"primary",4,464,0.034615858538898
"primary",4,465,0.031413374389749
"primary",4,466,0.0350626582536294
"primary",4,467,0.0297164137487575
"primary",4,468,0.0289950461359564
"primary",4,469,0.0350942178916416
"primary",4,470,0.0324587647898022
"primary",4,471,0.0295946373162658
"primary",4,472,0.0253612419491742
"primary",4,473,0.0287918051883474
"primary",4,474,0.0290928762675263
"primary",4,475,0.0278336881273014
"primary",4,476,0.0307591380481284
"primary",4,477,0.0298426749496129
"primary",4,478,0.0335901095836742
"primary",4,479,0.0308679680357694
"primary",4,480,0.0359420259913102
"primary",4,481,0.0314343026488808
"primary",4,482,0.0305252161754319
"primary",4,483,0.0320712750630578
"primary",4,484,0.0239615388641988
"primary",4,485,0.0303305279836364
"primary",4,486,0.0345408957407331
"primary",4,487,0.030153873806959
"primary",4,488,0.0350894837980004
"primary",4,489,0.0312299864947638
"primary",4,490,0.0301877350953386
"primary",4,491,0.0322005189339457
"primary",4,492,0.0310696891524146
"primary",4,493,0.0287736630262167
"primary",4,494,0.0359568543328402
"primary",4,495,0.0312915433346769
"primary",4,496,0.032764311972342
"primary",4,497,0.0333210623548036
"primary",4,498,0.035690158667109
"primary",4,499,0.027797686289294
"primary",4,500,0.0354704539675727
"primary",4,501,0.0347607304877599
"primary",4,502,0.0316472225955794
"primary",4,503,0.0317878951892908
"primary",4,504,0.0295805270656756
"primary",4,505,0.0367489873004942
"primary",4,506,0.0327628679568366
"primary",4,507,0.03289314413576
"primary",4,508,0.0349011121777416
"primary",4,509,0.0298934914633659
"primary",4,510,0.0279919686921917
"primary",4,511,0.0390035499177305
"primary",4,512,0.0362762367298873
"primary",4,513,0.0333426808265412
"primary",4,514,0.0326317065601389
"primary",4,515,0.0375537780333238
"primary",4,516,0.0334258753565904
"primary",4,517,0.0313589162129885
"primary",4,518,0.0313701074280348
"primary",4,519,0.0324156986272297
"primary",4,520,0.0291485915738298
"primary",4,521,0.0295936611082978
"primary",4,522,0.0367514226905711
"primary",4,523,0.0332348895000707
"primary",4,524,0.0300002464108231
"primary",4,525,0.0307041953457887
"primary",4,526,0.036762414036632
"primary",4,527,0.0317810896720584
"primary",4,528,0.0351638646024053
"primary",4,529,0.0276911126184122
"primary",4,530,0.0284569338467952
"primary",4,531,0.032693644349438
"primary",4,532,0.0354427223346454
"primary",4,533,0.0329016173489466
"primary",4,534,0.032985816530062
"primary",4,535,0.036845324085519
"primary",4,536,0.0303979051342441
"primary",4,537,0.0369035102310767
"primary",4,538,0.0286996312088446
"primary",4,539,0.0338561335184389
"primary",4,540,0.033694644603098
"primary",4,541,0.0355097554915928
"primary",4,542,0.0295862857751865
"primary",4,543,0.0297877124248175
"primary",4,544,0.0364402650915649
"primary",4,545,0.0302809921726859
"primary",4,546,0.0328966884474776
"primary",4,547,0.0319110959713783
"primary",4,548,0.0292953454105451
"primary",4,549,0.0296696083877021
"primary",4,550,0.0369250263201717
"primary",4,551,0.0348584534011566
"primary",4,552,0.0338785640300765
"primary",4,553,0.0304344951105488
"primary",4,554,0.032974206624201
"primary",4,555,0.0345421229170629
"primary",4,556,0.0356537449831426
"primary",4,557,0.0354869193506892
"primary",4,558,0.028313223359605
"primary",4,559,0.0327724145100544
"primary",4,560,0.0329770493390681
"primary",4,561,0.0310120254838937
"primary",4,562,0.0316059055452705
"primary",4,563,0.0367342616196696
"primary",4,564,0.0353366387736019
"primary",4,565,0.0352463730301962
"primary",4,566,0.0315452713102613
"primary",4,567,0.0315067730024449
"primary",4,568,0.0317767146197306
"primary",4,569,0.0283479324364387
"primary",4,570,0.0344058773385322
"primary",4,571,0.0309085628906478
"primary",4,572,0.0307670369259108
"primary",4,573,0.03223457561241
"primary",4,574,0.0312070524449226
"primary",4,575,0.0331961201747337
"primary",4,576,0.0330656022473972
"primary",4,577,0.0297733725663092
"primary",4,578,0.0344294357987906
"primary",4,579,0.0388654407601939
"primary",4,580,0.0320721096307201
"primary",4,581,0.0270271698276177
"primary",4,582,0.0341539203031549
"primary",4,583,0.0357866613684295
"primary",4,584,0.0289179820477429
"primary",4,585,0.0310100131421347
"primary",4,586,0.0378088088782174
"primary",4,587,0.0380069854200714
"primary",4,588,0.0334067037626798
"primary",4,589,0.0327438699021585
"primary",4,590,0.0316056148404446
"primary",4,591,0.0330825176776767
"primary",4,592,0.0361826518197488
"primary",4,593,0.0339679544870172
"primary",4,594,0.0324906696670987
"primary",4,595,0.0360251956705388
"primary",4,596,0.0319373339191421
"primary",4,597,0.0326765449512915
"primary",4,598,0.0309301236675371
"primary",4,599,0.0301809538229502
"primary",4,600,0.0282911014939071
"primary",4,601,0.0297020104337028
"primary",4,602,0.0304487162536255
"primary",4,603,0.0317656642576062
"primary",4,604,0.0345283234016261
"primary",4,605,0.035290663082501
"primary",4,606,0.0280515517856896
"primary",4,607,0.0270146276473976
"primary",4,608,0.032624861559319
"primary",4,609,0.0319438898406877
"primary",4,610,0.0338694948650226
"primary",4,611,0.0252630284670804
"primary",4,612,0.0337556432255528
"primary",4,613,0.0311314282003669
"primary",4,614,0.0347484774008255
"primary",4,615,0.0307785493206855
"primary",4,616,0.0328572519382243
"primary",4,617,0.0332137790309936
"primary",4,618,0.0366155101089911
"primary",4,619,0.0347370407467413
"primary",4,620,0.032503529221983
"primary",4,621,0.0290947167550807
"primary",4,622,0.0374257582025548
"primary",4,623,0.0308384988526271
"primary",4,624,0.0304980561998025
"primary",4,625,0.0296945655503308
"primary",4,626,0.035238898077159
"primary",4,627,0.0334239996559863
"primary",4,628,0.037555557330743
"primary",4,629,0.0334579436703156
"primary",4,630,0.0269605890128934
"primary",4,631,0.0308622326446674
"primary",4,632,0.0297716426488952
"primary",4,633,0.0279569253988038
"primary",4,634,0.0312409328385149
"primary",4,635,0.0297789718553976
"primary",4,636,0.0332219276780946
"primary",4,637,0.0342408526195601
"primary",4,638,0.032842068856667
"primary",4,639,0.0289863488262903
"primary",4,640,0.0317913300093508
"primary",4,641,0.0298091687054211
"primary",4,642,0.0331409471897257
"primary",4,643,0.0414444041401076
"primary",4,644,0.027908406798172
"primary",4,645,0.0307698953014959
"primary",4,646,0.0293216175608004
"primary",4,647,0.0324769352326363
"primary",4,648,0.0251532213671803
"primary",4,649,0.0314925783851614
"primary",4,650,0.0349630067937701
"primary",4,651,0.0357425275487116
"primary",4,652,0.0301921449542173
"primary",4,653,0.0312638750529789
"primary",4,654,0.0356375854563843
"primary",4,655,0.0323184390553185
"primary",4,656,0.0338542048159857
"primary",4,657,0.031692870047783
"primary",4,658,0.0297092015479357
"primary",4,659,0.0300722740895592
"primary",4,660,0.0313670916134937
"primary",4,661,0.0337473907999815
"primary",4,662,0.0398277745955557
"primary",4,663,0.0334111600359094
"primary",4,664,0.0336973138272675
"primary",4,665,0.0351499312712307
"primary",4,666,0.0328534358963959
"primary",4,667,0.034547767421218
"primary",4,668,0.0350227239894846
"primary",4,669,0.0298975861421066
"primary",4,670,0.032165067437487
"primary",4,671,0.0342295608956877
"primary",4,672,0.0315234673271618
"primary",4,673,0.0314293355290726
"primary",4,674,0.0309093294064312
"primary",4,675,0.0307797633428446
"primary",4,676,0.0296264840795536
"primary",4,677,0.037434055849448
"primary",4,678,0.0317381897462316
"primary",4,679,0.0335269022911706
"primary",4,680,0.0340762641037927
"primary",4,681,0.0288000507097483
"primary",4,682,0.0347354203882537
"primary",4,683,0.0312805808070908
"primary",4,684,0.0354556917663998
"primary",4,685,0.0303720973675431
"primary",4,686,0.0353906987615279
"primary",4,687,0.0331210155569088
"primary",4,688,0.031779626871646
"primary",4,689,0.0305337909557402
"primary",4,690,0.0311333065027816
"primary",4,691,0.0318010763207967
"primary",4,692,0.0313610431252571
"primary",4,693,0.0367185958406873
"primary",4,694,0.034369473909789
"primary",4,695,0.0313973032328027
"primary",4,696,0.030737070334109
"primary",4,697,0.0318796386013316
"primary",4,698,0.0285945302913424
"primary",4,699,0.0356403964823861
"primary",4,700,0.0325529117179262
"primary",4,701,0.0333083256080504
"primary",4,702,0.0300684792814424
"primary",4,703,0.0306534729642689
"primary",4,704,0.033847569701486
"primary",4,705,0.0331105398546341
"primary",4,706,0.0249608001740078
"primary",4,707,0.0320310789920401
"primary",4,708,0.0271500476915554
"primary",4,709,0.0332220449590695
"primary",4,710,0.0291447201301976
"primary",4,711,0.0285321664937105
"primary",4,712,0.029151491666013
"primary",4,713,0.0345997008562683
"primary",4,714,0.031917571298227
"primary",4,715,0.0319657587764227
"primary",4,716,0.0286962968911184
"primary",4,717,0.0310609192245392
"primary",4,718,0.0359289882479009
"primary",4,719,0.0307843387418342
"primary",4,720,0.0371381215288613
"primary",4,721,0.0307972004213508
"primary",4,722,0.0280784173291932
"primary",4,723,0.0318883969526921
"primary",4,724,0.0266039100287985
"primary",4,725,0.0306767175289789
"primary",4,726,0.0307955020238386
"primary",4,727,0.0272046362793807
"primary",4,728,0.0300236972843758
"primary",4,729,0.0318108762672233
"primary",4,730,0.033181055129192
"primary",4,731,0.0371409817398203
"primary",4,732,0.0315196132696607
"primary",4,733,0.0278320950234547
"primary",4,734,0.0324045960054465
"primary",4,735,0.0284723784875285
"primary",4,736,0.0284473990467743
"primary",4,737,0.0268856306112168
"primary",4,738,0.028857851602314
"primary",4,739,0.0302818643227354
"primary",4,740,0.0288517090318709
"primary",4,741,0.0326948098484294
"primary",4,742,0.0316945719601974
"primary",4,743,0.0282784530238801
"primary",4,744,0.0294558986985023
"primary",4,745,0.0303451580143038
"primary",4,746,0.0299031370272001
"primary",4,747,0.033603630797822
"primary",4,748,0.0311622832296702
"primary",4,749,0.0331807014354447
"primary",4,750,0.0283617804324267
"primary",4,751,0.0344371830638029
"primary",4,752,0.032634742215525
"primary",4,753,0.0334203424562012
"primary",4,754,0.0343796515711723
"primary",4,755,0.0372506226151959
"primary",4,756,0.0324055159528639
"primary",4,757,0.0328937641773158
"primary",4,758,0.0303262084334007
"primary",4,759,0.0326283836804738
"primary",4,760,0.0285401272085513
"primary",4,761,0.0263595125138437
"primary",4,762,0.0336230457938412
"primary",4,763,0.0330112066992406
"primary",4,764,0.033805416693684
"primary",4,765,0.031671503447315
"primary",4,766,0.0311380124144385
"primary",4,767,0.0300529267130997
"primary",4,768,0.0326722500231855
"primary",4,769,0.0281474160979912
"primary",4,770,0.0297973581275945
"primary",4,771,0.0327747078857704
"primary",4,772,0.0315538560975816
"primary",4,773,0.0315441897187411
"primary",4,774,0.0320971703771973
"primary",4,775,0.0319067859120183
"primary",4,776,0.0333734601905338
"primary",4,777,0.0325162102775327
"primary",4,778,0.0306533543835068
"primary",4,779,0.0331774084027477
"primary",4,780,0.0282142205916441
"primary",4,781,0.0367992066918907
"primary",4,782,0.0270247671186832
"primary",4,783,0.0333805983543432
"primary",4,784,0.0310211667589177
"primary",4,785,0.0298276495485112
"primary",4,786,0.0350418805093939
"primary",4,787,0.0329191969603103
"primary",4,788,0.0331283114636357
"primary",4,789,0.0329927703645763
"primary",4,790,0.0377587345633299
"primary",4,791,0.0313477549301006
"primary",4,792,0.0339969948979519
"primary",4,793,0.0293140751838687
"primary",4,794,0.0324137092771868
"primary",4,795,0.0328867416799071
"primary",4,796,0.0325863099449149
"primary",4,797,0.0332165293829595
"primary",4,798,0.037215900026988
"primary",4,799,0.0333775762985438
"primary",4,800,0.0347319653631843
"primary",4,801,0.0274969551581585
"primary",4,802,0.0299945888243161
"primary",4,803,0.0330880037527278
"primary",4,804,0.0289014847576004
"primary",4,805,0.0351711693285556
"primary",4,806,0.0358130971158716
"primary",4,807,0.0353020754429549
"primary",4,808,0.0326969939575958
"primary",4,809,0.0316496178426179
"primary",4,810,0.0326368671692748
"primary",4,811,0.030165739524115
"primary",4,812,0.0318528552898296
"primary",4,813,0.0303596232027867
"primary",4,814,0.03242463443973
"primary",4,815,0.0334597267224764
"primary",4,816,0.0337604254447172
"primary",4,817,0.0348055747474272
"primary",4,818,0.0291649384835195
"primary",4,819,0.0300149332232802
"primary",4,820,0.0302527864899232
"primary",4,821,0.0301578498968728
"primary",4,822,0.027578380042301
"primary",4,823,0.0342919967607249
"primary",4,824,0.0346522070935018
"primary",4,825,0.0284225989286071
"primary",4,826,0.0287430143405083
"primary",4,827,0.0299482372466343
"primary",4,828,0.0312128240281745
"primary",4,829,0.0279639610649987
"primary",4,830,0.0328583078882172
"primary",4,831,0.0301541873866889
"primary",4,832,0.0325470875417026
"primary",4,833,0.0304921736669936
"primary",4,834,0.0352078006853065
"primary",4,835,0.0353394175515287
"primary",4,836,0.0299459357294709
"primary",4,837,0.0388449471625194
"primary",4,838,0.0301522232425507
"primary",4,839,0.0352705984322021
"primary",4,840,0.0314664029949564
"primary",4,841,0.0326444016608858
"primary",4,842,0.0296653987226595
"primary",4,843,0.0312733637488091
"primary",4,844,0.0304661206998808
"primary",4,845,0.037750322258654
"primary",4,846,0.0308632955905647
"primary",4,847,0.0345349060649102
"primary",4,848,0.0349059432754676
"primary",4,849,0.033385298877494
"primary",4,850,0.0287077711679797
"primary",4,851,0.0383665928217281
"primary",4,852,0.0322006744662001
"primary",4,853,0.0309150211689229
"primary",4,854,0.0344012649797757
"primary",4,855,0.0279864724910561
"primary",4,856,0.027134155030171
"primary",4,857,0.0364367786618138
"primary",4,858,0.0335017910704054
"primary",4,859,0.0280853330924854
"primary",4,860,0.0281079340862735
"primary",4,861,0.0269666298669962
"primary",4,862,0.0338365709125675
"primary",4,863,0.0276587873164464
"primary",4,864,0.0360170982403769
"primary",4,865,0.0307187494773013
"primary",4,866,0.0333299718134725
"primary",4,867,0.0295119787425775
"primary",4,868,0.0329730277262087
"primary",4,869,0.0309855213312918
"primary",4,870,0.0365620216306803
"primary",4,871,0.0310271828505237
"primary",4,872,0.0350196421492818
"primary",4,873,0.0349919698857875
"primary",4,874,0.0286930524982275
"primary",4,875,0.0350026986305123
"primary",4,876,0.0316834636209638
"primary",4,877,0.0325336518251785
"primary",4,878,0.0270063204134787
"primary",4,879,0.0297225904871323
"primary",4,880,0.0315219833676936
"primary",4,881,0.0352154634387216
"primary",4,882,0.0326724775766994
"primary",4,883,0.0297565931934207
"primary",4,884,0.0309443250164794
"primary",4,885,0.0338456770724651
"primary",4,886,0.0338536089893483
"primary",4,887,0.0339809635466429
"primary",4,888,0.0364235033191251
"primary",4,889,0.033634592971098
"primary",4,890,0.0319027075465571
"primary",4,891,0.0298777615874933
"primary",4,892,0.0325873912865692
"primary",4,893,0.0358143705560037
"primary",4,894,0.0294384622995187
"primary",4,895,0.0314669954811039
"primary",4,896,0.0311916531070777
"primary",4,897,0.028880310825613
"primary",4,898,0.0285743759737367
"primary",4,899,0.0340184140672651
"primary",4,900,0.0269966864184846
"primary",4,901,0.0339782100648254
"primary",4,902,0.0320864659917803
"primary",4,903,0.0263175913604068
"primary",4,904,0.0367809666788095
"primary",4,905,0.033017188907163
"primary",4,906,0.0337127286490695
"primary",4,907,0.02601979202247
"primary",4,908,0.0364810132352884
"primary",4,909,0.0344140840838247
"primary",4,910,0.0332051675828305
"primary",4,911,0.0351315791622192
"primary",4,912,0.0359027930522702
"primary",4,913,0.0366941763525564
"primary",4,914,0.0346902581902767
"primary",4,915,0.0320239417572794
"primary",4,916,0.0254869864490432
"primary",4,917,0.0364484549573005
"primary",4,918,0.0313977460607569
"primary",4,919,0.0349282926265985
"primary",4,920,0.0347004159232093
"primary",4,921,0.0348303744623449
"primary",4,922,0.0324343191709664
"primary",4,923,0.0282943833817369
"primary",4,924,0.0347691516568612
"primary",4,925,0.0298331133436827
"primary",4,926,0.0328166258665201
"primary",4,927,0.0323224355007197
"primary",4,928,0.0285343203294285
"primary",4,929,0.0316876642158376
"primary",4,930,0.0290705997066178
"primary",4,931,0.0281295456444532
"primary",4,932,0.0310433046667524
"primary",4,933,0.0326564772200946
"primary",4,934,0.031497961032617
"primary",4,935,0.0323689860465981
"primary",4,936,0.0340602333272516
"primary",4,937,0.0345058912383551
"primary",4,938,0.0395795025344705
"primary",4,939,0.0305497216106347
"primary",4,940,0.0297048636236106
"primary",4,941,0.0274893178786741
"primary",4,942,0.0334916466610507
"primary",4,943,0.0304715219883869
"primary",4,944,0.0306563881625157
"primary",4,945,0.0307606449413615
"primary",4,946,0.0324434691952059
"primary",4,947,0.0320090389974285
"primary",4,948,0.0359084460529833
"primary",4,949,0.0352251942869191
"primary",4,950,0.0317680092116501
"primary",4,951,0.0340382411010244
"primary",4,952,0.0336540404591076
"primary",4,953,0.0386791780951988
"primary",4,954,0.0323011717400033
"primary",4,955,0.0297696736821479
"primary",4,956,0.0282266110399766
"primary",4,957,0.0358468592802548
"primary",4,958,0.0310072595367033
"primary",4,959,0.0297006146763421
"primary",4,960,0.0311875589158469
"primary",4,961,0.0289416305470737
"primary",4,962,0.0306414263856253
"primary",4,963,0.0327379419821126
"primary",4,964,0.0285178206048778
"primary",4,965,0.032490700292812
"primary",4,966,0.0347037973754723
"primary",4,967,0.0268436961824939
"primary",4,968,0.0315779810460546
"primary",4,969,0.0323424587241581
"primary",4,970,0.0330175174307599
"primary",4,971,0.033869039691255
"primary",4,972,0.0314172887429699
"primary",4,973,0.026986580083703
"primary",4,974,0.0356976740869461
"primary",4,975,0.0264858248921281
"primary",4,976,0.0321613525148482
"primary",4,977,0.0317872366931093
"primary",4,978,0.0334220068455268
"primary",4,979,0.034104223656778
"primary",4,980,0.0270945424107587
"primary",4,981,0.0319760042243027
"primary",4,982,0.0367267326159357
"primary",4,983,0.0337286222125896
"primary",4,984,0.0335466014143703
"primary",4,985,0.0328117807536765
"primary",4,986,0.029312019970031
"primary",4,987,0.0335342327343614
"primary",4,988,0.0299191440625165
"primary",4,989,0.03037859529781
"primary",4,990,0.0339956444615403
"primary",4,991,0.029172503737342
"primary",4,992,0.0334153875274501
"primary",4,993,0.0291838792188118
"primary",4,994,0.0345482979330577
"primary",4,995,0.0248121530238723
"primary",4,996,0.0303485083771819
"primary",4,997,0.0326645304120365
"primary",4,998,0.0320638498195586
"primary",4,999,0.029676878391924
"primary",4,1000,0.0355455992017267
"robustness",2,1,0.00869346307392368
"robustness",2,2,0.0085562993088548
"robustness",2,3,0.00952226340069221
"robustness",2,4,0.00830519839374981
"robustness",2,5,0.0105131281052889
"robustness",2,6,0.00807479953568978
"robustness",2,7,0.00717424956299813
"robustness",2,8,0.0108825435177846
"robustness",2,9,0.00920144733240878
"robustness",2,10,0.0096330674950751
"robustness",2,11,0.0105816532315798
"robustness",2,12,0.0115586607921806
"robustness",2,13,0.00895065085228058
"robustness",2,14,0.00899610578561962
"robustness",2,15,0.0092797660496441
"robustness",2,16,0.00752801919727054
"robustness",2,17,0.0096192184829308
"robustness",2,18,0.0105846914254881
"robustness",2,19,0.0100500202597464
"robustness",2,20,0.00814496607494461
"robustness",2,21,0.0109340847202762
"robustness",2,22,0.00959445311656223
"robustness",2,23,0.00895250697282653
"robustness",2,24,0.0097315448883451
"robustness",2,25,0.0084837255386623
"robustness",2,26,0.0106273545099384
"robustness",2,27,0.0108260498113068
"robustness",2,28,0.00882525597615796
"robustness",2,29,0.0101158312025165
"robustness",2,30,0.0103570414796591
"robustness",2,31,0.00981240348692134
"robustness",2,32,0.00891976932607857
"robustness",2,33,0.00965594061507403
"robustness",2,34,0.0103239235925627
"robustness",2,35,0.00812133526591644
"robustness",2,36,0.0107887765939947
"robustness",2,37,0.0103399507572651
"robustness",2,38,0.00889275366601173
"robustness",2,39,0.0108589529258311
"robustness",2,40,0.00866867020242967
"robustness",2,41,0.010662950602772
"robustness",2,42,0.0107188665276514
"robustness",2,43,0.0104587675752426
"robustness",2,44,0.0086570071962175
"robustness",2,45,0.00978433594407181
"robustness",2,46,0.00972184958550348
"robustness",2,47,0.00918337476204071
"robustness",2,48,0.00902053943645514
"robustness",2,49,0.0087041642984334
"robustness",2,50,0.00955742305115587
"robustness",2,51,0.00940666171538581
"robustness",2,52,0.00824496685831539
"robustness",2,53,0.00962639837944918
"robustness",2,54,0.0103294185548024
"robustness",2,55,0.00768360336234054
"robustness",2,56,0.0105618246871587
"robustness",2,57,0.0090523334973309
"robustness",2,58,0.00913353567164988
"robustness",2,59,0.0102002381959833
"robustness",2,60,0.0116626954072298
"robustness",2,61,0.00880626477424485
"robustness",2,62,0.0101103466247103
"robustness",2,63,0.0107924378769431
"robustness",2,64,0.00896375241061606
"robustness",2,65,0.00822702387260893
"robustness",2,66,0.0086009869301306
"robustness",2,67,0.00863080654475886
"robustness",2,68,0.0102518135149295
"robustness",2,69,0.0120753203008437
"robustness",2,70,0.00878709460658483
"robustness",2,71,0.0111113894104897
"robustness",2,72,0.00897195520252587
"robustness",2,73,0.00945705281422273
"robustness",2,74,0.00900634757120906
"robustness",2,75,0.00861612515308374
"robustness",2,76,0.0096547483179956
"robustness",2,77,0.00896367281715562
"robustness",2,78,0.00782498809508832
"robustness",2,79,0.0103454988987493
"robustness",2,80,0.0106875862199477
"robustness",2,81,0.0097635468109573
"robustness",2,82,0.00884978976231064
"robustness",2,83,0.00969303663395868
"robustness",2,84,0.0105410203627049
"robustness",2,85,0.00882615084819249
"robustness",2,86,0.00906180723570645
"robustness",2,87,0.0106839724325264
"robustness",2,88,0.0093562011940062
"robustness",2,89,0.012325359183713
"robustness",2,90,0.00906803050251968
"robustness",2,91,0.00933118274773406
"robustness",2,92,0.00849655122519639
"robustness",2,93,0.00940551039779441
"robustness",2,94,0.00887840431186104
"robustness",2,95,0.00738605214131432
"robustness",2,96,0.00853159936639492
"robustness",2,97,0.00866024368174586
"robustness",2,98,0.00989531122537123
"robustness",2,99,0.00919304930145355
"robustness",2,100,0.00936151500069614
"robustness",2,101,0.00974614067116279
"robustness",2,102,0.00982117007436972
"robustness",2,103,0.0103902434437718
"robustness",2,104,0.0106565252695934
"robustness",2,105,0.00928434838036435
"robustness",2,106,0.00828965314538894
"robustness",2,107,0.00933957565755731
"robustness",2,108,0.00964854931821772
"robustness",2,109,0.0101866581807153
"robustness",2,110,0.0103099450002454
"robustness",2,111,0.0100469184209167
"robustness",2,112,0.00818449683042663
"robustness",2,113,0.00997038537287356
"robustness",2,114,0.00815355343266821
"robustness",2,115,0.0105905308931072
"robustness",2,116,0.0105261683963849
"robustness",2,117,0.00834036662559964
"robustness",2,118,0.00830580885545737
"robustness",2,119,0.0102380439563809
"robustness",2,120,0.0106451586443012
"robustness",2,121,0.0090152951674287
"robustness",2,122,0.0107023825320554
"robustness",2,123,0.00791952888951712
"robustness",2,124,0.0108473775387514
"robustness",2,125,0.0109481689619388
"robustness",2,126,0.00966895046227086
"robustness",2,127,0.00902637239245947
"robustness",2,128,0.0106806822151495
"robustness",2,129,0.00964133189191904
"robustness",2,130,0.00868170425243495
"robustness",2,131,0.00896387120334973
"robustness",2,132,0.0118462322344841
"robustness",2,133,0.00826337215685163
"robustness",2,134,0.0103726086136986
"robustness",2,135,0.0106514868966454
"robustness",2,136,0.0100527445126298
"robustness",2,137,0.0103514662991079
"robustness",2,138,0.00954050917452343
"robustness",2,139,0.0105671186951069
"robustness",2,140,0.00918210319343875
"robustness",2,141,0.0101103856114566
"robustness",2,142,0.0098600704140039
"robustness",2,143,0.00865917897695676
"robustness",2,144,0.00955122368265189
"robustness",2,145,0.00880759459371047
"robustness",2,146,0.00899668973886845
"robustness",2,147,0.00984959987804032
"robustness",2,148,0.0117225305469764
"robustness",2,149,0.00928824070544756
"robustness",2,150,0.0105260037298089
"robustness",2,151,0.0111369119533976
"robustness",2,152,0.00904038360786046
"robustness",2,153,0.0107372305874339
"robustness",2,154,0.0103337720672368
"robustness",2,155,0.00798889067678175
"robustness",2,156,0.0104710401122996
"robustness",2,157,0.0103459874164536
"robustness",2,158,0.0106479172205404
"robustness",2,159,0.0105918199035865
"robustness",2,160,0.0105680076520075
"robustness",2,161,0.0087876482953815
"robustness",2,162,0.00959131585903622
"robustness",2,163,0.00876000855675887
"robustness",2,164,0.00906836647122415
"robustness",2,165,0.00821403150834858
"robustness",2,166,0.00898637137809823
"robustness",2,167,0.00967175140915873
"robustness",2,168,0.00856360671188596
"robustness",2,169,0.0111138720693671
"robustness",2,170,0.0113710690535211
"robustness",2,171,0.00842261575059369
"robustness",2,172,0.00875308332128931
"robustness",2,173,0.00823589482980257
"robustness",2,174,0.00911149751701375
"robustness",2,175,0.0105542618780002
"robustness",2,176,0.0104289749486969
"robustness",2,177,0.00909156294708819
"robustness",2,178,0.0111062353117349
"robustness",2,179,0.0111213855057481
"robustness",2,180,0.00857471944251075
"robustness",2,181,0.00758297757317931
"robustness",2,182,0.00870592865684599
"robustness",2,183,0.00944682370973906
"robustness",2,184,0.00880748278868514
"robustness",2,185,0.011141338231636
"robustness",2,186,0.0104817323833004
"robustness",2,187,0.00934062294444974
"robustness",2,188,0.0101465109466861
"robustness",2,189,0.00949079957075724
"robustness",2,190,0.0105776149078913
"robustness",2,191,0.00760066065065205
"robustness",2,192,0.00862085121293038
"robustness",2,193,0.00983298392545325
"robustness",2,194,0.0102792361160147
"robustness",2,195,0.00854832376611393
"robustness",2,196,0.00985549539092446
"robustness",2,197,0.0118224209175394
"robustness",2,198,0.00931035568660264
"robustness",2,199,0.00952435062606838
"robustness",2,200,0.00832950807310901
"robustness",2,201,0.00989188389148029
"robustness",2,202,0.0100805887620248
"robustness",2,203,0.010804212330326
"robustness",2,204,0.00847212839174087
"robustness",2,205,0.0105536820502636
"robustness",2,206,0.00974510745725108
"robustness",2,207,0.00821379172553726
"robustness",2,208,0.010182419467508
"robustness",2,209,0.00991573589812056
"robustness",2,210,0.00825333185525775
"robustness",2,211,0.00951125405783472
"robustness",2,212,0.0106404832018419
"robustness",2,213,0.0083879599118569
"robustness",2,214,0.00924823823577388
"robustness",2,215,0.0094802043226114
"robustness",2,216,0.00969521255253804
"robustness",2,217,0.0103100216092726
"robustness",2,218,0.0107702371005518
"robustness",2,219,0.00957965628512817
"robustness",2,220,0.00871791030570398
"robustness",2,221,0.00916187118955992
"robustness",2,222,0.0100378585656478
"robustness",2,223,0.00902374546165594
"robustness",2,224,0.0109893842001952
"robustness",2,225,0.00944499370456398
"robustness",2,226,0.00895699745909706
"robustness",2,227,0.00900106678456085
"robustness",2,228,0.00813773834084861
"robustness",2,229,0.00938554820938897
"robustness",2,230,0.00948249867145835
"robustness",2,231,0.00875539025601396
"robustness",2,232,0.00776993780085967
"robustness",2,233,0.00974065521330354
"robustness",2,234,0.0104601879425599
"robustness",2,235,0.0101772587240937
"robustness",2,236,0.00920176072563097
"robustness",2,237,0.00952062191976454
"robustness",2,238,0.00935885683498282
"robustness",2,239,0.00812992224430322
"robustness",2,240,0.00792191112419273
"robustness",2,241,0.0103669555269813
"robustness",2,242,0.00878195909595863
"robustness",2,243,0.00966098254762759
"robustness",2,244,0.0100868933097026
"robustness",2,245,0.00807012154710948
"robustness",2,246,0.00944454030854927
"robustness",2,247,0.0111385640561827
"robustness",2,248,0.00947752310916105
"robustness",2,249,0.00964144475867775
"robustness",2,250,0.0105406637348964
"robustness",2,251,0.00883469866185903
"robustness",2,252,0.0100042435026655
"robustness",2,253,0.0107802023429504
"robustness",2,254,0.00956989813083918
"robustness",2,255,0.0105001800249985
"robustness",2,256,0.0101733087027696
"robustness",2,257,0.00767346050245992
"robustness",2,258,0.00947090727158895
"robustness",2,259,0.00903371863870773
"robustness",2,260,0.00913502306657736
"robustness",2,261,0.00986845839956955
"robustness",2,262,0.00859618950151731
"robustness",2,263,0.00966245477067964
"robustness",2,264,0.00718866356421763
"robustness",2,265,0.0119415293338893
"robustness",2,266,0.0090752831355724
"robustness",2,267,0.00881119231421397
"robustness",2,268,0.00786275917656908
"robustness",2,269,0.0111695546299277
"robustness",2,270,0.0104392854350401
"robustness",2,271,0.0091991818663701
"robustness",2,272,0.0099379696368531
"robustness",2,273,0.00991485231467331
"robustness",2,274,0.00832853643069915
"robustness",2,275,0.00772273737244468
"robustness",2,276,0.00956369705208176
"robustness",2,277,0.01001062502141
"robustness",2,278,0.00923968900922556
"robustness",2,279,0.00963855042637796
"robustness",2,280,0.00732188481701588
"robustness",2,281,0.00999314115233287
"robustness",2,282,0.00764214933304532
"robustness",2,283,0.00958188157703159
"robustness",2,284,0.011474454688121
"robustness",2,285,0.0106882319123418
"robustness",2,286,0.00995286233684363
"robustness",2,287,0.00730035450555592
"robustness",2,288,0.00862053965040714
"robustness",2,289,0.0124187514519892
"robustness",2,290,0.0106050960782485
"robustness",2,291,0.00905508504558132
"robustness",2,292,0.00767225531286796
"robustness",2,293,0.00994921213948228
"robustness",2,294,0.00832835063082127
"robustness",2,295,0.0119820732170896
"robustness",2,296,0.00908039336054122
"robustness",2,297,0.00740661940587668
"robustness",2,298,0.0119781489072347
"robustness",2,299,0.00877972529774301
"robustness",2,300,0.0112898244105108
"robustness",2,301,0.0098096920901825
"robustness",2,302,0.00973193004264343
"robustness",2,303,0.0106101264397538
"robustness",2,304,0.0107741711975006
"robustness",2,305,0.00900735154798639
"robustness",2,306,0.0105684797462143
"robustness",2,307,0.00963943237484285
"robustness",2,308,0.00937657946563418
"robustness",2,309,0.00925094774881477
"robustness",2,310,0.00975246608207998
"robustness",2,311,0.0105443891559324
"robustness",2,312,0.0101931971039539
"robustness",2,313,0.00958963105269089
"robustness",2,314,0.00874142298157632
"robustness",2,315,0.00883361208514692
"robustness",2,316,0.00907290781511335
"robustness",2,317,0.00937981965756264
"robustness",2,318,0.00882966624780247
"robustness",2,319,0.0077154995404866
"robustness",2,320,0.00918428349067255
"robustness",2,321,0.00888375911033009
"robustness",2,322,0.00795267001217742
"robustness",2,323,0.0131016039246913
"robustness",2,324,0.00877208355143291
"robustness",2,325,0.00940791333566606
"robustness",2,326,0.0104431737822468
"robustness",2,327,0.0115228489552908
"robustness",2,328,0.0114881609122554
"robustness",2,329,0.00859065200606813
"robustness",2,330,0.0094239246348901
"robustness",2,331,0.00957683830900955
"robustness",2,332,0.0114580392746659
"robustness",2,333,0.0102868273277289
"robustness",2,334,0.00879907491769781
"robustness",2,335,0.0104888264712789
"robustness",2,336,0.0111708745942251
"robustness",2,337,0.0112379345170281
"robustness",2,338,0.0090772296425777
"robustness",2,339,0.00795148194030097
"robustness",2,340,0.0109145170603733
"robustness",2,341,0.00775799759845756
"robustness",2,342,0.0106404681063674
"robustness",2,343,0.0087814958070732
"robustness",2,344,0.00822674212648235
"robustness",2,345,0.00767897799842887
"robustness",2,346,0.00818335337056184
"robustness",2,347,0.00950179316493772
"robustness",2,348,0.00857394898510131
"robustness",2,349,0.00782453611599848
"robustness",2,350,0.0104435385856892
"robustness",2,351,0.01002254023508
"robustness",2,352,0.0100004211080221
"robustness",2,353,0.00971414318438469
"robustness",2,354,0.00942417204643438
"robustness",2,355,0.00812553854481158
"robustness",2,356,0.00907141898829793
"robustness",2,357,0.00913112508164719
"robustness",2,358,0.0105781967929536
"robustness",2,359,0.00815070736467816
"robustness",2,360,0.00922026845875678
"robustness",2,361,0.00887899801833669
"robustness",2,362,0.0103446677629365
"robustness",2,363,0.00930711529457596
"robustness",2,364,0.0089354496246859
"robustness",2,365,0.0101883688248366
"robustness",2,366,0.00865821083318889
"robustness",2,367,0.00992845783202349
"robustness",2,368,0.0110035726580381
"robustness",2,369,0.00865411682246335
"robustness",2,370,0.00787824993008388
"robustness",2,371,0.00977394299484013
"robustness",2,372,0.0106633153081573
"robustness",2,373,0.0101678330604404
"robustness",2,374,0.00928280591497344
"robustness",2,375,0.00907637115541465
"robustness",2,376,0.00869283753171246
"robustness",2,377,0.0106900449580766
"robustness",2,378,0.0116070197993889
"robustness",2,379,0.00896849456932701
"robustness",2,380,0.0108400055815322
"robustness",2,381,0.00866069824775146
"robustness",2,382,0.00862131517843153
"robustness",2,383,0.00867692971000723
"robustness",2,384,0.0109338489001279
"robustness",2,385,0.00988806380932405
"robustness",2,386,0.00957507543591525
"robustness",2,387,0.00990080290422571
"robustness",2,388,0.00871978590566701
"robustness",2,389,0.00966741115292489
"robustness",2,390,0.00940701875536779
"robustness",2,391,0.0114013231956605
"robustness",2,392,0.00914235369520196
"robustness",2,393,0.00964187761503697
"robustness",2,394,0.00729659236804923
"robustness",2,395,0.00966171959382435
"robustness",2,396,0.00839091414585231
"robustness",2,397,0.00997943715795987
"robustness",2,398,0.0107023388572135
"robustness",2,399,0.00950358765474415
"robustness",2,400,0.00944782364670949
"robustness",2,401,0.00988254144880732
"robustness",2,402,0.00985826938894463
"robustness",2,403,0.0100797257176311
"robustness",2,404,0.0100498157870092
"robustness",2,405,0.00883249508529277
"robustness",2,406,0.00873102515330154
"robustness",2,407,0.0102924123019178
"robustness",2,408,0.00928491290330784
"robustness",2,409,0.00958386151141539
"robustness",2,410,0.00764158392690059
"robustness",2,411,0.0105064204628739
"robustness",2,412,0.00932970712779104
"robustness",2,413,0.00955348805536542
"robustness",2,414,0.00960227632339327
"robustness",2,415,0.00911069433650199
"robustness",2,416,0.00890813849053319
"robustness",2,417,0.0100890284267182
"robustness",2,418,0.0100975624400925
"robustness",2,419,0.00920454537719122
"robustness",2,420,0.0113061455048048
"robustness",2,421,0.00831028439643397
"robustness",2,422,0.0099652785239378
"robustness",2,423,0.0098966992179435
"robustness",2,424,0.00810793956253414
"robustness",2,425,0.00987738038162466
"robustness",2,426,0.00922228490362002
"robustness",2,427,0.00921768581265799
"robustness",2,428,0.00882181982243434
"robustness",2,429,0.00958456245845314
"robustness",2,430,0.009719081600459
"robustness",2,431,0.00963197806486383
"robustness",2,432,0.00917020810437813
"robustness",2,433,0.00810630992689254
"robustness",2,434,0.00898308977814787
"robustness",2,435,0.00781763607808034
"robustness",2,436,0.00891267118636221
"robustness",2,437,0.00945362711153026
"robustness",2,438,0.010168599311373
"robustness",2,439,0.0112328493094905
"robustness",2,440,0.010348162503766
"robustness",2,441,0.0111843114912363
"robustness",2,442,0.0102899357733408
"robustness",2,443,0.0111980367025922
"robustness",2,444,0.00997013138544982
"robustness",2,445,0.00809186540738253
"robustness",2,446,0.00979382394988674
"robustness",2,447,0.00970125476394156
"robustness",2,448,0.00801237432953522
"robustness",2,449,0.00817342883012026
"robustness",2,450,0.0111214620526634
"robustness",2,451,0.0113013731034737
"robustness",2,452,0.00989533213541652
"robustness",2,453,0.00932820909264543
"robustness",2,454,0.0102170157535862
"robustness",2,455,0.00840296897333275
"robustness",2,456,0.00907453658033488
"robustness",2,457,0.0107324924776641
"robustness",2,458,0.00855672880679146
"robustness",2,459,0.00870512972082025
"robustness",2,460,0.0114806769650385
"robustness",2,461,0.0111960251025543
"robustness",2,462,0.0104906016478364
"robustness",2,463,0.00865066472840358
"robustness",2,464,0.00967189109142996
"robustness",2,465,0.00816079563241537
"robustness",2,466,0.0105256463249008
"robustness",2,467,0.00877999381214834
"robustness",2,468,0.00697286942264816
"robustness",2,469,0.0103406727696224
"robustness",2,470,0.0103368464168145
"robustness",2,471,0.0117464931769035
"robustness",2,472,0.00994112802998647
"robustness",2,473,0.00903143102665355
"robustness",2,474,0.0119302013648575
"robustness",2,475,0.0102922142534129
"robustness",2,476,0.0100507042649993
"robustness",2,477,0.0106844291278429
"robustness",2,478,0.0106745057800003
"robustness",2,479,0.0080002909672529
"robustness",2,480,0.00897680574737183
"robustness",2,481,0.00949052611257386
"robustness",2,482,0.0111551784020346
"robustness",2,483,0.00885827279342749
"robustness",2,484,0.00918903648705332
"robustness",2,485,0.00895420946179181
"robustness",2,486,0.00975561837804676
"robustness",2,487,0.00932126329010498
"robustness",2,488,0.00852760626733813
"robustness",2,489,0.00976009183164667
"robustness",2,490,0.00848675563699505
"robustness",2,491,0.00880614889627082
"robustness",2,492,0.0091142564629037
"robustness",2,493,0.0078891329835143
"robustness",2,494,0.00937985345588751
"robustness",2,495,0.00842179472852364
"robustness",2,496,0.0122840419754256
"robustness",2,497,0.00891854426046146
"robustness",2,498,0.0105301405261791
"robustness",2,499,0.00896871783972366
"robustness",2,500,0.00967626398304082
"robustness",2,501,0.0120211783976496
"robustness",2,502,0.0101482116515249
"robustness",2,503,0.0108417459230188
"robustness",2,504,0.00971439067747374
"robustness",2,505,0.00890176048449979
"robustness",2,506,0.00862742665942261
"robustness",2,507,0.00865266449823892
"robustness",2,508,0.0102694924246994
"robustness",2,509,0.00862337249601594
"robustness",2,510,0.00961307624567611
"robustness",2,511,0.00953997648426212
"robustness",2,512,0.0101466966061132
"robustness",2,513,0.011469615819859
"robustness",2,514,0.00900041129877276
"robustness",2,515,0.0111527791524717
"robustness",2,516,0.0108207582517378
"robustness",2,517,0.0104874918149033
"robustness",2,518,0.00965059132330432
"robustness",2,519,0.00911368460362901
"robustness",2,520,0.00873708198270674
"robustness",2,521,0.0096869430284101
"robustness",2,522,0.0112658027747969
"robustness",2,523,0.00935175953248871
"robustness",2,524,0.00982547250557457
"robustness",2,525,0.00986199049306511
"robustness",2,526,0.0113481691811251
"robustness",2,527,0.0085952425097493
"robustness",2,528,0.0117365566674667
"robustness",2,529,0.00828736660250237
"robustness",2,530,0.00848210856736082
"robustness",2,531,0.00913800745478059
"robustness",2,532,0.0111217891923575
"robustness",2,533,0.00954419758763423
"robustness",2,534,0.00899686621849349
"robustness",2,535,0.0113816748942269
"robustness",2,536,0.00899569430008314
"robustness",2,537,0.0103606124606937
"robustness",2,538,0.00908587805308145
"robustness",2,539,0.00814968637393686
"robustness",2,540,0.0083835674056404
"robustness",2,541,0.0111967764789482
"robustness",2,542,0.00893245181567513
"robustness",2,543,0.0102324347738388
"robustness",2,544,0.00939813146672352
"robustness",2,545,0.00795712918588105
"robustness",2,546,0.0087659788823939
"robustness",2,547,0.00727048853950483
"robustness",2,548,0.00966015299494104
"robustness",2,549,0.0064156744325894
"robustness",2,550,0.0102987486411073
"robustness",2,551,0.0100005716125929
"robustness",2,552,0.0112354756549202
"robustness",2,553,0.00898496491373959
"robustness",2,554,0.00862317345171678
"robustness",2,555,0.00898150538457065
"robustness",2,556,0.0127886262189623
"robustness",2,557,0.0110567225397968
"robustness",2,558,0.00993003709554301
"robustness",2,559,0.00924780808224274
"robustness",2,560,0.0100562530929098
"robustness",2,561,0.0105987672901687
"robustness",2,562,0.00986898805929619
"robustness",2,563,0.00964392705245091
"robustness",2,564,0.0102775435355994
"robustness",2,565,0.00977549192337064
"robustness",2,566,0.00984631165345964
"robustness",2,567,0.0102940089122803
"robustness",2,568,0.00925676700792744
"robustness",2,569,0.00747734168582758
"robustness",2,570,0.0101102618509963
"robustness",2,571,0.00870532855664183
"robustness",2,572,0.00933038820795586
"robustness",2,573,0.0102823123299153
"robustness",2,574,0.00874893166894161
"robustness",2,575,0.0101991424166612
"robustness",2,576,0.00952120055143496
"robustness",2,577,0.00917133140290045
"robustness",2,578,0.00927416620107514
"robustness",2,579,0.0112324807978731
"robustness",2,580,0.0089248728782307
"robustness",2,581,0.00860995007312536
"robustness",2,582,0.00903798849795623
"robustness",2,583,0.0111026280804332
"robustness",2,584,0.00664546188691667
"robustness",2,585,0.00834366619057891
"robustness",2,586,0.0114413669014033
"robustness",2,587,0.0120289699352293
"robustness",2,588,0.0106465459006845
"robustness",2,589,0.00989317852266448
"robustness",2,590,0.00956394997669887
"robustness",2,591,0.0106570885447599
"robustness",2,592,0.0118271407095624
"robustness",2,593,0.00712250624207661
"robustness",2,594,0.00871537751837129
"robustness",2,595,0.00818594123352236
"robustness",2,596,0.0101262142537528
"robustness",2,597,0.0105646770691639
"robustness",2,598,0.0110362532686666
"robustness",2,599,0.00942221291577957
"robustness",2,600,0.00885142635631871
"robustness",2,601,0.00913054354665784
"robustness",2,602,0.00922365610552289
"robustness",2,603,0.00815795305854318
"robustness",2,604,0.00856887743255052
"robustness",2,605,0.0081122142810754
"robustness",2,606,0.0104220766608772
"robustness",2,607,0.00985155065140391
"robustness",2,608,0.00929666934801261
"robustness",2,609,0.00998510372826467
"robustness",2,610,0.0111156573017987
"robustness",2,611,0.00961924245031402
"robustness",2,612,0.0105874808064181
"robustness",2,613,0.00866495852312538
"robustness",2,614,0.00952782219265608
"robustness",2,615,0.00902020726809659
"robustness",2,616,0.010218432942274
"robustness",2,617,0.00994422135991976
"robustness",2,618,0.0112033374879122
"robustness",2,619,0.0105918294597871
"robustness",2,620,0.00848111011857136
"robustness",2,621,0.0107034062788003
"robustness",2,622,0.01159988101283
"robustness",2,623,0.00999202157301358
"robustness",2,624,0.00996254274686992
"robustness",2,625,0.00931904174157655
"robustness",2,626,0.00927631418197644
"robustness",2,627,0.0096758556689733
"robustness",2,628,0.0122847193583109
"robustness",2,629,0.00959745260369691
"robustness",2,630,0.00909213047017437
"robustness",2,631,0.00755000021398135
"robustness",2,632,0.0112375231921919
"robustness",2,633,0.00767823961678146
"robustness",2,634,0.00856776034361496
"robustness",2,635,0.0102068945818138
"robustness",2,636,0.00978386570556864
"robustness",2,637,0.00988132324600383
"robustness",2,638,0.0104748402618091
"robustness",2,639,0.00905445545951411
"robustness",2,640,0.0106307192412624
"robustness",2,641,0.0103408419431119
"robustness",2,642,0.0107179313577154
"robustness",2,643,0.0103004861323081
"robustness",2,644,0.00888016303480756
"robustness",2,645,0.00953061093347628
"robustness",2,646,0.00858080481940212
"robustness",2,647,0.0106755240831977
"robustness",2,648,0.00690930626317415
"robustness",2,649,0.00924722882240261
"robustness",2,650,0.00833179461472735
"robustness",2,651,0.00969109670083177
"robustness",2,652,0.00783633856050549
"robustness",2,653,0.0092867003003399
"robustness",2,654,0.00936406431805294
"robustness",2,655,0.009663320716214
"robustness",2,656,0.00914310997916736
"robustness",2,657,0.00847688523633692
"robustness",2,658,0.00692875174425589
"robustness",2,659,0.0102481174775484
"robustness",2,660,0.00990062297023765
"robustness",2,661,0.0105063882545924
"robustness",2,662,0.0101547585803861
"robustness",2,663,0.0106350715296024
"robustness",2,664,0.0112445331486276
"robustness",2,665,0.00844934180888306
"robustness",2,666,0.012012967096214
"robustness",2,667,0.00999697330340889
"robustness",2,668,0.0100393943006577
"robustness",2,669,0.0087621516802527
"robustness",2,670,0.0101470783546509
"robustness",2,671,0.00987347187232814
"robustness",2,672,0.00949701170637113
"robustness",2,673,0.00797247283604685
"robustness",2,674,0.0105681173805362
"robustness",2,675,0.00960253700042598
"robustness",2,676,0.00834889620988697
"robustness",2,677,0.00891449984953966
"robustness",2,678,0.0094395447836673
"robustness",2,679,0.00873625420116604
"robustness",2,680,0.0115374433508382
"robustness",2,681,0.00912184464821778
"robustness",2,682,0.00996550842223222
"robustness",2,683,0.00777968485152678
"robustness",2,684,0.0103367172915972
"robustness",2,685,0.00815040025272587
"robustness",2,686,0.00966241989481445
"robustness",2,687,0.00798586888935054
"robustness",2,688,0.00947541798581364
"robustness",2,689,0.0109999646007751
"robustness",2,690,0.0114096448904476
"robustness",2,691,0.00928293444627866
"robustness",2,692,0.0102697779232899
"robustness",2,693,0.00966866656135406
"robustness",2,694,0.0102053129121036
"robustness",2,695,0.00827133976408801
"robustness",2,696,0.0100642733140797
"robustness",2,697,0.00886107634084925
"robustness",2,698,0.00782106778941349
"robustness",2,699,0.0100309942664395
"robustness",2,700,0.0096163628556672
"robustness",2,701,0.0110219790506408
"robustness",2,702,0.008083448444396
"robustness",2,703,0.00676795312224841
"robustness",2,704,0.00950666225845604
"robustness",2,705,0.0109186218355666
"robustness",2,706,0.00787795530760096
"robustness",2,707,0.00727742098024504
"robustness",2,708,0.00725758348622945
"robustness",2,709,0.00790650724167904
"robustness",2,710,0.00980248290471505
"robustness",2,711,0.00889518355348912
"robustness",2,712,0.00731709484356594
"robustness",2,713,0.0118738221378624
"robustness",2,714,0.0101513169865285
"robustness",2,715,0.00926228574662948
"robustness",2,716,0.0110017706382993
"robustness",2,717,0.00963709137458802
"robustness",2,718,0.00878157740712854
"robustness",2,719,0.0100481721043922
"robustness",2,720,0.0102787076368173
"robustness",2,721,0.00930716387253927
"robustness",2,722,0.00775616845033578
"robustness",2,723,0.00827592097187279
"robustness",2,724,0.00783739406516219
"robustness",2,725,0.00875473390145084
"robustness",2,726,0.00886631246191018
"robustness",2,727,0.0100544320592719
"robustness",2,728,0.0062599261671417
"robustness",2,729,0.0096350316534153
"robustness",2,730,0.0113680046038079
"robustness",2,731,0.0101123945018439
"robustness",2,732,0.00836980202203127
"robustness",2,733,0.00655247980834423
"robustness",2,734,0.00907480437559248
"robustness",2,735,0.00921690001479446
"robustness",2,736,0.00989608403896831
"robustness",2,737,0.00911801004635138
"robustness",2,738,0.00886293287574085
"robustness",2,739,0.0104651519033433
"robustness",2,740,0.00793880326603382
"robustness",2,741,0.00792929363293884
"robustness",2,742,0.0104562929297506
"robustness",2,743,0.00998220068073535
"robustness",2,744,0.00771925534315923
"robustness",2,745,0.010184258626103
"robustness",2,746,0.00937140819742835
"robustness",2,747,0.00833573032504929
"robustness",2,748,0.00954149741072977
"robustness",2,749,0.0106330424626263
"robustness",2,750,0.00957068459245442
"robustness",2,751,0.010702098109338
"robustness",2,752,0.00960978109905528
"robustness",2,753,0.00921080408826099
"robustness",2,754,0.0105263386655572
"robustness",2,755,0.00954285335115131
"robustness",2,756,0.00940494180815855
"robustness",2,757,0.0110208279687064
"robustness",2,758,0.00929951022956308
"robustness",2,759,0.0100432441419655
"robustness",2,760,0.00921044023770569
"robustness",2,761,0.00921245960833952
"robustness",2,762,0.0105187346627288
"robustness",2,763,0.00806054130997308
"robustness",2,764,0.0105415646198356
"robustness",2,765,0.0115233812003057
"robustness",2,766,0.0120596900639672
"robustness",2,767,0.0106020299153838
"robustness",2,768,0.0113581878792942
"robustness",2,769,0.0093770885565651
"robustness",2,770,0.00779413483329931
"robustness",2,771,0.00971544276688485
"robustness",2,772,0.00927037746984641
"robustness",2,773,0.0083315959696573
"robustness",2,774,0.0102730128956512
"robustness",2,775,0.0103219245923235
"robustness",2,776,0.0093333288789314
"robustness",2,777,0.00804263322601918
"robustness",2,778,0.00966482349863925
"robustness",2,779,0.0105943729413083
"robustness",2,780,0.00828863525826723
"robustness",2,781,0.0118706684580292
"robustness",2,782,0.0102600736931471
"robustness",2,783,0.00970799987960455
"robustness",2,784,0.00877662742260486
"robustness",2,785,0.0104493349973388
"robustness",2,786,0.0114452247445048
"robustness",2,787,0.00829679941405532
"robustness",2,788,0.0095032571419566
"robustness",2,789,0.0104318722176631
"robustness",2,790,0.00974266524846862
"robustness",2,791,0.0106545619135976
"robustness",2,792,0.0103198264799879
"robustness",2,793,0.00879708961029984
"robustness",2,794,0.0082637412754781
"robustness",2,795,0.0089442831682301
"robustness",2,796,0.00948700888194239
"robustness",2,797,0.0115614566995274
"robustness",2,798,0.0101994253658589
"robustness",2,799,0.0102297069003316
"robustness",2,800,0.00982968442785311
"robustness",2,801,0.0116683024420144
"robustness",2,802,0.0105425543953954
"robustness",2,803,0.00985553770531842
"robustness",2,804,0.00889481044401394
"robustness",2,805,0.00911620681822739
"robustness",2,806,0.00890921067741289
"robustness",2,807,0.0105052024040044
"robustness",2,808,0.0100855969753784
"robustness",2,809,0.0110745241837941
"robustness",2,810,0.0114761282104766
"robustness",2,811,0.00941252136838504
"robustness",2,812,0.0101333791477742
"robustness",2,813,0.00996504875239585
"robustness",2,814,0.00906770264454861
"robustness",2,815,0.00895678874058938
"robustness",2,816,0.0103171429937581
"robustness",2,817,0.0116906955020851
"robustness",2,818,0.00840558267505083
"robustness",2,819,0.0114700716185741
"robustness",2,820,0.00875113586820087
"robustness",2,821,0.00870898856464917
"robustness",2,822,0.00746992504084809
"robustness",2,823,0.0114241676504095
"robustness",2,824,0.00982478166923102
"robustness",2,825,0.00993131961173147
"robustness",2,826,0.0095602310314119
"robustness",2,827,0.00871681515620592
"robustness",2,828,0.00964304577824578
"robustness",2,829,0.00946341601533453
"robustness",2,830,0.0115445872866747
"robustness",2,831,0.0108045674787773
"robustness",2,832,0.0112887229187887
"robustness",2,833,0.00858259553367696
"robustness",2,834,0.0110965343532407
"robustness",2,835,0.00914736305913267
"robustness",2,836,0.00863106440699652
"robustness",2,837,0.00996399522707516
"robustness",2,838,0.0109406468324523
"robustness",2,839,0.00889600388867164
"robustness",2,840,0.01007312719213
"robustness",2,841,0.00816466511035409
"robustness",2,842,0.0113234701818618
"robustness",2,843,0.00817382431298604
"robustness",2,844,0.00874751535645551
"robustness",2,845,0.0117927705292092
"robustness",2,846,0.00941339921236278
"robustness",2,847,0.00995519886068778
"robustness",2,848,0.00998815632611427
"robustness",2,849,0.0101128141154376
"robustness",2,850,0.00841646714617316
"robustness",2,851,0.0103936447477952
"robustness",2,852,0.00972812014411317
"robustness",2,853,0.00875958248212705
"robustness",2,854,0.0100843605829716
"robustness",2,855,0.00957468027772689
"robustness",2,856,0.0104489842848947
"robustness",2,857,0.0108426018581286
"robustness",2,858,0.00972688664138904
"robustness",2,859,0.0112019127344134
"robustness",2,860,0.00995382550432377
"robustness",2,861,0.00955758349998125
"robustness",2,862,0.00893581096652835
"robustness",2,863,0.00975017700628457
"robustness",2,864,0.0105032197471474
"robustness",2,865,0.00796337686149888
"robustness",2,866,0.0109132322468587
"robustness",2,867,0.00951066737347677
"robustness",2,868,0.00982075745871801
"robustness",2,869,0.0104898190422176
"robustness",2,870,0.00991609560782958
"robustness",2,871,0.00842569152638935
"robustness",2,872,0.0111543500993827
"robustness",2,873,0.011150934883945
"robustness",2,874,0.00888553771013289
"robustness",2,875,0.0106395205794428
"robustness",2,876,0.00971436293817253
"robustness",2,877,0.00749638426424039
"robustness",2,878,0.00959778993092009
"robustness",2,879,0.00877377355822055
"robustness",2,880,0.00846896524443697
"robustness",2,881,0.00838162816709992
"robustness",2,882,0.00920995770980437
"robustness",2,883,0.0105424330358671
"robustness",2,884,0.00943311963187519
"robustness",2,885,0.0107121608244524
"robustness",2,886,0.00984722017971044
"robustness",2,887,0.0117606992937024
"robustness",2,888,0.00977410248962728
"robustness",2,889,0.0109180256080058
"robustness",2,890,0.0080792206822723
"robustness",2,891,0.00943565659612582
"robustness",2,892,0.0109171544403529
"robustness",2,893,0.00885290544344595
"robustness",2,894,0.00972271356444539
"robustness",2,895,0.0094443297794372
"robustness",2,896,0.00923180424062085
"robustness",2,897,0.00873703670706865
"robustness",2,898,0.0103010592886386
"robustness",2,899,0.00769829991847923
"robustness",2,900,0.0088335362446984
"robustness",2,901,0.0107474276796245
"robustness",2,902,0.00934749191090943
"robustness",2,903,0.00972345711346433
"robustness",2,904,0.00948008318783814
"robustness",2,905,0.00828919245194434
"robustness",2,906,0.00858841469360858
"robustness",2,907,0.0102636903470276
"robustness",2,908,0.0110452410209591
"robustness",2,909,0.0105318463838212
"robustness",2,910,0.00956654509024536
"robustness",2,911,0.0103147529315835
"robustness",2,912,0.00913327675487471
"robustness",2,913,0.0107028210588696
"robustness",2,914,0.0114394498090035
"robustness",2,915,0.00852225878034809
"robustness",2,916,0.00747773312355017
"robustness",2,917,0.010265796917309
"robustness",2,918,0.0108557431592012
"robustness",2,919,0.0103925202368674
"robustness",2,920,0.0099672939333427
"robustness",2,921,0.0105485431188438
"robustness",2,922,0.0107001923788683
"robustness",2,923,0.00815039876380367
"robustness",2,924,0.00959531435555123
"robustness",2,925,0.0104711853860814
"robustness",2,926,0.010083855451041
"robustness",2,927,0.0103608531001099
"robustness",2,928,0.00834647749224129
"robustness",2,929,0.00999011179544901
"robustness",2,930,0.00716605546305532
"robustness",2,931,0.0094993535484443
"robustness",2,932,0.00834786274654008
"robustness",2,933,0.0110267311794722
"robustness",2,934,0.00951147017891198
"robustness",2,935,0.00862519965125395
"robustness",2,936,0.0103886343366057
"robustness",2,937,0.0096969954639345
"robustness",2,938,0.0104461874141664
"robustness",2,939,0.008852546646618
"robustness",2,940,0.00869251401363498
"robustness",2,941,0.00948591217844679
"robustness",2,942,0.0111220629839014
"robustness",2,943,0.00899517721505923
"robustness",2,944,0.00984505533613783
"robustness",2,945,0.0103045294500028
"robustness",2,946,0.00987168242641795
"robustness",2,947,0.00967477511604259
"robustness",2,948,0.0116738084433053
"robustness",2,949,0.00827909891011475
"robustness",2,950,0.00789763360820844
"robustness",2,951,0.0109067509709926
"robustness",2,952,0.00859256341125452
"robustness",2,953,0.0105114248539029
"robustness",2,954,0.0105066322083226
"robustness",2,955,0.00719943561267045
"robustness",2,956,0.00793561429344396
"robustness",2,957,0.0102552215234751
"robustness",2,958,0.00820382406855769
"robustness",2,959,0.0107172932944581
"robustness",2,960,0.0104193853341645
"robustness",2,961,0.0100070137447086
"robustness",2,962,0.00832600696466851
"robustness",2,963,0.0108194467839691
"robustness",2,964,0.0107398886824164
"robustness",2,965,0.0105066614841104
"robustness",2,966,0.0112161600921275
"robustness",2,967,0.00925489724811917
"robustness",2,968,0.00801190736010871
"robustness",2,969,0.00992183865005527
"robustness",2,970,0.0102470994058807
"robustness",2,971,0.0104535090161242
"robustness",2,972,0.00949248579168182
"robustness",2,973,0.00799834914639841
"robustness",2,974,0.0115446379525854
"robustness",2,975,0.00862094582338764
"robustness",2,976,0.00999522159852105
"robustness",2,977,0.0102200806377871
"robustness",2,978,0.00875078143695634
"robustness",2,979,0.0113029105283833
"robustness",2,980,0.0080011517123592
"robustness",2,981,0.0101029107520556
"robustness",2,982,0.0091998754083674
"robustness",2,983,0.00936537717673516
"robustness",2,984,0.00934864533191146
"robustness",2,985,0.0126144882792414
"robustness",2,986,0.00873587888202451
"robustness",2,987,0.0110911131333842
"robustness",2,988,0.0115334608208614
"robustness",2,989,0.0103175406675441
"robustness",2,990,0.00915546999206446
"robustness",2,991,0.0091754212692081
"robustness",2,992,0.0113401526092716
"robustness",2,993,0.00992184550251805
"robustness",2,994,0.0104219978007049
"robustness",2,995,0.00746708270832578
"robustness",2,996,0.00945462460553519
"robustness",2,997,0.00797420501181053
"robustness",2,998,0.0107360078851234
"robustness",2,999,0.00835036605742556
"robustness",2,1000,0.0108200226356872
"robustness",3,1,0.0143754454404244
"robustness",3,2,0.0142952712868322
"robustness",3,3,0.0148958041089481
"robustness",3,4,0.0133278231786545
"robustness",3,5,0.0156896419056393
"robustness",3,6,0.013425068547927
"robustness",3,7,0.0107786821134941
"robustness",3,8,0.0159486383232004
"robustness",3,9,0.0142945412588993
"robustness",3,10,0.0154338053835484
"robustness",3,11,0.0165331509581451
"robustness",3,12,0.017443249497712
"robustness",3,13,0.0145774708451941
"robustness",3,14,0.0130329131997271
"robustness",3,15,0.0133649117521668
"robustness",3,16,0.0136316957047269
"robustness",3,17,0.0136046085716778
"robustness",3,18,0.0148011590566752
"robustness",3,19,0.014615691320309
"robustness",3,20,0.0131695937839416
"robustness",3,21,0.0172181364128567
"robustness",3,22,0.0172896251409711
"robustness",3,23,0.012397144941719
"robustness",3,24,0.0158125792888412
"robustness",3,25,0.0137013413723729
"robustness",3,26,0.0182864679450052
"robustness",3,27,0.0177571658846288
"robustness",3,28,0.015050261919976
"robustness",3,29,0.0167431278593859
"robustness",3,30,0.0129342156308378
"robustness",3,31,0.0161761691338276
"robustness",3,32,0.0156505395305402
"robustness",3,33,0.0163894643734019
"robustness",3,34,0.0154440497314086
"robustness",3,35,0.0166630175640015
"robustness",3,36,0.0154067417227299
"robustness",3,37,0.0153342734435744
"robustness",3,38,0.0162480411771064
"robustness",3,39,0.017151971730273
"robustness",3,40,0.0125619370005503
"robustness",3,41,0.016407876937659
"robustness",3,42,0.0130015152941282
"robustness",3,43,0.0151728588597544
"robustness",3,44,0.0139307724161697
"robustness",3,45,0.0153020465163135
"robustness",3,46,0.0156337137101804
"robustness",3,47,0.0167745651523849
"robustness",3,48,0.0140790325253634
"robustness",3,49,0.0138525360391412
"robustness",3,50,0.0145296666915551
"robustness",3,51,0.0131904793213033
"robustness",3,52,0.0126181542254072
"robustness",3,53,0.01568350919608
"robustness",3,54,0.0159781325295856
"robustness",3,55,0.0141058709617997
"robustness",3,56,0.0141102114304716
"robustness",3,57,0.0129434144737507
"robustness",3,58,0.0140543597976379
"robustness",3,59,0.01510039584614
"robustness",3,60,0.0160363596313755
"robustness",3,61,0.0122960964052551
"robustness",3,62,0.012569235012202
"robustness",3,63,0.0142281125691082
"robustness",3,64,0.0150006109519253
"robustness",3,65,0.0117600619153361
"robustness",3,66,0.0137793903042474
"robustness",3,67,0.0131718198183908
"robustness",3,68,0.0177638987594698
"robustness",3,69,0.0160342955773476
"robustness",3,70,0.0145633882267056
"robustness",3,71,0.0154115156842327
"robustness",3,72,0.0153457480708264
"robustness",3,73,0.0163666261972593
"robustness",3,74,0.0138598533124485
"robustness",3,75,0.0142520991112531
"robustness",3,76,0.0142303338834426
"robustness",3,77,0.0139369866856723
"robustness",3,78,0.0117069275035146
"robustness",3,79,0.0154105586549989
"robustness",3,80,0.0135819424708792
"robustness",3,81,0.0168632708059378
"robustness",3,82,0.0123986309570319
"robustness",3,83,0.0158850738427857
"robustness",3,84,0.0163853277981378
"robustness",3,85,0.0163314640711063
"robustness",3,86,0.0138949881099003
"robustness",3,87,0.0157246010259744
"robustness",3,88,0.0156837192223425
"robustness",3,89,0.0173553423588598
"robustness",3,90,0.0126122992095935
"robustness",3,91,0.013716376959381
"robustness",3,92,0.0140918308836187
"robustness",3,93,0.0141066711952931
"robustness",3,94,0.0138321686070145
"robustness",3,95,0.0133293639053543
"robustness",3,96,0.0118763116113185
"robustness",3,97,0.0145232313974464
"robustness",3,98,0.0143370081392273
"robustness",3,99,0.0145355605129264
"robustness",3,100,0.0162657413278526
"robustness",3,101,0.0143786528036265
"robustness",3,102,0.0174036637499035
"robustness",3,103,0.0149720145340886
"robustness",3,104,0.0159834690057744
"robustness",3,105,0.0143463234443746
"robustness",3,106,0.0136814144732731
"robustness",3,107,0.0160714253095166
"robustness",3,108,0.0157766903281652
"robustness",3,109,0.0143167536264158
"robustness",3,110,0.0137854534119249
"robustness",3,111,0.0143712341830112
"robustness",3,112,0.0138108459647353
"robustness",3,113,0.0179404861679963
"robustness",3,114,0.0127346489686422
"robustness",3,115,0.0155665606477719
"robustness",3,116,0.0147595511542918
"robustness",3,117,0.0138894857057224
"robustness",3,118,0.0125441171338469
"robustness",3,119,0.0154324907002069
"robustness",3,120,0.0160656726423976
"robustness",3,121,0.0124218764748992
"robustness",3,122,0.0190744324089575
"robustness",3,123,0.0129430405953405
"robustness",3,124,0.0159109873003728
"robustness",3,125,0.0151340070706013
"robustness",3,126,0.0120862788470661
"robustness",3,127,0.0119456209256824
"robustness",3,128,0.0136625788796114
"robustness",3,129,0.0153234359949734
"robustness",3,130,0.0134677361045302
"robustness",3,131,0.0134704177892808
"robustness",3,132,0.0184200749436898
"robustness",3,133,0.0143391234409346
"robustness",3,134,0.0134312409230097
"robustness",3,135,0.0176699348934983
"robustness",3,136,0.0193126938737954
"robustness",3,137,0.0158380408132075
"robustness",3,138,0.0126206054448953
"robustness",3,139,0.0142648124382457
"robustness",3,140,0.0124471794988451
"robustness",3,141,0.0151852129670719
"robustness",3,142,0.0171873049962023
"robustness",3,143,0.0115291737152662
"robustness",3,144,0.0124043881979275
"robustness",3,145,0.0123870032496268
"robustness",3,146,0.0126891024376105
"robustness",3,147,0.0140605818154163
"robustness",3,148,0.0172458046247616
"robustness",3,149,0.0149220297215511
"robustness",3,150,0.0155593512612674
"robustness",3,151,0.0148766284446092
"robustness",3,152,0.0139908871885685
"robustness",3,153,0.0142597670556629
"robustness",3,154,0.0138638729022849
"robustness",3,155,0.0122479819788284
"robustness",3,156,0.0167182813529081
"robustness",3,157,0.0146581457477254
"robustness",3,158,0.0175750464469534
"robustness",3,159,0.0139943372519772
"robustness",3,160,0.0140890337411608
"robustness",3,161,0.0130123113590349
"robustness",3,162,0.0144421086048885
"robustness",3,163,0.0143511954417711
"robustness",3,164,0.0159043940735687
"robustness",3,165,0.0121035793813356
"robustness",3,166,0.0122319720937285
"robustness",3,167,0.0144299296192963
"robustness",3,168,0.0126792115153304
"robustness",3,169,0.0157664171888118
"robustness",3,170,0.015171606630564
"robustness",3,171,0.0126390829180857
"robustness",3,172,0.0135553421782353
"robustness",3,173,0.0134438564155703
"robustness",3,174,0.0139765438020836
"robustness",3,175,0.0141056646260404
"robustness",3,176,0.0173752481680392
"robustness",3,177,0.0120578777440005
"robustness",3,178,0.0155286551445566
"robustness",3,179,0.0161384193141514
"robustness",3,180,0.0129437736413565
"robustness",3,181,0.0112706951184602
"robustness",3,182,0.0135526972813789
"robustness",3,183,0.0136824538624084
"robustness",3,184,0.0150716603284978
"robustness",3,185,0.0152190145087546
"robustness",3,186,0.014592889087631
"robustness",3,187,0.0140790287332532
"robustness",3,188,0.0129989077283176
"robustness",3,189,0.0161500709068176
"robustness",3,190,0.0162979350739681
"robustness",3,191,0.0132316490616079
"robustness",3,192,0.0134983519563157
"robustness",3,193,0.0162456462085697
"robustness",3,194,0.0160819505341148
"robustness",3,195,0.0135316413194279
"robustness",3,196,0.0147368086035212
"robustness",3,197,0.0163933324098349
"robustness",3,198,0.0124966048454047
"robustness",3,199,0.0166781140832467
"robustness",3,200,0.0136161050266057
"robustness",3,201,0.0162167499449094
"robustness",3,202,0.0137419166570953
"robustness",3,203,0.0172562439177961
"robustness",3,204,0.0138309856167805
"robustness",3,205,0.0174809737030271
"robustness",3,206,0.0129052556945146
"robustness",3,207,0.0114348536023555
"robustness",3,208,0.0131395133377671
"robustness",3,209,0.0134230207571999
"robustness",3,210,0.0142473663866546
"robustness",3,211,0.0142501776898512
"robustness",3,212,0.0134474967674737
"robustness",3,213,0.013927366590617
"robustness",3,214,0.0132225497066126
"robustness",3,215,0.0140223296105966
"robustness",3,216,0.0138229261022591
"robustness",3,217,0.0142630427392713
"robustness",3,218,0.0172255810886614
"robustness",3,219,0.0158920412924512
"robustness",3,220,0.0161761876327435
"robustness",3,221,0.0141134222129555
"robustness",3,222,0.0155168409912177
"robustness",3,223,0.0129802587530643
"robustness",3,224,0.0157205625289264
"robustness",3,225,0.0136933137903779
"robustness",3,226,0.0139491786532433
"robustness",3,227,0.0126830487551473
"robustness",3,228,0.0139783514084788
"robustness",3,229,0.013627686165607
"robustness",3,230,0.0133524399974054
"robustness",3,231,0.0144122014544433
"robustness",3,232,0.0113139768947742
"robustness",3,233,0.0150628558189982
"robustness",3,234,0.0139108918888516
"robustness",3,235,0.0145652432528469
"robustness",3,236,0.0134952293406408
"robustness",3,237,0.0145343944779041
"robustness",3,238,0.0149758366044707
"robustness",3,239,0.0129085206775566
"robustness",3,240,0.0121557775642904
"robustness",3,241,0.013636954046436
"robustness",3,242,0.0121463691692346
"robustness",3,243,0.0131089488933141
"robustness",3,244,0.0148211557133887
"robustness",3,245,0.0119486741508534
"robustness",3,246,0.0149877212158805
"robustness",3,247,0.0154955953205797
"robustness",3,248,0.0132266227587878
"robustness",3,249,0.0143915497330903
"robustness",3,250,0.0179114874022679
"robustness",3,251,0.0135359207249571
"robustness",3,252,0.0141438889827924
"robustness",3,253,0.0158354192233391
"robustness",3,254,0.0147032736617343
"robustness",3,255,0.0149178710304967
"robustness",3,256,0.0141405095471532
"robustness",3,257,0.0113450499155976
"robustness",3,258,0.0128026994212594
"robustness",3,259,0.0137159235431372
"robustness",3,260,0.0127574047142137
"robustness",3,261,0.0149282168474954
"robustness",3,262,0.0115923839923702
"robustness",3,263,0.0134428050374341
"robustness",3,264,0.0121523605554703
"robustness",3,265,0.0165587857038628
"robustness",3,266,0.014558991676588
"robustness",3,267,0.014459495301342
"robustness",3,268,0.011389241347725
"robustness",3,269,0.0155762968718735
"robustness",3,270,0.015649024607452
"robustness",3,271,0.0134302288542586
"robustness",3,272,0.0190321997753139
"robustness",3,273,0.0148114935737735
"robustness",3,274,0.0153298842451009
"robustness",3,275,0.013523385136494
"robustness",3,276,0.0132847772246193
"robustness",3,277,0.0173085437781301
"robustness",3,278,0.0139138462627846
"robustness",3,279,0.0131920708679011
"robustness",3,280,0.01198819443817
"robustness",3,281,0.016503647800901
"robustness",3,282,0.014385511400497
"robustness",3,283,0.0165384112601741
"robustness",3,284,0.0167065829127795
"robustness",3,285,0.0137983131621783
"robustness",3,286,0.0135330967887322
"robustness",3,287,0.0124001935341604
"robustness",3,288,0.0148416643696344
"robustness",3,289,0.0175910968727976
"robustness",3,290,0.0154286614939668
"robustness",3,291,0.0146717785635654
"robustness",3,292,0.0140006041814525
"robustness",3,293,0.0136815689497267
"robustness",3,294,0.0144523327269011
"robustness",3,295,0.0178018381580107
"robustness",3,296,0.0143190428975249
"robustness",3,297,0.0129285940845028
"robustness",3,298,0.0168959800179084
"robustness",3,299,0.0132758690704583
"robustness",3,300,0.0154806979436592
"robustness",3,301,0.012872920692729
"robustness",3,302,0.0125572463280046
"robustness",3,303,0.0140267143069326
"robustness",3,304,0.0146435401756398
"robustness",3,305,0.0128690470314269
"robustness",3,306,0.0144919089367395
"robustness",3,307,0.0162758539064637
"robustness",3,308,0.0133614573417987
"robustness",3,309,0.0164857470527061
"robustness",3,310,0.0133706153313502
"robustness",3,311,0.0144250356994228
"robustness",3,312,0.0150454549763484
"robustness",3,313,0.0137637083830345
"robustness",3,314,0.0172119277314427
"robustness",3,315,0.013654586507123
"robustness",3,316,0.0143497299952358
"robustness",3,317,0.013626071436249
"robustness",3,318,0.0154341299236283
"robustness",3,319,0.0136512007439085
"robustness",3,320,0.0125824683311401
"robustness",3,321,0.0166575214560055
"robustness",3,322,0.0121762384133627
"robustness",3,323,0.0176990691161045
"robustness",3,324,0.0123312112481922
"robustness",3,325,0.0138568780695992
"robustness",3,326,0.0176210152498798
"robustness",3,327,0.0162605065234736
"robustness",3,328,0.0175250618026322
"robustness",3,329,0.0134726087186716
"robustness",3,330,0.0162481164735665
"robustness",3,331,0.0142653085712916
"robustness",3,332,0.0163816087928173
"robustness",3,333,0.0128881979261692
"robustness",3,334,0.0125036140194689
"robustness",3,335,0.0139604593921414
"robustness",3,336,0.0157632580460556
"robustness",3,337,0.0184827271051768
"robustness",3,338,0.0131007297189027
"robustness",3,339,0.0124077801329367
"robustness",3,340,0.0160756189179805
"robustness",3,341,0.0119785224678095
"robustness",3,342,0.0153627532056993
"robustness",3,343,0.0141415976203033
"robustness",3,344,0.0156695564059236
"robustness",3,345,0.0132905226376812
"robustness",3,346,0.0112143296146015
"robustness",3,347,0.0151571067515239
"robustness",3,348,0.0149757392284739
"robustness",3,349,0.0120146336187203
"robustness",3,350,0.0150408529399605
"robustness",3,351,0.0142430156485012
"robustness",3,352,0.013461295334066
"robustness",3,353,0.015259789944432
"robustness",3,354,0.0158599662937729
"robustness",3,355,0.0137155318588834
"robustness",3,356,0.0129940061307791
"robustness",3,357,0.0132668668385583
"robustness",3,358,0.0148252016155612
"robustness",3,359,0.0135902163780317
"robustness",3,360,0.0141871044106231
"robustness",3,361,0.0144784379217808
"robustness",3,362,0.0144295724751318
"robustness",3,363,0.0123509130031623
"robustness",3,364,0.013495849380521
"robustness",3,365,0.0125823370967207
"robustness",3,366,0.0135065689768573
"robustness",3,367,0.0129854413147861
"robustness",3,368,0.014733173082377
"robustness",3,369,0.0151651747928323
"robustness",3,370,0.0139879318996595
"robustness",3,371,0.0171350752204573
"robustness",3,372,0.0159675464884234
"robustness",3,373,0.0155172418811241
"robustness",3,374,0.0140542311028821
"robustness",3,375,0.0135975657620441
"robustness",3,376,0.0109868254812242
"robustness",3,377,0.0154438529738567
"robustness",3,378,0.0157114054689324
"robustness",3,379,0.0140904420655528
"robustness",3,380,0.015183419136714
"robustness",3,381,0.0139738436109541
"robustness",3,382,0.0119254936024646
"robustness",3,383,0.0153097697518872
"robustness",3,384,0.0172809213558753
"robustness",3,385,0.0145076877071867
"robustness",3,386,0.01351499515938
"robustness",3,387,0.0157397239208279
"robustness",3,388,0.0138284187626342
"robustness",3,389,0.0120258368376348
"robustness",3,390,0.0150397866112525
"robustness",3,391,0.0154673449764631
"robustness",3,392,0.0160900188097741
"robustness",3,393,0.0117929497608511
"robustness",3,394,0.0123313299913705
"robustness",3,395,0.012442765331147
"robustness",3,396,0.0114172949618614
"robustness",3,397,0.0136998691540251
"robustness",3,398,0.014075743051827
"robustness",3,399,0.0156860876419285
"robustness",3,400,0.013492204079649
"robustness",3,401,0.0133830547688117
"robustness",3,402,0.01527478947411
"robustness",3,403,0.0127299685767185
"robustness",3,404,0.0178651238552737
"robustness",3,405,0.0149143257752108
"robustness",3,406,0.0135045465821581
"robustness",3,407,0.0147056808887217
"robustness",3,408,0.0125592001066925
"robustness",3,409,0.0135545222782105
"robustness",3,410,0.0128517562477926
"robustness",3,411,0.0156787870241313
"robustness",3,412,0.0153973795508087
"robustness",3,413,0.014629928012475
"robustness",3,414,0.0112845800841275
"robustness",3,415,0.0114471549530342
"robustness",3,416,0.0131848655081242
"robustness",3,417,0.0144068160487035
"robustness",3,418,0.0183281619630647
"robustness",3,419,0.0174781908671223
"robustness",3,420,0.0152644015056643
"robustness",3,421,0.0137237801927594
"robustness",3,422,0.0168061902921621
"robustness",3,423,0.0153889311867428
"robustness",3,424,0.0148250284697923
"robustness",3,425,0.0140287926309359
"robustness",3,426,0.0166317665781139
"robustness",3,427,0.0145148293251045
"robustness",3,428,0.0146085036582129
"robustness",3,429,0.0138553182421058
"robustness",3,430,0.0153946534837614
"robustness",3,431,0.0153129330326378
"robustness",3,432,0.0133496313874944
"robustness",3,433,0.0123061778243668
"robustness",3,434,0.0127963238155283
"robustness",3,435,0.0114531786570226
"robustness",3,436,0.0127289939373883
"robustness",3,437,0.0168531156868065
"robustness",3,438,0.0179988879061076
"robustness",3,439,0.0163173504977793
"robustness",3,440,0.0152985899637663
"robustness",3,441,0.0145193722396975
"robustness",3,442,0.0142409181345946
"robustness",3,443,0.0152344589231293
"robustness",3,444,0.0155487991872472
"robustness",3,445,0.0152140806114981
"robustness",3,446,0.0154149973203366
"robustness",3,447,0.0164028025661949
"robustness",3,448,0.0120908266911476
"robustness",3,449,0.013370158377665
"robustness",3,450,0.0136513252350956
"robustness",3,451,0.0186039007638394
"robustness",3,452,0.0136871028955921
"robustness",3,453,0.0155741413092601
"robustness",3,454,0.0143713632299689
"robustness",3,455,0.0140273822900717
"robustness",3,456,0.016083681775703
"robustness",3,457,0.0164292924839324
"robustness",3,458,0.0138930916702334
"robustness",3,459,0.0129381680034596
"robustness",3,460,0.0163155301119179
"robustness",3,461,0.0144546973792978
"robustness",3,462,0.0137130353091613
"robustness",3,463,0.0130909222480398
"robustness",3,464,0.0144340451055072
"robustness",3,465,0.0161241659840406
"robustness",3,466,0.0151385748925058
"robustness",3,467,0.0126339684768514
"robustness",3,468,0.0136343289687018
"robustness",3,469,0.0146475678147198
"robustness",3,470,0.0143711090040506
"robustness",3,471,0.0163632486194074
"robustness",3,472,0.0126106964835958
"robustness",3,473,0.0128360684680266
"robustness",3,474,0.0147456562746689
"robustness",3,475,0.0152784661798343
"robustness",3,476,0.0139868502023797
"robustness",3,477,0.0122928251983988
"robustness",3,478,0.0155464850291029
"robustness",3,479,0.011841551587813
"robustness",3,480,0.0145067752447073
"robustness",3,481,0.0148181662979365
"robustness",3,482,0.0146257139741808
"robustness",3,483,0.014240560551929
"robustness",3,484,0.0116111277431048
"robustness",3,485,0.0124300421098681
"robustness",3,486,0.0122326400012672
"robustness",3,487,0.0121291723558137
"robustness",3,488,0.01342035237363
"robustness",3,489,0.0124378843481938
"robustness",3,490,0.0128198915052721
"robustness",3,491,0.0152283869642581
"robustness",3,492,0.0128230595571094
"robustness",3,493,0.0118740443823142
"robustness",3,494,0.0154879053063581
"robustness",3,495,0.0141238685930799
"robustness",3,496,0.0178876942879863
"robustness",3,497,0.0121878621622013
"robustness",3,498,0.0151411710459143
"robustness",3,499,0.0162420653080337
"robustness",3,500,0.0125315509399241
"robustness",3,501,0.0170606885118294
"robustness",3,502,0.0158776778957544
"robustness",3,503,0.015622638837617
"robustness",3,504,0.0144865720739084
"robustness",3,505,0.0146629021193475
"robustness",3,506,0.0150637952255051
"robustness",3,507,0.0160745035483228
"robustness",3,508,0.0125981158969756
"robustness",3,509,0.0143395052086767
"robustness",3,510,0.0119840514980546
"robustness",3,511,0.0158751489910242
"robustness",3,512,0.0153025382457714
"robustness",3,513,0.0173647418873353
"robustness",3,514,0.013699383971282
"robustness",3,515,0.0178978000765545
"robustness",3,516,0.0153738872816625
"robustness",3,517,0.0124868694994832
"robustness",3,518,0.0150053649627504
"robustness",3,519,0.0146793032302977
"robustness",3,520,0.0134860609065537
"robustness",3,521,0.0126834476425154
"robustness",3,522,0.0151486702071733
"robustness",3,523,0.0150404310320367
"robustness",3,524,0.0144291886927014
"robustness",3,525,0.0130267714107595
"robustness",3,526,0.0174153021591473
"robustness",3,527,0.013616088553641
"robustness",3,528,0.016219426662069
"robustness",3,529,0.0116955425421577
"robustness",3,530,0.0122343927884499
"robustness",3,531,0.0159415812320331
"robustness",3,532,0.0156221200530458
"robustness",3,533,0.0143227257214153
"robustness",3,534,0.0146090696027155
"robustness",3,535,0.0151310802296353
"robustness",3,536,0.0156411179105043
"robustness",3,537,0.0131954547908469
"robustness",3,538,0.0156098042253704
"robustness",3,539,0.0125789108902566
"robustness",3,540,0.0121016814887358
"robustness",3,541,0.014445053087096
"robustness",3,542,0.015681000403318
"robustness",3,543,0.0155488494071892
"robustness",3,544,0.0142694904437971
"robustness",3,545,0.0124844237849976
"robustness",3,546,0.0109641623248
"robustness",3,547,0.0138951766695648
"robustness",3,548,0.0150259122097376
"robustness",3,549,0.0119630258533296
"robustness",3,550,0.0143996097723654
"robustness",3,551,0.0141511660017907
"robustness",3,552,0.0171737522053093
"robustness",3,553,0.0138116931666848
"robustness",3,554,0.0157260398145254
"robustness",3,555,0.0134679177378435
"robustness",3,556,0.0181914222183995
"robustness",3,557,0.0145760486914498
"robustness",3,558,0.0150359081573476
"robustness",3,559,0.0134640593463119
"robustness",3,560,0.0134745865777357
"robustness",3,561,0.0146320391202079
"robustness",3,562,0.0151872871277779
"robustness",3,563,0.0159829273300657
"robustness",3,564,0.014045766713521
"robustness",3,565,0.0139811042645201
"robustness",3,566,0.0151319875405605
"robustness",3,567,0.0139042545030429
"robustness",3,568,0.0139325388079592
"robustness",3,569,0.0136549586100229
"robustness",3,570,0.0143897151766696
"robustness",3,571,0.0140292455899266
"robustness",3,572,0.015513539177366
"robustness",3,573,0.0164330935406292
"robustness",3,574,0.0130924145112228
"robustness",3,575,0.0132606086589149
"robustness",3,576,0.0167950077965978
"robustness",3,577,0.0153390427623471
"robustness",3,578,0.0132002272546815
"robustness",3,579,0.0169387206673208
"robustness",3,580,0.015124988787138
"robustness",3,581,0.012778726822887
"robustness",3,582,0.0144792231421916
"robustness",3,583,0.0176593078016317
"robustness",3,584,0.0120346273865071
"robustness",3,585,0.0161478997470999
"robustness",3,586,0.0163482919226985
"robustness",3,587,0.0172665608001047
"robustness",3,588,0.0156286782012943
"robustness",3,589,0.0119553041756586
"robustness",3,590,0.0172359769071763
"robustness",3,591,0.0135397113877286
"robustness",3,592,0.0162935257178
"robustness",3,593,0.0137999845206382
"robustness",3,594,0.017035415373743
"robustness",3,595,0.0130880724854042
"robustness",3,596,0.014494627279565
"robustness",3,597,0.0156533866479987
"robustness",3,598,0.0166608380806384
"robustness",3,599,0.0134403108304307
"robustness",3,600,0.0131450276918597
"robustness",3,601,0.017288632311908
"robustness",3,602,0.0132439717241975
"robustness",3,603,0.0118135829855735
"robustness",3,604,0.014774316842787
"robustness",3,605,0.0135739056244412
"robustness",3,606,0.0118898685664147
"robustness",3,607,0.013874426385471
"robustness",3,608,0.0134974668646293
"robustness",3,609,0.0160549998811289
"robustness",3,610,0.0139453804045487
"robustness",3,611,0.0156613131733217
"robustness",3,612,0.0170343417695035
"robustness",3,613,0.0147952924100944
"robustness",3,614,0.0158748212453033
"robustness",3,615,0.0159486152372152
"robustness",3,616,0.012493759303261
"robustness",3,617,0.0124662997138714
"robustness",3,618,0.0167250710844647
"robustness",3,619,0.0128774089572829
"robustness",3,620,0.0121714032387078
"robustness",3,621,0.0136642041848102
"robustness",3,622,0.0154618739862933
"robustness",3,623,0.0148422898260298
"robustness",3,624,0.0157979345631167
"robustness",3,625,0.0133503493251239
"robustness",3,626,0.0148420588431619
"robustness",3,627,0.0142652780621758
"robustness",3,628,0.0161798032080736
"robustness",3,629,0.0132835731332051
"robustness",3,630,0.0135475928411666
"robustness",3,631,0.0114450479003636
"robustness",3,632,0.0162735132158919
"robustness",3,633,0.0117279233226015
"robustness",3,634,0.0145203559630072
"robustness",3,635,0.0165827102025713
"robustness",3,636,0.0156913589524972
"robustness",3,637,0.0163612147321775
"robustness",3,638,0.0138762298225985
"robustness",3,639,0.0143792278658021
"robustness",3,640,0.0131994981704013
"robustness",3,641,0.0146847199014721
"robustness",3,642,0.0167090493376727
"robustness",3,643,0.0150603691566819
"robustness",3,644,0.0123928727751537
"robustness",3,645,0.0128506602062387
"robustness",3,646,0.0156123634226392
"robustness",3,647,0.0142489569171011
"robustness",3,648,0.0104060110186052
"robustness",3,649,0.0135066847403081
"robustness",3,650,0.0140820698544108
"robustness",3,651,0.0159379832683968
"robustness",3,652,0.0130496973812564
"robustness",3,653,0.0138299005952025
"robustness",3,654,0.0123080136762423
"robustness",3,655,0.0117956692326191
"robustness",3,656,0.0145830246298455
"robustness",3,657,0.0134584313002431
"robustness",3,658,0.0119925556026924
"robustness",3,659,0.0172646663210044
"robustness",3,660,0.0162052030659463
"robustness",3,661,0.015946687551443
"robustness",3,662,0.0139617752818732
"robustness",3,663,0.0143843079934689
"robustness",3,664,0.01588474445119
"robustness",3,665,0.0147539709797129
"robustness",3,666,0.0168436238288203
"robustness",3,667,0.0160984451669101
"robustness",3,668,0.0134084990525389
"robustness",3,669,0.0111575018537712
"robustness",3,670,0.015863604221074
"robustness",3,671,0.0132938246945253
"robustness",3,672,0.012926130809004
"robustness",3,673,0.0119818742192754
"robustness",3,674,0.0167753204318491
"robustness",3,675,0.0154822427395939
"robustness",3,676,0.0142841971129112
"robustness",3,677,0.0128180978823986
"robustness",3,678,0.0147841629711388
"robustness",3,679,0.01459139584276
"robustness",3,680,0.0170971740342284
"robustness",3,681,0.011739993903105
"robustness",3,682,0.0117217314276752
"robustness",3,683,0.0120565700202231
"robustness",3,684,0.0164142924499762
"robustness",3,685,0.0127018785523393
"robustness",3,686,0.0163464375093667
"robustness",3,687,0.0132403579022519
"robustness",3,688,0.0139981720540583
"robustness",3,689,0.0168333276798785
"robustness",3,690,0.0150156516609797
"robustness",3,691,0.0130081478006807
"robustness",3,692,0.0161866688910009
"robustness",3,693,0.0153436487195293
"robustness",3,694,0.016839145230686
"robustness",3,695,0.0140968331513686
"robustness",3,696,0.0158759489890235
"robustness",3,697,0.0149189114599698
"robustness",3,698,0.0140168496822051
"robustness",3,699,0.0146017895599537
"robustness",3,700,0.0146287284164032
"robustness",3,701,0.0151707508379885
"robustness",3,702,0.0132080687479312
"robustness",3,703,0.0107918089571207
"robustness",3,704,0.0127063781682403
"robustness",3,705,0.0156414210885419
"robustness",3,706,0.0112788750434493
"robustness",3,707,0.0118957889894837
"robustness",3,708,0.0130243680632493
"robustness",3,709,0.0144920375920931
"robustness",3,710,0.015036232036864
"robustness",3,711,0.0129091916304092
"robustness",3,712,0.0108464264155244
"robustness",3,713,0.01560139305046
"robustness",3,714,0.0160920958650543
"robustness",3,715,0.0149884652745383
"robustness",3,716,0.0139506085601577
"robustness",3,717,0.0160667370289218
"robustness",3,718,0.0155144971453605
"robustness",3,719,0.0124419896143259
"robustness",3,720,0.0143762858546521
"robustness",3,721,0.015727661232064
"robustness",3,722,0.014954117733869
"robustness",3,723,0.0117514159875676
"robustness",3,724,0.0121995137707912
"robustness",3,725,0.0125607642669326
"robustness",3,726,0.0121068377806887
"robustness",3,727,0.016860565492448
"robustness",3,728,0.0117962055000511
"robustness",3,729,0.0149030701536402
"robustness",3,730,0.0165493451305546
"robustness",3,731,0.0148988842741045
"robustness",3,732,0.0157428037739137
"robustness",3,733,0.00988957187742422
"robustness",3,734,0.0123668712212589
"robustness",3,735,0.0154723225760782
"robustness",3,736,0.0155932751767081
"robustness",3,737,0.0133376667021089
"robustness",3,738,0.0134371423361459
"robustness",3,739,0.0129718959806578
"robustness",3,740,0.011261146023859
"robustness",3,741,0.0144508486044252
"robustness",3,742,0.0158241812407437
"robustness",3,743,0.0138761195293184
"robustness",3,744,0.0135024747261362
"robustness",3,745,0.0163895454379649
"robustness",3,746,0.014372960361113
"robustness",3,747,0.0159102740604329
"robustness",3,748,0.0112832978878928
"robustness",3,749,0.0156618161567384
"robustness",3,750,0.0140520401844105
"robustness",3,751,0.0157845310037052
"robustness",3,752,0.0138110156955847
"robustness",3,753,0.0141140680153949
"robustness",3,754,0.0157335484321338
"robustness",3,755,0.0170422908702923
"robustness",3,756,0.0133684673516712
"robustness",3,757,0.0153184872920078
"robustness",3,758,0.0155185949099107
"robustness",3,759,0.0150361142150894
"robustness",3,760,0.013490259325351
"robustness",3,761,0.012024353224241
"robustness",3,762,0.0151617188825522
"robustness",3,763,0.0143676813916943
"robustness",3,764,0.0135134602086971
"robustness",3,765,0.0149266188365795
"robustness",3,766,0.0165589435814796
"robustness",3,767,0.0150962005274158
"robustness",3,768,0.0173233218411701
"robustness",3,769,0.0140976360760109
"robustness",3,770,0.015618751578848
"robustness",3,771,0.0127952299590385
"robustness",3,772,0.0146606351996775
"robustness",3,773,0.0130400867938449
"robustness",3,774,0.0162552663330365
"robustness",3,775,0.0151960889764506
"robustness",3,776,0.0162730492356906
"robustness",3,777,0.0132223576900158
"robustness",3,778,0.01260982091638
"robustness",3,779,0.016492947444582
"robustness",3,780,0.0142611757565515
"robustness",3,781,0.0165983811664758
"robustness",3,782,0.0126284203996465
"robustness",3,783,0.0141068487142637
"robustness",3,784,0.0128846656260914
"robustness",3,785,0.0145357641955292
"robustness",3,786,0.0143359795799544
"robustness",3,787,0.0120360652800733
"robustness",3,788,0.0158775677407833
"robustness",3,789,0.0159201591451315
"robustness",3,790,0.0139174292234454
"robustness",3,791,0.0127234093778783
"robustness",3,792,0.0151702337043193
"robustness",3,793,0.0125709355855635
"robustness",3,794,0.0129269419007768
"robustness",3,795,0.0144600890865892
"robustness",3,796,0.0146161356856746
"robustness",3,797,0.0180925416242434
"robustness",3,798,0.0127941057136737
"robustness",3,799,0.0166794851018262
"robustness",3,800,0.0114202670320914
"robustness",3,801,0.0139966788967123
"robustness",3,802,0.0148439571041529
"robustness",3,803,0.0168056987840468
"robustness",3,804,0.0139970417302038
"robustness",3,805,0.0140843134096485
"robustness",3,806,0.0127231424941415
"robustness",3,807,0.0127829057422943
"robustness",3,808,0.015641630762092
"robustness",3,809,0.0151781628676563
"robustness",3,810,0.0155737574045534
"robustness",3,811,0.0142828197718791
"robustness",3,812,0.0167269386287907
"robustness",3,813,0.0153873161537615
"robustness",3,814,0.0146475758309973
"robustness",3,815,0.0140639605180354
"robustness",3,816,0.0136847786145534
"robustness",3,817,0.0146643944202352
"robustness",3,818,0.0136803837691165
"robustness",3,819,0.0150747876653819
"robustness",3,820,0.0143483440946913
"robustness",3,821,0.0129795580489391
"robustness",3,822,0.0105320096978964
"robustness",3,823,0.015687047323988
"robustness",3,824,0.0148336465546063
"robustness",3,825,0.0153696917240622
"robustness",3,826,0.01611107207366
"robustness",3,827,0.0120483010032172
"robustness",3,828,0.0153987180219724
"robustness",3,829,0.0118810444370263
"robustness",3,830,0.0157438157748081
"robustness",3,831,0.0161652823188257
"robustness",3,832,0.0174303866022076
"robustness",3,833,0.0151150248485006
"robustness",3,834,0.0175832336170996
"robustness",3,835,0.0153850324926445
"robustness",3,836,0.0157992866439247
"robustness",3,837,0.0151341011989595
"robustness",3,838,0.0154603134137249
"robustness",3,839,0.012997567713472
"robustness",3,840,0.0176734505943668
"robustness",3,841,0.0117452602509752
"robustness",3,842,0.0183473603889397
"robustness",3,843,0.0110249485704066
"robustness",3,844,0.0143389971647814
"robustness",3,845,0.0169888817166771
"robustness",3,846,0.016564144530229
"robustness",3,847,0.0146499908560782
"robustness",3,848,0.0135158613493165
"robustness",3,849,0.0142935413881447
"robustness",3,850,0.012191060111358
"robustness",3,851,0.0142901162202667
"robustness",3,852,0.0119630968886356
"robustness",3,853,0.013172704408164
"robustness",3,854,0.0152387725293969
"robustness",3,855,0.0147650453301312
"robustness",3,856,0.0167359394428514
"robustness",3,857,0.0156889079591585
"robustness",3,858,0.0161453854478776
"robustness",3,859,0.0181418260797802
"robustness",3,860,0.0141975873381692
"robustness",3,861,0.0159505828198198
"robustness",3,862,0.0137812317959709
"robustness",3,863,0.0126712980901038
"robustness",3,864,0.0158670745050718
"robustness",3,865,0.0139016485163419
"robustness",3,866,0.0157673681268084
"robustness",3,867,0.0147503045865732
"robustness",3,868,0.0160601904814563
"robustness",3,869,0.0151770427954822
"robustness",3,870,0.0152375076310358
"robustness",3,871,0.0126398164114672
"robustness",3,872,0.0152290902690407
"robustness",3,873,0.0145985472785392
"robustness",3,874,0.0126285541985416
"robustness",3,875,0.017212047605802
"robustness",3,876,0.0122361269366211
"robustness",3,877,0.0139305454385728
"robustness",3,878,0.0152618953883081
"robustness",3,879,0.0134919573235297
"robustness",3,880,0.0136649632180843
"robustness",3,881,0.0143335605891997
"robustness",3,882,0.0127416780887966
"robustness",3,883,0.0166057834127303
"robustness",3,884,0.0157997379069696
"robustness",3,885,0.0134494741695962
"robustness",3,886,0.0162299365907796
"robustness",3,887,0.0165904367841615
"robustness",3,888,0.0146734961767925
"robustness",3,889,0.0141752250482028
"robustness",3,890,0.0123911269726768
"robustness",3,891,0.0141007885758451
"robustness",3,892,0.0147545661184687
"robustness",3,893,0.0142211080314288
"robustness",3,894,0.0134850591158739
"robustness",3,895,0.0151920239522777
"robustness",3,896,0.0128638405835566
"robustness",3,897,0.0163173037403644
"robustness",3,898,0.0162672417540578
"robustness",3,899,0.0135702048284759
"robustness",3,900,0.0129502401182338
"robustness",3,901,0.0159949404477036
"robustness",3,902,0.0136633018405643
"robustness",3,903,0.0146776940943202
"robustness",3,904,0.0165747134595212
"robustness",3,905,0.0147913266165087
"robustness",3,906,0.0154202030569061
"robustness",3,907,0.0155988522291883
"robustness",3,908,0.014159336523039
"robustness",3,909,0.0156820895862278
"robustness",3,910,0.0139510021109282
"robustness",3,911,0.0130024265977245
"robustness",3,912,0.0138424359989892
"robustness",3,913,0.0191163347683902
"robustness",3,914,0.0160856481627545
"robustness",3,915,0.0130047627627199
"robustness",3,916,0.0115057847539874
"robustness",3,917,0.0146550094853711
"robustness",3,918,0.0152595544373555
"robustness",3,919,0.0138296632951293
"robustness",3,920,0.0155193044422842
"robustness",3,921,0.0148088764404871
"robustness",3,922,0.0181487901794805
"robustness",3,923,0.0136816341937363
"robustness",3,924,0.0125256430286144
"robustness",3,925,0.0128157489556641
"robustness",3,926,0.0138613492698597
"robustness",3,927,0.0139770561129291
"robustness",3,928,0.0133731396500156
"robustness",3,929,0.0127947361659638
"robustness",3,930,0.0117572447819993
"robustness",3,931,0.0141038891756259
"robustness",3,932,0.0152592663461656
"robustness",3,933,0.0142711116399969
"robustness",3,934,0.0150574697516823
"robustness",3,935,0.013257899676233
"robustness",3,936,0.015066594783809
"robustness",3,937,0.0155989357193487
"robustness",3,938,0.0165594072540818
"robustness",3,939,0.0121682906881134
"robustness",3,940,0.0127463890665359
"robustness",3,941,0.0142139114454077
"robustness",3,942,0.0181262672136362
"robustness",3,943,0.0166431300282753
"robustness",3,944,0.0143500931155133
"robustness",3,945,0.0135606101775221
"robustness",3,946,0.0155801614007415
"robustness",3,947,0.017062616798978
"robustness",3,948,0.0164396354887433
"robustness",3,949,0.0129876421202526
"robustness",3,950,0.0140241714341005
"robustness",3,951,0.0145216923030625
"robustness",3,952,0.0148697985603856
"robustness",3,953,0.0141836373068183
"robustness",3,954,0.0152971893024002
"robustness",3,955,0.0116554656576301
"robustness",3,956,0.0117630498053675
"robustness",3,957,0.014901586356512
"robustness",3,958,0.0126942902247597
"robustness",3,959,0.0161206611135727
"robustness",3,960,0.0132845861733823
"robustness",3,961,0.0121682639485293
"robustness",3,962,0.014608487192065
"robustness",3,963,0.0173837568342847
"robustness",3,964,0.014662684171198
"robustness",3,965,0.0158477226128221
"robustness",3,966,0.0136922401047694
"robustness",3,967,0.015394090849036
"robustness",3,968,0.0126790444553748
"robustness",3,969,0.0128957596674843
"robustness",3,970,0.0145299005668659
"robustness",3,971,0.0143664290791139
"robustness",3,972,0.0123740773588881
"robustness",3,973,0.0148271913223555
"robustness",3,974,0.0168318245096587
"robustness",3,975,0.0130117831561078
"robustness",3,976,0.0148087116723749
"robustness",3,977,0.0120139352172739
"robustness",3,978,0.0127450514507795
"robustness",3,979,0.0171593037699988
"robustness",3,980,0.014457955408358
"robustness",3,981,0.012959199356223
"robustness",3,982,0.0120279349114464
"robustness",3,983,0.0141953544261817
"robustness",3,984,0.017496064184316
"robustness",3,985,0.0174859576412936
"robustness",3,986,0.0127022969042953
"robustness",3,987,0.0168937853707083
"robustness",3,988,0.0153806564226392
"robustness",3,989,0.0179058024741315
"robustness",3,990,0.0134164385839958
"robustness",3,991,0.0150960575953163
"robustness",3,992,0.0142737156558633
"robustness",3,993,0.0149816593815963
"robustness",3,994,0.0154792776273055
"robustness",3,995,0.0121926898576116
"robustness",3,996,0.0166736872464087
"robustness",3,997,0.0136221684700872
"robustness",3,998,0.0173248937954674
"robustness",3,999,0.0125241152875168
"robustness",3,1000,0.0172651141170973
"robustness",4,1,0.0201103856428394
"robustness",4,2,0.0198114254929524
"robustness",4,3,0.0217181433556011
"robustness",4,4,0.0184657455854751
"robustness",4,5,0.022850866241376
"robustness",4,6,0.0213917753537749
"robustness",4,7,0.0171227308815915
"robustness",4,8,0.0241023002533371
"robustness",4,9,0.0229771446633512
"robustness",4,10,0.0228923334907695
"robustness",4,11,0.0245898630774671
"robustness",4,12,0.0256541488325269
"robustness",4,13,0.0207477216988319
"robustness",4,14,0.019253065913993
"robustness",4,15,0.0185239396113833
"robustness",4,16,0.0190749151373171
"robustness",4,17,0.0216649047158274
"robustness",4,18,0.0219702128226548
"robustness",4,19,0.0222750792156424
"robustness",4,20,0.0201733297882496
"robustness",4,21,0.0250861364632341
"robustness",4,22,0.0231245231030762
"robustness",4,23,0.0192264531772273
"robustness",4,24,0.0221328726921558
"robustness",4,25,0.0196782562023519
"robustness",4,26,0.0242135434621577
"robustness",4,27,0.0252525982559087
"robustness",4,28,0.0222253740043066
"robustness",4,29,0.0235209135144018
"robustness",4,30,0.0196976506775831
"robustness",4,31,0.0231085891985849
"robustness",4,32,0.0203948710868147
"robustness",4,33,0.0210697533067388
"robustness",4,34,0.0224978900176126
"robustness",4,35,0.0231708672102149
"robustness",4,36,0.0242091637222284
"robustness",4,37,0.0243680474477692
"robustness",4,38,0.0196603824842503
"robustness",4,39,0.0258405495600215
"robustness",4,40,0.0175170561724529
"robustness",4,41,0.0240398009619087
"robustness",4,42,0.0202709960910373
"robustness",4,43,0.0220867603260399
"robustness",4,44,0.0211970437645684
"robustness",4,45,0.0234446785241712
"robustness",4,46,0.0214426778663952
"robustness",4,47,0.0234479500666756
"robustness",4,48,0.0196811826754283
"robustness",4,49,0.020476084386879
"robustness",4,50,0.0208780546097584
"robustness",4,51,0.0208754408674455
"robustness",4,52,0.0200051613444917
"robustness",4,53,0.0221645784565616
"robustness",4,54,0.0234011876709296
"robustness",4,55,0.0200679855265305
"robustness",4,56,0.0219305531637293
"robustness",4,57,0.0211166687077407
"robustness",4,58,0.019633398183829
"robustness",4,59,0.0216831801268009
"robustness",4,60,0.0257190156390827
"robustness",4,61,0.017996867836979
"robustness",4,62,0.0210863839300358
"robustness",4,63,0.0229401177571475
"robustness",4,64,0.0198305823496885
"robustness",4,65,0.0192055723324441
"robustness",4,66,0.0197818390775652
"robustness",4,67,0.0187643249538855
"robustness",4,68,0.0237006491037225
"robustness",4,69,0.0227778403059704
"robustness",4,70,0.020184502071676
"robustness",4,71,0.0244532681124257
"robustness",4,72,0.0208529068216664
"robustness",4,73,0.021488200944672
"robustness",4,74,0.0204082728684037
"robustness",4,75,0.0212182886111383
"robustness",4,76,0.0228368540377887
"robustness",4,77,0.0207287944063293
"robustness",4,78,0.0182251489905631
"robustness",4,79,0.0221997480924336
"robustness",4,80,0.020605008694853
"robustness",4,81,0.0245561187810628
"robustness",4,82,0.0198789802517773
"robustness",4,83,0.0230629198716221
"robustness",4,84,0.0228066060183628
"robustness",4,85,0.0235781305090533
"robustness",4,86,0.02178286855517
"robustness",4,87,0.0224336698898717
"robustness",4,88,0.0222591787617651
"robustness",4,89,0.0264136772742348
"robustness",4,90,0.0204685110909923
"robustness",4,91,0.0209603702005913
"robustness",4,92,0.0194173682551096
"robustness",4,93,0.020372878567084
"robustness",4,94,0.0207241899913432
"robustness",4,95,0.0186288202480282
"robustness",4,96,0.0186937332643841
"robustness",4,97,0.0213342220140688
"robustness",4,98,0.0208752113612153
"robustness",4,99,0.0217380920297959
"robustness",4,100,0.0243236380280271
"robustness",4,101,0.0218124723184451
"robustness",4,102,0.0224272200265344
"robustness",4,103,0.0223159000603123
"robustness",4,104,0.0229460841374501
"robustness",4,105,0.0216813522176715
"robustness",4,106,0.0202405501222416
"robustness",4,107,0.024257966215023
"robustness",4,108,0.023893658305649
"robustness",4,109,0.0200659803571817
"robustness",4,110,0.0224998993608335
"robustness",4,111,0.0213133385428231
"robustness",4,112,0.0180314075954414
"robustness",4,113,0.0245437162010914
"robustness",4,114,0.0184794909897324
"robustness",4,115,0.0229724814212059
"robustness",4,116,0.0225500742242234
"robustness",4,117,0.0187191385274604
"robustness",4,118,0.0179802075345749
"robustness",4,119,0.0225568755113266
"robustness",4,120,0.0239654680855743
"robustness",4,121,0.0192295182892485
"robustness",4,122,0.0237574187608689
"robustness",4,123,0.0210351342373496
"robustness",4,124,0.0246546463234855
"robustness",4,125,0.0239256827070319
"robustness",4,126,0.0190886319448027
"robustness",4,127,0.0196942841156619
"robustness",4,128,0.0221717164334572
"robustness",4,129,0.0211707037770687
"robustness",4,130,0.0211490732210661
"robustness",4,131,0.0193950572900866
"robustness",4,132,0.0272803956831536
"robustness",4,133,0.0195199606901774
"robustness",4,134,0.0212894213867565
"robustness",4,135,0.0247558459114279
"robustness",4,136,0.025018627949693
"robustness",4,137,0.0234040993814901
"robustness",4,138,0.0205097653168314
"robustness",4,139,0.0215042273939854
"robustness",4,140,0.0186880674597598
"robustness",4,141,0.0229986847356816
"robustness",4,142,0.0238595989821596
"robustness",4,143,0.0182370865837688
"robustness",4,144,0.0202641397821768
"robustness",4,145,0.0186437355934655
"robustness",4,146,0.0191253275478726
"robustness",4,147,0.0223904508260347
"robustness",4,148,0.0260515269206186
"robustness",4,149,0.0207999045421025
"robustness",4,150,0.0240736211426533
"robustness",4,151,0.0207521454825443
"robustness",4,152,0.0209221452587384
"robustness",4,153,0.0227214125560337
"robustness",4,154,0.0205844720230427
"robustness",4,155,0.0173285603096393
"robustness",4,156,0.0230274916895566
"robustness",4,157,0.0229613207687636
"robustness",4,158,0.0234975302376529
"robustness",4,159,0.022884174288045
"robustness",4,160,0.0233657818758883
"robustness",4,161,0.01951979814403
"robustness",4,162,0.0222623026780071
"robustness",4,163,0.0207971044824111
"robustness",4,164,0.0225819457403834
"robustness",4,165,0.0180786685618996
"robustness",4,166,0.0201102499163219
"robustness",4,167,0.0204218624033277
"robustness",4,168,0.0195001545529464
"robustness",4,169,0.0234753741706518
"robustness",4,170,0.0231603873437005
"robustness",4,171,0.0191234429108816
"robustness",4,172,0.0198618750277066
"robustness",4,173,0.0210148132734359
"robustness",4,174,0.0216294755768333
"robustness",4,175,0.0230305513890895
"robustness",4,176,0.0232721003356645
"robustness",4,177,0.0200465433316668
"robustness",4,178,0.0223947608531744
"robustness",4,179,0.0247570931071988
"robustness",4,180,0.0191309618084423
"robustness",4,181,0.0183843648744036
"robustness",4,182,0.0205391297918526
"robustness",4,183,0.0201411873626573
"robustness",4,184,0.0221616815727012
"robustness",4,185,0.0234130327022986
"robustness",4,186,0.0212031024695054
"robustness",4,187,0.0206808461449384
"robustness",4,188,0.0210788264109739
"robustness",4,189,0.0236143244425242
"robustness",4,190,0.0248894515202062
"robustness",4,191,0.0187385710259447
"robustness",4,192,0.020161606820689
"robustness",4,193,0.0228328472975987
"robustness",4,194,0.0220912709151201
"robustness",4,195,0.0199427211882384
"robustness",4,196,0.0220531078858289
"robustness",4,197,0.024656428718247
"robustness",4,198,0.0185803523668387
"robustness",4,199,0.0242070247106378
"robustness",4,200,0.0204991067963756
"robustness",4,201,0.0238030308994727
"robustness",4,202,0.0220585644092801
"robustness",4,203,0.0241438946609348
"robustness",4,204,0.0227426715013951
"robustness",4,205,0.0242301818662441
"robustness",4,206,0.0213195018168948
"robustness",4,207,0.018623975109751
"robustness",4,208,0.0207139123214019
"robustness",4,209,0.0222139394308692
"robustness",4,210,0.0210735163852656
"robustness",4,211,0.0211669077918457
"robustness",4,212,0.0220191752168802
"robustness",4,213,0.0192676260653979
"robustness",4,214,0.0193189455842476
"robustness",4,215,0.0212840695718316
"robustness",4,216,0.0211557136093665
"robustness",4,217,0.0210825720984141
"robustness",4,218,0.0245404574316435
"robustness",4,219,0.0234592654669853
"robustness",4,220,0.0231536586895207
"robustness",4,221,0.0194998280598527
"robustness",4,222,0.0222214372391796
"robustness",4,223,0.0204240908190079
"robustness",4,224,0.0231081186790998
"robustness",4,225,0.019836940051621
"robustness",4,226,0.0207031020836655
"robustness",4,227,0.0204308577806804
"robustness",4,228,0.0216632112562619
"robustness",4,229,0.0205335509978574
"robustness",4,230,0.0199513974782673
"robustness",4,231,0.0203140386385189
"robustness",4,232,0.0182013432733115
"robustness",4,233,0.0216028006429037
"robustness",4,234,0.020943302155404
"robustness",4,235,0.0207021406119166
"robustness",4,236,0.0212666728521739
"robustness",4,237,0.0217720388700521
"robustness",4,238,0.0228709459697282
"robustness",4,239,0.0187420244075833
"robustness",4,240,0.0190493529732913
"robustness",4,241,0.0212779927198421
"robustness",4,242,0.0188437471144965
"robustness",4,243,0.0208964691278374
"robustness",4,244,0.0217292485977881
"robustness",4,245,0.0180369657657076
"robustness",4,246,0.0216803937926644
"robustness",4,247,0.0242051327415936
"robustness",4,248,0.0203298827934788
"robustness",4,249,0.0213512979354346
"robustness",4,250,0.0253336728276643
"robustness",4,251,0.020385462664655
"robustness",4,252,0.0219166704242716
"robustness",4,253,0.0235198979278183
"robustness",4,254,0.0212059163104532
"robustness",4,255,0.0215029630674456
"robustness",4,256,0.022927825311626
"robustness",4,257,0.0171176626893344
"robustness",4,258,0.0196433862713148
"robustness",4,259,0.0204882767140642
"robustness",4,260,0.0192850388172155
"robustness",4,261,0.0224742921678104
"robustness",4,262,0.0180725877810345
"robustness",4,263,0.0211062769762578
"robustness",4,264,0.0168250309383697
"robustness",4,265,0.0227675360176171
"robustness",4,266,0.0212956108705072
"robustness",4,267,0.020301994964595
"robustness",4,268,0.0177665072909095
"robustness",4,269,0.0233637698509797
"robustness",4,270,0.0238313334180821
"robustness",4,271,0.0205027479250939
"robustness",4,272,0.0261774737128191
"robustness",4,273,0.0216452421642691
"robustness",4,274,0.0214586162453407
"robustness",4,275,0.0193392094516755
"robustness",4,276,0.0218051130365177
"robustness",4,277,0.024160127698824
"robustness",4,278,0.0209260604866455
"robustness",4,279,0.0187930323365365
"robustness",4,280,0.0170837581740075
"robustness",4,281,0.023577892136295
"robustness",4,282,0.0196207230799751
"robustness",4,283,0.0228208726109171
"robustness",4,284,0.0236595211574652
"robustness",4,285,0.0208451671478296
"robustness",4,286,0.0204447483926324
"robustness",4,287,0.0186825721695404
"robustness",4,288,0.0219887658160983
"robustness",4,289,0.0258919621065958
"robustness",4,290,0.0228039038318468
"robustness",4,291,0.0233235693439761
"robustness",4,292,0.0190993583411984
"robustness",4,293,0.0234156078273438
"robustness",4,294,0.0202114908915585
"robustness",4,295,0.0249545211856166
"robustness",4,296,0.0217238641691482
"robustness",4,297,0.019377667822474
"robustness",4,298,0.0248435779844611
"robustness",4,299,0.0205300912974398
"robustness",4,300,0.0230871742568371
"robustness",4,301,0.0205015649233461
"robustness",4,302,0.0191054651052301
"robustness",4,303,0.0203558757935706
"robustness",4,304,0.0210258395133155
"robustness",4,305,0.0195530782214003
"robustness",4,306,0.0223439389803229
"robustness",4,307,0.0232784362532196
"robustness",4,308,0.021006011467765
"robustness",4,309,0.0232940317138883
"robustness",4,310,0.0210911367106659
"robustness",4,311,0.0212073757059335
"robustness",4,312,0.0227532587454126
"robustness",4,313,0.0200407455894607
"robustness",4,314,0.0220130180976481
"robustness",4,315,0.02092496502377
"robustness",4,316,0.0201996269812771
"robustness",4,317,0.0223098869923541
"robustness",4,318,0.0230300250895328
"robustness",4,319,0.019132809531363
"robustness",4,320,0.0208307049800582
"robustness",4,321,0.023239434430643
"robustness",4,322,0.0182204172362589
"robustness",4,323,0.0262272306010162
"robustness",4,324,0.020226321677474
"robustness",4,325,0.0210364557322658
"robustness",4,326,0.0236028991179779
"robustness",4,327,0.0239385853766405
"robustness",4,328,0.0254849838620107
"robustness",4,329,0.0206244949249617
"robustness",4,330,0.0228315378533233
"robustness",4,331,0.0212560610003545
"robustness",4,332,0.0237614313585169
"robustness",4,333,0.0214083389858224
"robustness",4,334,0.0196284193589513
"robustness",4,335,0.021747117179276
"robustness",4,336,0.0234393165602977
"robustness",4,337,0.0257229463790084
"robustness",4,338,0.0210690620895197
"robustness",4,339,0.0178130994880859
"robustness",4,340,0.0234762738875297
"robustness",4,341,0.0188231097398183
"robustness",4,342,0.0228937791280103
"robustness",4,343,0.0197826416649612
"robustness",4,344,0.0200047000787183
"robustness",4,345,0.0185645793426031
"robustness",4,346,0.0179697227633392
"robustness",4,347,0.0224559459493008
"robustness",4,348,0.0205441683669
"robustness",4,349,0.0189183981179196
"robustness",4,350,0.021128617360848
"robustness",4,351,0.0213663083776354
"robustness",4,352,0.0206525807402594
"robustness",4,353,0.0223861744540913
"robustness",4,354,0.022372993470673
"robustness",4,355,0.0196126050564683
"robustness",4,356,0.020484399351809
"robustness",4,357,0.0191658825934147
"robustness",4,358,0.0231001040218831
"robustness",4,359,0.0208188261247907
"robustness",4,360,0.0201295373292234
"robustness",4,361,0.0217540916732268
"robustness",4,362,0.0232033861978722
"robustness",4,363,0.0206143997767287
"robustness",4,364,0.0191781608341907
"robustness",4,365,0.0212314900700197
"robustness",4,366,0.0211785052036261
"robustness",4,367,0.0199221528070248
"robustness",4,368,0.0227811222478049
"robustness",4,369,0.0196531430048177
"robustness",4,370,0.0209152338549761
"robustness",4,371,0.0221676845064014
"robustness",4,372,0.0262336481754188
"robustness",4,373,0.0224110682041777
"robustness",4,374,0.020992568313433
"robustness",4,375,0.0205282171064527
"robustness",4,376,0.019107496250945
"robustness",4,377,0.0233941016429529
"robustness",4,378,0.0238649993053582
"robustness",4,379,0.0200237302890766
"robustness",4,380,0.0228563845955791
"robustness",4,381,0.0209572838174786
"robustness",4,382,0.0186155758242031
"robustness",4,383,0.0210026509045523
"robustness",4,384,0.0256523778302242
"robustness",4,385,0.0216306999493792
"robustness",4,386,0.0210351644863919
"robustness",4,387,0.0214885465625857
"robustness",4,388,0.0209645197807416
"robustness",4,389,0.0190849496447475
"robustness",4,390,0.0205127705570139
"robustness",4,391,0.0242593045961526
"robustness",4,392,0.0229320393342528
"robustness",4,393,0.0194982124355177
"robustness",4,394,0.0178440608379415
"robustness",4,395,0.0188648806756786
"robustness",4,396,0.018226013203416
"robustness",4,397,0.0210943433891337
"robustness",4,398,0.0220193693056848
"robustness",4,399,0.0223227363926184
"robustness",4,400,0.0199938554345399
"robustness",4,401,0.0208679837196566
"robustness",4,402,0.0217295784364414
"robustness",4,403,0.0193345958261072
"robustness",4,404,0.0248392269371124
"robustness",4,405,0.0226871467804308
"robustness",4,406,0.0203437680199017
"robustness",4,407,0.0218003208349837
"robustness",4,408,0.0187213259558295
"robustness",4,409,0.0191083193867761
"robustness",4,410,0.0177174467758837
"robustness",4,411,0.0236974984665511
"robustness",4,412,0.0224517880138945
"robustness",4,413,0.021828830507663
"robustness",4,414,0.0186787497992242
"robustness",4,415,0.018530642953517
"robustness",4,416,0.0213400597490899
"robustness",4,417,0.0215779758892319
"robustness",4,418,0.0250161636222296
"robustness",4,419,0.0245290005672556
"robustness",4,420,0.0228092369895973
"robustness",4,421,0.0207014604717067
"robustness",4,422,0.0237648729933777
"robustness",4,423,0.0215533725089844
"robustness",4,424,0.0205186956753873
"robustness",4,425,0.0222639696420319
"robustness",4,426,0.0219694369088181
"robustness",4,427,0.0206264716506045
"robustness",4,428,0.0197865312305629
"robustness",4,429,0.0204896984260297
"robustness",4,430,0.0227586518284609
"robustness",4,431,0.0224001733670428
"robustness",4,432,0.0193731771806786
"robustness",4,433,0.0181138893764423
"robustness",4,434,0.0193547168746821
"robustness",4,435,0.0162841450750818
"robustness",4,436,0.0200480654235848
"robustness",4,437,0.0228007100424615
"robustness",4,438,0.0251607621380279
"robustness",4,439,0.0250572697878378
"robustness",4,440,0.0219658705560061
"robustness",4,441,0.0224778005516079
"robustness",4,442,0.0222707952821565
"robustness",4,443,0.0227692322313127
"robustness",4,444,0.0224503011943025
"robustness",4,445,0.0215262076402744
"robustness",4,446,0.0222020718520931
"robustness",4,447,0.023183201743105
"robustness",4,448,0.0178134354946605
"robustness",4,449,0.0188345038987311
"robustness",4,450,0.0214341429980133
"robustness",4,451,0.02535589747181
"robustness",4,452,0.0203163653130008
"robustness",4,453,0.0223604167541477
"robustness",4,454,0.0224663617033354
"robustness",4,455,0.0199138872040188
"robustness",4,456,0.0219528280832222
"robustness",4,457,0.026515688274332
"robustness",4,458,0.0197099847155344
"robustness",4,459,0.0190204658434579
"robustness",4,460,0.0233163335231431
"robustness",4,461,0.0224781610250773
"robustness",4,462,0.0213251107842042
"robustness",4,463,0.0200936380620293
"robustness",4,464,0.0213589058899015
"robustness",4,465,0.0221180142821731
"robustness",4,466,0.0224742085075588
"robustness",4,467,0.0192578307410529
"robustness",4,468,0.018758522768991
"robustness",4,469,0.0214311118449814
"robustness",4,470,0.0215317314033455
"robustness",4,471,0.0241713314564076
"robustness",4,472,0.0193606163852806
"robustness",4,473,0.0191494874825214
"robustness",4,474,0.0219447741473535
"robustness",4,475,0.0219665916819058
"robustness",4,476,0.021118120622126
"robustness",4,477,0.0209645595291802
"robustness",4,478,0.0233701937161218
"robustness",4,479,0.0179331128467061
"robustness",4,480,0.0214937460160897
"robustness",4,481,0.022305564040492
"robustness",4,482,0.0226368638882591
"robustness",4,483,0.0214239761845494
"robustness",4,484,0.0183570309974188
"robustness",4,485,0.0190954731892077
"robustness",4,486,0.0210435518760852
"robustness",4,487,0.019475303524772
"robustness",4,488,0.0191459092372864
"robustness",4,489,0.02091920707992
"robustness",4,490,0.01906095747634
"robustness",4,491,0.0206018117292406
"robustness",4,492,0.0200107498110697
"robustness",4,493,0.0191275568294755
"robustness",4,494,0.023306014450086
"robustness",4,495,0.019881692287127
"robustness",4,496,0.026293227869415
"robustness",4,497,0.0186241354141728
"robustness",4,498,0.0221716359339776
"robustness",4,499,0.0219832799356685
"robustness",4,500,0.0200902973458605
"robustness",4,501,0.0253983042687081
"robustness",4,502,0.0234051629982358
"robustness",4,503,0.0223006069179544
"robustness",4,504,0.0216187323971296
"robustness",4,505,0.0221119408265018
"robustness",4,506,0.021991208495442
"robustness",4,507,0.0218478598458292
"robustness",4,508,0.0201070379830808
"robustness",4,509,0.0204651745742246
"robustness",4,510,0.0193603290125987
"robustness",4,511,0.0236933234462094
"robustness",4,512,0.0238066318287302
"robustness",4,513,0.0258068481377657
"robustness",4,514,0.0199104477895546
"robustness",4,515,0.0253973820593566
"robustness",4,516,0.0228363589065731
"robustness",4,517,0.0208232318223075
"robustness",4,518,0.0208479068057568
"robustness",4,519,0.0205282183211726
"robustness",4,520,0.0182380417844591
"robustness",4,521,0.0186903705698065
"robustness",4,522,0.0246713511042288
"robustness",4,523,0.0218843903124185
"robustness",4,524,0.0204077025300164
"robustness",4,525,0.0210211097114959
"robustness",4,526,0.0225251514019717
"robustness",4,527,0.0190974553803153
"robustness",4,528,0.0237844112532285
"robustness",4,529,0.0184245312946067
"robustness",4,530,0.0188098308244832
"robustness",4,531,0.0213624210466573
"robustness",4,532,0.0231300754925359
"robustness",4,533,0.0204044211049651
"robustness",4,534,0.0204830429866041
"robustness",4,535,0.0226359022072408
"robustness",4,536,0.0211433917959084
"robustness",4,537,0.0218154343184177
"robustness",4,538,0.02227415772489
"robustness",4,539,0.0178918750011486
"robustness",4,540,0.0193570124936085
"robustness",4,541,0.0220446543952747
"robustness",4,542,0.0215320765403529
"robustness",4,543,0.0224723665098515
"robustness",4,544,0.0210615371801579
"robustness",4,545,0.0191179549257774
"robustness",4,546,0.016793014846749
"robustness",4,547,0.0205913201521734
"robustness",4,548,0.0215878078728332
"robustness",4,549,0.0173339115044029
"robustness",4,550,0.0231305564662923
"robustness",4,551,0.0221744237739598
"robustness",4,552,0.0254832719763456
"robustness",4,553,0.0210252766411028
"robustness",4,554,0.0226311922457549
"robustness",4,555,0.0213391536038646
"robustness",4,556,0.0267546738041885
"robustness",4,557,0.0238258055337176
"robustness",4,558,0.0212630165882906
"robustness",4,559,0.0190074841701929
"robustness",4,560,0.0206453366462858
"robustness",4,561,0.0218452987168519
"robustness",4,562,0.0227155846275927
"robustness",4,563,0.0231469610797924
"robustness",4,564,0.0215421578187933
"robustness",4,565,0.0201991180543166
"robustness",4,566,0.0219567804368113
"robustness",4,567,0.0211274444465916
"robustness",4,568,0.021610030590618
"robustness",4,569,0.0202422060008513
"robustness",4,570,0.0219836270634621
"robustness",4,571,0.0201804114573418
"robustness",4,572,0.0215682692613002
"robustness",4,573,0.0237398200941469
"robustness",4,574,0.0189892870092018
"robustness",4,575,0.0204794638775157
"robustness",4,576,0.0236350895945773
"robustness",4,577,0.0207100818334229
"robustness",4,578,0.0191428362444908
"robustness",4,579,0.0247811481218125
"robustness",4,580,0.0212805589699008
"robustness",4,581,0.0185828587742033
"robustness",4,582,0.0204388781098878
"robustness",4,583,0.0257788233032131
"robustness",4,584,0.0172906193435693
"robustness",4,585,0.0217215346767942
"robustness",4,586,0.0242274253908109
"robustness",4,587,0.0259917111780391
"robustness",4,588,0.0240249217478234
"robustness",4,589,0.020425246099085
"robustness",4,590,0.0234582589593506
"robustness",4,591,0.0212094050303808
"robustness",4,592,0.0252440170494667
"robustness",4,593,0.0201849253393838
"robustness",4,594,0.0237885481964934
"robustness",4,595,0.0192125798922774
"robustness",4,596,0.0220644397786797
"robustness",4,597,0.0238234517083613
"robustness",4,598,0.0229251432306794
"robustness",4,599,0.0211839619565245
"robustness",4,600,0.018513338142385
"robustness",4,601,0.023676001124579
"robustness",4,602,0.0197408502052173
"robustness",4,603,0.0180219580206082
"robustness",4,604,0.0228592306660271
"robustness",4,605,0.0199674808746971
"robustness",4,606,0.0195717507188516
"robustness",4,607,0.0203684943094681
"robustness",4,608,0.01993430429531
"robustness",4,609,0.0235056849953556
"robustness",4,610,0.021450217157603
"robustness",4,611,0.021292236439785
"robustness",4,612,0.0239077143949844
"robustness",4,613,0.0216882345871181
"robustness",4,614,0.0242634885805837
"robustness",4,615,0.0223612484523432
"robustness",4,616,0.0200741475469582
"robustness",4,617,0.0214518575074918
"robustness",4,618,0.0234052650654487
"robustness",4,619,0.0212138413883267
"robustness",4,620,0.0190164895391926
"robustness",4,621,0.0215758958190284
"robustness",4,622,0.0231700446480078
"robustness",4,623,0.0228767323781607
"robustness",4,624,0.0220634815313888
"robustness",4,625,0.0193153514767725
"robustness",4,626,0.0228522615363797
"robustness",4,627,0.02272168390272
"robustness",4,628,0.0243423257623333
"robustness",4,629,0.0206371758624104
"robustness",4,630,0.0204487340687831
"robustness",4,631,0.0171637558674634
"robustness",4,632,0.0252586984649621
"robustness",4,633,0.0184281435636195
"robustness",4,634,0.0216748811065834
"robustness",4,635,0.0222761143876179
"robustness",4,636,0.0241453769043633
"robustness",4,637,0.0233605836553217
"robustness",4,638,0.0204412995798527
"robustness",4,639,0.0206976399375405
"robustness",4,640,0.021929845918261
"robustness",4,641,0.0214452578611844
"robustness",4,642,0.0241310091441711
"robustness",4,643,0.0227843120842459
"robustness",4,644,0.0186182505622178
"robustness",4,645,0.0192547779996492
"robustness",4,646,0.0214218853820904
"robustness",4,647,0.0223131219718655
"robustness",4,648,0.0161871818260682
"robustness",4,649,0.0202842074573218
"robustness",4,650,0.0218117133035063
"robustness",4,651,0.0227715233512957
"robustness",4,652,0.0184986846048237
"robustness",4,653,0.0198145506002089
"robustness",4,654,0.0203875597921677
"robustness",4,655,0.019034636402191
"robustness",4,656,0.0216645550121873
"robustness",4,657,0.0195302736606153
"robustness",4,658,0.0163388170547431
"robustness",4,659,0.0227351391010967
"robustness",4,660,0.0234161689213793
"robustness",4,661,0.0225658547026137
"robustness",4,662,0.0218370685447152
"robustness",4,663,0.0209165439358337
"robustness",4,664,0.0238840698151243
"robustness",4,665,0.0206483632908868
"robustness",4,666,0.0239600339202103
"robustness",4,667,0.0228913328096262
"robustness",4,668,0.0217225509103343
"robustness",4,669,0.0176274771644258
"robustness",4,670,0.0230149611449568
"robustness",4,671,0.0203175459996095
"robustness",4,672,0.0207031523632483
"robustness",4,673,0.018219520538196
"robustness",4,674,0.0242302549479437
"robustness",4,675,0.0227987604077703
"robustness",4,676,0.02055001841724
"robustness",4,677,0.0196306420767367
"robustness",4,678,0.0218219692338425
"robustness",4,679,0.0210486076166064
"robustness",4,680,0.0247756923364393
"robustness",4,681,0.0188229815724558
"robustness",4,682,0.0201188408309632
"robustness",4,683,0.0187369785981535
"robustness",4,684,0.0242165267260145
"robustness",4,685,0.018618314328128
"robustness",4,686,0.0233352185459809
"robustness",4,687,0.0208099026346647
"robustness",4,688,0.0206892428698568
"robustness",4,689,0.0237188790922051
"robustness",4,690,0.0232693730256659
"robustness",4,691,0.0204676445270804
"robustness",4,692,0.0230212065317587
"robustness",4,693,0.0219968293420345
"robustness",4,694,0.0252948775102579
"robustness",4,695,0.020535419889806
"robustness",4,696,0.0233298909805722
"robustness",4,697,0.0213020829133254
"robustness",4,698,0.018480446694046
"robustness",4,699,0.0217765618671519
"robustness",4,700,0.021008586652984
"robustness",4,701,0.0230894296936184
"robustness",4,702,0.0201648043855909
"robustness",4,703,0.0162632980720115
"robustness",4,704,0.0203449269606341
"robustness",4,705,0.0227497534706029
"robustness",4,706,0.0164475238072014
"robustness",4,707,0.0178783125570501
"robustness",4,708,0.0190309930241351
"robustness",4,709,0.0212464505107566
"robustness",4,710,0.0206076611456083
"robustness",4,711,0.0186606718842683
"robustness",4,712,0.0160391109764314
"robustness",4,713,0.0232819004568643
"robustness",4,714,0.0225476090566714
"robustness",4,715,0.021742469105834
"robustness",4,716,0.0205420496823027
"robustness",4,717,0.0227014661273946
"robustness",4,718,0.0220926175689692
"robustness",4,719,0.0200027808046059
"robustness",4,720,0.0217946033949607
"robustness",4,721,0.0224784626521435
"robustness",4,722,0.0206447656732375
"robustness",4,723,0.0193479412668978
"robustness",4,724,0.0184176403047811
"robustness",4,725,0.0200744597109133
"robustness",4,726,0.0193896673732342
"robustness",4,727,0.0230502896484728
"robustness",4,728,0.0171152342820075
"robustness",4,729,0.0204389366527439
"robustness",4,730,0.0248739903858517
"robustness",4,731,0.0232313248084675
"robustness",4,732,0.0214593851513751
"robustness",4,733,0.0156518235227663
"robustness",4,734,0.0186893842130793
"robustness",4,735,0.0206901721812695
"robustness",4,736,0.021147653696885
"robustness",4,737,0.0190449162157112
"robustness",4,738,0.0187634666291969
"robustness",4,739,0.0209182987527778
"robustness",4,740,0.0173795344845026
"robustness",4,741,0.0219860891407135
"robustness",4,742,0.0233690994578144
"robustness",4,743,0.02052613052088
"robustness",4,744,0.0201457550958028
"robustness",4,745,0.0222601377552433
"robustness",4,746,0.0208207410716168
"robustness",4,747,0.0226178029692895
"robustness",4,748,0.0186599321359013
"robustness",4,749,0.0220754889244228
"robustness",4,750,0.0200636219721474
"robustness",4,751,0.0235051682487934
"robustness",4,752,0.0215140094395227
"robustness",4,753,0.0211021237007943
"robustness",4,754,0.0206704148349386
"robustness",4,755,0.0243369867363557
"robustness",4,756,0.0213676330813395
"robustness",4,757,0.0239532313776652
"robustness",4,758,0.0223987023820162
"robustness",4,759,0.0216102630239795
"robustness",4,760,0.0200163772596979
"robustness",4,761,0.0181995845388841
"robustness",4,762,0.0224049477796852
"robustness",4,763,0.0208186768240363
"robustness",4,764,0.0203964317920997
"robustness",4,765,0.0227204818182602
"robustness",4,766,0.0241052600230474
"robustness",4,767,0.0222963282627192
"robustness",4,768,0.0249728041972315
"robustness",4,769,0.0200269773069966
"robustness",4,770,0.0196631506812224
"robustness",4,771,0.0212666957552493
"robustness",4,772,0.0227914618542234
"robustness",4,773,0.0198009342791398
"robustness",4,774,0.0233819452430206
"robustness",4,775,0.0227247029093422
"robustness",4,776,0.0236232262848033
"robustness",4,777,0.0191492499513986
"robustness",4,778,0.0196147824964328
"robustness",4,779,0.0228974841775982
"robustness",4,780,0.0199570452708149
"robustness",4,781,0.0242894717361432
"robustness",4,782,0.0193233246343422
"robustness",4,783,0.0215765747533035
"robustness",4,784,0.0189506101439606
"robustness",4,785,0.0217508943021216
"robustness",4,786,0.0222388458888896
"robustness",4,787,0.018992288301443
"robustness",4,788,0.0218229590711533
"robustness",4,789,0.0226071470373735
"robustness",4,790,0.0229402099381835
"robustness",4,791,0.0191770079852416
"robustness",4,792,0.0214118911722957
"robustness",4,793,0.0185087673415286
"robustness",4,794,0.0202705084546064
"robustness",4,795,0.020925866797079
"robustness",4,796,0.0204553393970767
"robustness",4,797,0.0253630091761074
"robustness",4,798,0.0212084277290971
"robustness",4,799,0.0227601050683513
"robustness",4,800,0.0187140973901893
"robustness",4,801,0.021723366721381
"robustness",4,802,0.0219003316928964
"robustness",4,803,0.0223194157786734
"robustness",4,804,0.0208028266039153
"robustness",4,805,0.0202242138820488
"robustness",4,806,0.0199006226035932
"robustness",4,807,0.0201973753323445
"robustness",4,808,0.0221412277802584
"robustness",4,809,0.0233002538806431
"robustness",4,810,0.0230525369688358
"robustness",4,811,0.0222258581330122
"robustness",4,812,0.0230823587214834
"robustness",4,813,0.0212981362531827
"robustness",4,814,0.0210468503738344
"robustness",4,815,0.020785332001917
"robustness",4,816,0.0220261441099966
"robustness",4,817,0.0234483720842861
"robustness",4,818,0.0213762025091083
"robustness",4,819,0.0225546248108444
"robustness",4,820,0.020684591358916
"robustness",4,821,0.0194132140502189
"robustness",4,822,0.0164909454951874
"robustness",4,823,0.0239978063606358
"robustness",4,824,0.0210260361167212
"robustness",4,825,0.0227325583828606
"robustness",4,826,0.0224301926938429
"robustness",4,827,0.0175271020863652
"robustness",4,828,0.0212830055671015
"robustness",4,829,0.0186915814667173
"robustness",4,830,0.022636538981213
"robustness",4,831,0.0232575041516759
"robustness",4,832,0.0254192945024538
"robustness",4,833,0.021373065779143
"robustness",4,834,0.025637481780173
"robustness",4,835,0.0218477508340741
"robustness",4,836,0.0217057285017035
"robustness",4,837,0.022521713750934
"robustness",4,838,0.0230139730646427
"robustness",4,839,0.0211575075004875
"robustness",4,840,0.0251697929739208
"robustness",4,841,0.0192481191722304
"robustness",4,842,0.0252748491750643
"robustness",4,843,0.0184930481984678
"robustness",4,844,0.021834119972962
"robustness",4,845,0.0254754436374139
"robustness",4,846,0.0212848682431165
"robustness",4,847,0.0216829098358662
"robustness",4,848,0.0211937236026019
"robustness",4,849,0.0228451933863097
"robustness",4,850,0.0181955464722911
"robustness",4,851,0.0242648468822976
"robustness",4,852,0.0196521863679525
"robustness",4,853,0.0199564146881058
"robustness",4,854,0.0214137398439221
"robustness",4,855,0.0209132718426982
"robustness",4,856,0.0228386214698257
"robustness",4,857,0.0214856531839216
"robustness",4,858,0.0237639363344741
"robustness",4,859,0.0239911334994828
"robustness",4,860,0.0216867274543061
"robustness",4,861,0.0219643046340831
"robustness",4,862,0.0193387755774679
"robustness",4,863,0.0196773378220372
"robustness",4,864,0.0227626063408881
"robustness",4,865,0.0189372944619545
"robustness",4,866,0.0227106395441053
"robustness",4,867,0.021779892365928
"robustness",4,868,0.0231514036094339
"robustness",4,869,0.0219679022690158
"robustness",4,870,0.022844059849875
"robustness",4,871,0.0193485613148539
"robustness",4,872,0.0229246772805062
"robustness",4,873,0.0223032850300973
"robustness",4,874,0.0185759800544164
"robustness",4,875,0.0245049483909722
"robustness",4,876,0.0188967134096095
"robustness",4,877,0.0192649087171647
"robustness",4,878,0.0216146857998587
"robustness",4,879,0.0197174228248125
"robustness",4,880,0.0203507024484668
"robustness",4,881,0.0202806575710476
"robustness",4,882,0.0203912951729593
"robustness",4,883,0.0228816258338905
"robustness",4,884,0.0223934440853885
"robustness",4,885,0.0228756579601584
"robustness",4,886,0.0242886774302771
"robustness",4,887,0.0251436144702831
"robustness",4,888,0.0216035014006559
"robustness",4,889,0.0215393509586722
"robustness",4,890,0.0194069122671012
"robustness",4,891,0.0199291679913151
"robustness",4,892,0.0234682712933702
"robustness",4,893,0.0216397417853342
"robustness",4,894,0.020600383852331
"robustness",4,895,0.0228880117726772
"robustness",4,896,0.0200378071330742
"robustness",4,897,0.0216887796019463
"robustness",4,898,0.0226393533403324
"robustness",4,899,0.0185843251104576
"robustness",4,900,0.019481819739648
"robustness",4,901,0.0235503968815393
"robustness",4,902,0.0214052597243918
"robustness",4,903,0.0213205768719223
"robustness",4,904,0.0234322642263244
"robustness",4,905,0.0217297123028812
"robustness",4,906,0.0214560941516362
"robustness",4,907,0.0203967194939975
"robustness",4,908,0.0224000829916102
"robustness",4,909,0.0217905303461287
"robustness",4,910,0.0204322751523316
"robustness",4,911,0.0215138265946543
"robustness",4,912,0.0197687246132359
"robustness",4,913,0.0257603765070456
"robustness",4,914,0.0240011801153026
"robustness",4,915,0.0197155240266837
"robustness",4,916,0.0173694337447088
"robustness",4,917,0.0223726862565769
"robustness",4,918,0.0230031779018614
"robustness",4,919,0.0218176715326342
"robustness",4,920,0.0233880933564531
"robustness",4,921,0.0228881713284518
"robustness",4,922,0.0245881588388731
"robustness",4,923,0.020815875637324
"robustness",4,924,0.0206112545722949
"robustness",4,925,0.0209754099454979
"robustness",4,926,0.0222151755714919
"robustness",4,927,0.0208216931653038
"robustness",4,928,0.0199137200763661
"robustness",4,929,0.0199470248397093
"robustness",4,930,0.0177901222479052
"robustness",4,931,0.0201141341460985
"robustness",4,932,0.0195238700857047
"robustness",4,933,0.0227501517430669
"robustness",4,934,0.0227717452522048
"robustness",4,935,0.0201595658684651
"robustness",4,936,0.0227162596697704
"robustness",4,937,0.0232641186533692
"robustness",4,938,0.0256778995912158
"robustness",4,939,0.01950668388579
"robustness",4,940,0.019391158593533
"robustness",4,941,0.02071181128876
"robustness",4,942,0.0248284856900073
"robustness",4,943,0.0228510589738743
"robustness",4,944,0.0220249041350396
"robustness",4,945,0.0214910889179281
"robustness",4,946,0.0218098294857653
"robustness",4,947,0.0223853139623301
"robustness",4,948,0.0238888971243993
"robustness",4,949,0.0184323337191078
"robustness",4,950,0.0201158196260495
"robustness",4,951,0.0211097482517202
"robustness",4,952,0.0212119153570298
"robustness",4,953,0.0232203832021602
"robustness",4,954,0.0215764205061223
"robustness",4,955,0.0160099161525458
"robustness",4,956,0.0187512108581135
"robustness",4,957,0.0228093251441807
"robustness",4,958,0.0190290013592876
"robustness",4,959,0.0225183497670642
"robustness",4,960,0.0212291734838971
"robustness",4,961,0.0199753661260812
"robustness",4,962,0.0198308253224265
"robustness",4,963,0.0243444186158713
"robustness",4,964,0.0222416346384589
"robustness",4,965,0.0239666814964586
"robustness",4,966,0.0210693151251144
"robustness",4,967,0.0212078091214896
"robustness",4,968,0.0185181092454858
"robustness",4,969,0.0196247254588619
"robustness",4,970,0.0212195465387226
"robustness",4,971,0.0212463600033897
"robustness",4,972,0.0193402609790344
"robustness",4,973,0.0207750424554904
"robustness",4,974,0.0248597036808214
"robustness",4,975,0.0197883471529132
"robustness",4,976,0.0207454089959592
"robustness",4,977,0.0192198356423131
"robustness",4,978,0.019694801100931
"robustness",4,979,0.0241698401608878
"robustness",4,980,0.0194020308923547
"robustness",4,981,0.0204380465188266
"robustness",4,982,0.0194930516352086
"robustness",4,983,0.0212800154666626
"robustness",4,984,0.0246905026436624
"robustness",4,985,0.025340301605359
"robustness",4,986,0.0191547590204923
"robustness",4,987,0.0237394262872932
"robustness",4,988,0.0226126300097832
"robustness",4,989,0.0252113996844575
"robustness",4,990,0.0227244512103182
"robustness",4,991,0.02042559337751
"robustness",4,992,0.0231473014379694
"robustness",4,993,0.0208589658467491
"robustness",4,994,0.0221535050621105
"robustness",4,995,0.0171083484467923
"robustness",4,996,0.0236984854114211
"robustness",4,997,0.0198994934468255
"robustness",4,998,0.0234656495934017
"robustness",4,999,0.0194406275475977
"robustness",4,1000,0.0244765275569685
